-15 0 1 -15 0 0.75714 0 0 0 0 0 -2.20753 -0 0 0 -0 0 0 0 0 0 0 0 0 0 0 0 0 0 1 10000 10000 10000 10000
-15 0 1 -15 0 0.746043 0 0 0 0 0 -2.22833 -0 0 0 -0 0 0 0 0 0 0 0 0 0 0 0 0 0 1 19764.9 19764.9 19764.9 19764.9
-15 0 1 -15 0 0.735026 0 0 0 0 0 -2.16727 -0 0 0 -0 0 0 0 0 0 0 0 0 0 0 0 0 0 1 19680.1 19680.1 19680.1 19680.1
-15 0 1 -15 0 0.724233 0 0 0 0 0 -2.10672 -0 0 0 -0 0 0 0 0 0 0 0 0 0 0 0 0 0 1 19595.1 19595.1 19595.1 19595.1
-15 0 1 -15 0 0.713583 0 0 0 0 0 -2.0462 -0 0 0 -0 0 0 0 0 0 0 0 0 0 0 0 0 0 1 19509.3 19509.3 19509.3 19509.3
-15 0 1 -15 0 0.70343 0 0 0 0 0 -1.98776 -0 0 0 -0 0 0 0 0 0 0 0 0 0 0 0 0 0 1 19425.6 19425.6 19425.6 19425.6
-15 0 1 -15 0 0.693532 0 0 0 0 0 -1.93002 -0 0 0 -0 0 0 0 0 0 0 0 0 0 0 0 0 0 1 19342 19342 19342 19342
-15 0 1 -15 0 0.683899 0 0 0 0 0 -1.87306 -0 0 0 -0 0 0 0 0 0 0 0 0 0 0 0 0 0 1 19258.7 19258.7 19258.7 19258.7
-15 0 1 -15 0 0.674407 0 0 0 0 0 -1.81616 -0 0 0 -0 0 0 0 0 0 0 0 0 0 0 0 0 0 1 19174.6 19174.6 19174.6 19174.6
-15 0 1 -15 0 0.665449 0 0 0 0 0 -1.76168 -0 0 0 -0 0 0 0 0 0 0 0 0 0 0 0 0 0 1 19093.3 19093.3 19093.3 19093.3
-15 0 1 -15 0 0.656644 0 0 0 0 0 -1.70735 -0 0 0 -0 0 0 0 0 0 0 0 0 0 0 0 0 0 1 19011.3 19011.3 19011.3 19011.3
-15 0 1 -15 0 0.648018 0 0 0 0 0 -1.65333 -0 0 0 -0 0 0 0 0 0 0 0 0 0 0 0 0 0 1 18929 18929 18929 18929
-15 0 1 -15 0 0.639805 0 0 0 0 0 -1.6011 -0 0 0 -0 0 0 0 0 0 0 0 0 0 0 0 0 0 1 18848.6 18848.6 18848.6 18848.6
-15 0 1 -15 0 0.63182 0 0 0 0 0 -1.54952 -0 0 0 -0 0 0 0 0 0 0 0 0 0 0 0 0 0 1 18768.3 18768.3 18768.3 18768.3
-15 0 1 -15 0 0.623976 0 0 0 0 0 -1.49804 -0 0 0 -0 0 0 0 0 0 0 0 0 0 0 0 0 0 1 18687.4 18687.4 18687.4 18687.4
-15 0 1 -15 0 0.616586 0 0 0 0 0 -1.44871 -0 0 0 -0 0 0 0 0 0 0 0 0 0 0 0 0 0 1 18609 18609 18609 18609
-15 0 1 -15 0 0.609332 0 0 0 0 0 -1.39947 -0 0 0 -0 0 0 0 0 0 0 0 0 0 0 0 0 0 1 18529.9 18529.9 18529.9 18529.9
-15 0 1 -15 0 0.602323 0 0 0 0 0 -1.35106 -0 0 0 -0 0 0 0 0 0 0 0 0 0 0 0 0 0 1 18451.4 18451.4 18451.4 18451.4
-15 0 1 -15 0 0.595574 0 0 0 0 0 -1.30359 -0 0 0 -0 0 0 0 0 0 0 0 0 0 0 0 0 0 1 18373.6 18373.6 18373.6 18373.6
-15 0 1 -15 0 0.589064 0 0 0 0 0 -1.25695 -0 0 0 -0 0 0 0 0 0 0 0 0 0 0 0 0 0 1 18296.3 18296.3 18296.3 18296.3
-15 0 1 -15 0 0.582751 0 0 0 0 0 -1.21085 -0 0 0 -0 0 0 0 0 0 0 0 0 0 0 0 0 0 1 18219.1 18219.1 18219.1 18219.1
-15 0 1 -15 0 0.576603 0 0 0 0 0 -1.16506 -0 0 0 -0 0 0 0 0 0 0 0 0 0 0 0 0 0 1 18141.6 18141.6 18141.6 18141.6
-15 0 1 -15 0 0.570884 0 0 0 0 0 -1.12157 -0 0 0 -0 0 0 0 0 0 0 0 0 0 0 0 0 0 1 18067.2 18067.2 18067.2 18067.2
-15 0 1 -15 0 0.565284 0 0 0 0 0 -1.0781 -0 0 0 -0 0 0 0 0 0 0 0 0 0 0 0 0 0 1 17992.1 17992.1 17992.1 17992.1
-15 0 1 -15 0 0.559737 0 0 0 0 0 -1.0341 -0 0 0 -0 0 0 0 0 0 0 0 0 0 0 0 0 0 1 17915.2 17915.2 17915.2 17915.2
-15 0 1 -15 0 0.554695 0 0 0 0 0 -0.993163 -0 0 0 -0 0 0 0 0 0 0 0 0 0 0 0 0 0 1 17842.9 17842.9 17842.9 17842.9
-15 0 1 -15 0 0.549591 0 0 0 0 0 -0.950769 -0 0 0 -0 0 0 0 0 0 0 0 0 0 0 0 0 0 1 17767.3 17767.3 17767.3 17767.3
-15 0 1 -15 0 0.544928 0 0 0 0 0 -0.911064 -0 0 0 -0 0 0 0 0 0 0 0 0 0 0 0 0 0 1 17695.6 17695.6 17695.6 17695.6
-15 0 1 -15 0 0.540337 0 0 0 0 0 -0.870985 -0 0 0 -0 0 0 0 0 0 0 0 0 0 0 0 0 0 1 17622.6 17622.6 17622.6 17622.6
-15 0 1 -15 0 0.536074 0 0 0 0 0 -0.832784 -0 0 0 -0 0 0 0 0 0 0 0 0 0 0 0 0 0 1 17552.1 17552.1 17552.1 17552.1
-15 0 1 -15 0 0.531829 0 0 0 0 0 -0.793712 -0 0 0 -0 0 0 0 0 0 0 0 0 0 0 0 0 0 1 17479.4 17479.4 17479.4 17479.4
-15 0 1 -15 0 0.527857 0 0 0 0 0 -0.756071 -0 0 0 -0 0 0 0 0 0 0 0 0 0 0 0 0 0 1 17408.5 17408.5 17408.5 17408.5
-15 0 1 -15 0 0.524156 0 0 0 0 0 -0.719942 -0 0 0 -0 0 0 0 0 0 0 0 0 0 0 0 0 0 1 17339.7 17339.7 17339.7 17339.7
-15 0 1 -15 0 0.520539 0 0 0 0 0 -0.683546 -0 0 0 -0 0 0 0 0 0 0 0 0 0 0 0 0 0 1 17269.6 17269.6 17269.6 17269.6
-15 0 1 -15 0 0.517066 0 0 0 0 0 -0.647432 -0 0 0 -0 0 0 0 0 0 0 0 0 0 0 0 0 0 1 17199.3 17199.3 17199.3 17199.3
-15 0 1 -15 0 0.513897 0 0 0 0 0 -0.613322 -0 0 0 -0 0 0 0 0 0 0 0 0 0 0 0 0 0 1 17132.2 17132.2 17132.2 17132.2
-15 0 1 -15 0 0.510796 0 0 0 0 0 -0.57874 -0 0 0 -0 0 0 0 0 0 0 0 0 0 0 0 0 0 1 17063.4 17063.4 17063.4 17063.4
-15 0 1 -15 0 0.507892 0 0 0 0 0 -0.54509 -0 0 0 -0 0 0 0 0 0 0 0 0 0 0 0 0 0 1 16995.7 16995.7 16995.7 16995.7
-15 0 1 -15 0 0.505171 0 0 0 0 0 -0.512276 -0 0 0 -0 0 0 0 0 0 0 0 0 0 0 0 0 0 1 16929 16929 16929 16929
-15 0 1 -15 0 0.502643 0 0 0 0 0 -0.480453 -0 0 0 -0 0 0 0 0 0 0 0 0 0 0 0 0 0 1 16863.5 16863.5 16863.5 16863.5
-15 0 1 -15 0 0.500234 0 0 0 0 0 -0.448768 -0 0 0 -0 0 0 0 0 0 0 0 0 0 0 0 0 0 1 16797.6 16797.6 16797.6 16797.6
-15 0 1 -15 0 0.497921 0 0 0 0 0 -0.416829 -0 0 0 -0 0 0 0 0 0 0 0 0 0 0 0 0 0 1 16730.4 16730.4 16730.4 16730.4
-15 0 1 -15 0 0.495902 0 0 0 0 0 -0.387447 -0 0 0 -0 0 0 0 0 0 0 0 0 0 0 0 0 0 1 16667.8 16667.8 16667.8 16667.8
-15 0 1 -15 0 0.493969 0 0 0 0 0 -0.357769 -0 0 0 -0 0 0 0 0 0 0 0 0 0 0 0 0 0 1 16604 16604 16604 16604
-15 0 1 -15 0 0.492134 0 0 0 0 0 -0.327876 -0 0 0 -0 0 0 0 0 0 0 0 0 0 0 0 0 0 1 16538.9 16538.9 16538.9 16538.9
-15 0 1 -15 0 0.490474 0 0 0 0 0 -0.298987 -0 0 0 -0 0 0 0 0 0 0 0 0 0 0 0 0 0 1 16475.3 16475.3 16475.3 16475.3
-15 0 1 -15 0 0.489033 0 0 0 0 0 -0.272058 -0 0 0 -0 0 0 0 0 0 0 0 0 0 0 0 0 0 1 16415.3 16415.3 16415.3 16415.3
-15 0 1 -15 0 0.487659 0 0 0 0 0 -0.24441 -0 0 0 -0 0 0 0 0 0 0 0 0 0 0 0 0 0 1 16352.9 16352.9 16352.9 16352.9
-15 0 1 -15 0 0.486427 0 0 0 0 0 -0.217381 -0 0 0 -0 0 0 0 0 0 0 0 0 0 0 0 0 0 1 16291.3 16291.3 16291.3 16291.3
-15 0 1 -15 0 0.485353 0 0 0 0 0 -0.191485 -0 0 0 -0 0 0 0 0 0 0 0 0 0 0 0 0 0 1 16231.5 16231.5 16231.5 16231.5
-15 0 1 -15 0 0.484404 0 0 0 0 0 -0.166041 -0 0 0 -0 0 0 0 0 0 0 0 0 0 0 0 0 0 1 16172.1 16172.1 16172.1 16172.1
-15 0 1 -15 0 0.483565 0 0 0 0 0 -0.140643 -0 0 0 -0 0 0 0 0 0 0 0 0 0 0 0 0 0 1 16112.1 16112.1 16112.1 16112.1
-15 0 1 -15 0 0.482864 0 0 0 0 0 -0.116141 -0 0 0 -0 0 0 0 0 0 0 0 0 0 0 0 0 0 1 16053.5 16053.5 16053.5 16053.5
-15 0 1 -15 0 0.48226 0 0 0 0 0 -0.0911325 -0 0 0 -0 0 0 0 0 0 0 0 0 0 0 0 0 0 1 15993 15993 15993 15993
-15 0 1 -15 0 0.481815 0 0 0 0 0 -0.0681732 -0 0 0 -0 0 0 0 0 0 0 0 0 0 0 0 0 0 1 15936.7 15936.7 15936.7 15936.7
-15 0 1 -15 0 0.481477 0 0 0 0 0 -0.0453718 -0 0 0 -0 0 0 0 0 0 0 0 0 0 0 0 0 0 1 15880.1 15880.1 15880.1 15880.1
-15 0 1 -15 0 0.481253 0 0 0 0 0 -0.0232095 -0 0 0 -0 0 0 0 0 0 0 0 0 0 0 0 0 0 1 15824.5 15824.5 15824.5 15824.5
-15 0 1 -15 0 0.481137 0 0 0 0 0 -0.0013121 -0 0 0 -0 0 0 0 0 0 0 0 0 0 0 0 0 0 1 15768.8 15768.8 15768.8 15768.8
-15 0 1 -15 0 0.481131 0 0 0 0 0 0.0207074 -0 0 0 -0 0 0 0 0 0 0 0 0 0 0 0 0 0 1 15712.1 15712.1 15712.1 15712.1
-15 0 1 -15 0 0.481233 0 0 0 0 0 0.0414077 -0 0 0 -0 0 0 0 0 0 0 0 0 0 0 0 0 0 1 15658.1 15658.1 15658.1 15658.1
-15 0 1 -15 0 0.48144 0 0 0 0 0 0.0618569 -0 0 0 -0 0 0 0 0 0 0 0 0 0 0 0 0 0 1 15604.1 15604.1 15604.1 15604.1
-15 0 1 -15 0 0.481746 0 0 0 0 0 0.081675 -0 0 0 -0 0 0 0 0 0 0 0 0 0 0 0 0 0 1 15551.1 15551.1 15551.1 15551.1
-15 0 1 -15 0 0.482154 0 0 0 0 0 0.101194 -0 0 0 -0 0 0 0 0 0 0 0 0 0 0 0 0 0 1 15498.2 15498.2 15498.2 15498.2
-15 0 1 -15 0 0.48266 0 0 0 0 0 0.120283 -0 0 0 -0 0 0 0 0 0 0 0 0 0 0 0 0 0 1 15445.8 15445.8 15445.8 15445.8
-15 0 1 -15 0 0.483267 0 0 0 0 0 0.139065 -0 0 0 -0 0 0 0 0 0 0 0 0 0 0 0 0 0 1 15393.5 15393.5 15393.5 15393.5
-15 0 1 -15 0 0.483974 0 0 0 0 0 0.157538 -0 0 0 -0 0 0 0 0 0 0 0 0 0 0 0 0 0 1 15341.5 15341.5 15341.5 15341.5
-15 0 1 -15 0 0.484754 0 0 0 0 0 0.175066 -0 0 0 -0 0 0 0 0 0 0 0 0 0 0 0 0 0 1 15291.3 15291.3 15291.3 15291.3
-15 0 1 -15 0 0.485617 0 0 0 0 0 0.192075 -0 0 0 -0 0 0 0 0 0 0 0 0 0 0 0 0 0 1 15242.1 15242.1 15242.1 15242.1
-15 0 1 -15 0 0.486587 0 0 0 0 0 0.20909 -0 0 0 -0 0 0 0 0 0 0 0 0 0 0 0 0 0 1 15192.1 15192.1 15192.1 15192.1
-15 0 1 -15 0 0.487622 0 0 0 0 0 0.225343 -0 0 0 -0 0 0 0 0 0 0 0 0 0 0 0 0 0 1 15143.6 15143.6 15143.6 15143.6
-15 0 1 -15 0 0.488759 0 0 0 0 0 0.241471 -0 0 0 -0 0 0 0 0 0 0 0 0 0 0 0 0 0 1 15094.9 15094.9 15094.9 15094.9
-15 0 1 -15 0 0.489954 0 0 0 0 0 0.256887 -0 0 0 -0 0 0 0 0 0 0 0 0 0 0 0 0 0 1 15047.7 15047.7 15047.7 15047.7
-15 0 1 -15 0 0.491237 0 0 0 0 0 0.272045 -0 0 0 -0 0 0 0 0 0 0 0 0 0 0 0 0 0 1 15000.5 15000.5 15000.5 15000.5
-15 0 1 -15 0 0.492599 0 0 0 0 0 0.286828 -0 0 0 -0 0 0 0 0 0 0 0 0 0 0 0 0 0 1 14953.9 14953.9 14953.9 14953.9
-15 0 1 -15 0 0.494093 0 0 0 0 0 0.301801 -0 0 0 -0 0 0 0 0 0 0 0 0 0 0 0 0 0 1 14905.9 14905.9 14905.9 14905.9
-15 0 1 -15 0 0.495538 0 0 0 0 0 0.315182 -0 0 0 -0 0 0 0 0 0 0 0 0 0 0 0 0 0 1 14862.4 14862.4 14862.4 14862.4
-15 0 1 -15 0 0.497115 0 0 0 0 0 0.328789 -0 0 0 -0 0 0 0 0 0 0 0 0 0 0 0 0 0 1 14817.5 14817.5 14817.5 14817.5
-15 0 1 -15 0 0.498777 0 0 0 0 0 0.342158 -0 0 0 -0 0 0 0 0 0 0 0 0 0 0 0 0 0 1 14772.7 14772.7 14772.7 14772.7
-15 0 1 -15 0 0.500486 0 0 0 0 0 0.354984 -0 0 0 -0 0 0 0 0 0 0 0 0 0 0 0 0 0 1 14729 14729 14729 14729
-15 0 1 -15 0 0.502272 0 0 0 0 0 0.367545 -0 0 0 -0 0 0 0 0 0 0 0 0 0 0 0 0 0 1 14685.5 14685.5 14685.5 14685.5
-15 0 1 -15 0 0.5041 0 0 0 0 0 0.379595 -0 0 0 -0 0 0 0 0 0 0 0 0 0 0 0 0 0 1 14643.1 14643.1 14643.1 14643.1
-15 0 1 -15 0 0.505977 0 0 0 0 0 0.391227 -0 0 0 -0 0 0 0 0 0 0 0 0 0 0 0 0 0 1 14601.5 14601.5 14601.5 14601.5
-15 0 1 -15 0 0.507932 0 0 0 0 0 0.402645 -0 0 0 -0 0 0 0 0 0 0 0 0 0 0 0 0 0 1 14560 14560 14560 14560
-15 0 1 -15 0 0.509967 0 0 0 0 0 0.413839 -0 0 0 -0 0 0 0 0 0 0 0 0 0 0 0 0 0 1 14518.5 14518.5 14518.5 14518.5
-15 0 1 -15 0 0.512039 0 0 0 0 0 0.424585 -0 0 0 -0 0 0 0 0 0 0 0 0 0 0 0 0 0 1 14478.1 14478.1 14478.1 14478.1
-15 0 1 -15 0 0.514146 0 0 0 0 0 0.434907 -0 0 0 -0 0 0 0 0 0 0 0 0 0 0 0 0 0 1 14438.5 14438.5 14438.5 14438.5
-15 0 1 -15 0 0.516357 0 0 0 0 0 0.445156 -0 0 0 -0 0 0 0 0 0 0 0 0 0 0 0 0 0 1 14398.5 14398.5 14398.5 14398.5
-15 0 1 -15 0 0.518532 0 0 0 0 0 0.454682 -0 0 0 -0 0 0 0 0 0 0 0 0 0 0 0 0 0 1 14360.6 14360.6 14360.6 14360.6
-15 0 1 -15 0 0.520824 0 0 0 0 0 0.464201 -0 0 0 -0 0 0 0 0 0 0 0 0 0 0 0 0 0 1 14322.1 14322.1 14322.1 14322.1
-15 0 1 -15 0 0.523128 0 0 0 0 0 0.47326 -0 0 0 -0 0 0 0 0 0 0 0 0 0 0 0 0 0 1 14284.7 14284.7 14284.7 14284.7
-15 0 1 -15 0 0.525527 0 0 0 0 0 0.482204 -0 0 0 -0 0 0 0 0 0 0 0 0 0 0 0 0 0 1 14247 14247 14247 14247
-15 0 1 -15 0 0.5279 0 0 0 0 0 0.490589 -0 0 0 -0 0 0 0 0 0 0 0 0 0 0 0 0 0 1 14210.9 14210.9 14210.9 14210.9
-15 0 1 -15 0 0.530423 0 0 0 0 0 0.499052 -0 0 0 -0 0 0 0 0 0 0 0 0 0 0 0 0 0 1 14173.8 14173.8 14173.8 14173.8
-15 0 1 -15 0 0.532883 0 0 0 0 0 0.506869 -0 0 0 -0 0 0 0 0 0 0 0 0 0 0 0 0 0 1 14138.8 14138.8 14138.8 14138.8
-15 0 1 -15 0 0.535442 0 0 0 0 0 0.51459 -0 0 0 -0 0 0 0 0 0 0 0 0 0 0 0 0 0 1 14103.4 14103.4 14103.4 14103.4
-15 0 1 -15 0 0.537956 0 0 0 0 0 0.521785 -0 0 0 -0 0 0 0 0 0 0 0 0 0 0 0 0 0 1 14069.7 14069.7 14069.7 14069.7
-15 0 1 -15 0 0.540587 0 0 0 0 0 0.528938 -0 0 0 -0 0 0 0 0 0 0 0 0 0 0 0 0 0 1 14035.4 14035.4 14035.4 14035.4
-15 0 1 -15 0 0.543235 0 0 0 0 0 0.535769 -0 0 0 -0 0 0 0 0 0 0 0 0 0 0 0 0 0 1 14001.9 14001.9 14001.9 14001.9
-15 0 1 -15 0 0.545955 0 0 0 0 0 0.542422 -0 0 0 -0 0 0 0 0 0 0 0 0 0 0 0 0 0 1 13968.4 13968.4 13968.4 13968.4
-15 0 1 -15 0 0.548598 0 0 0 0 0 0.548553 -0 0 0 -0 0 0 0 0 0 0 0 0 0 0 0 0 0 1 13936.8 13936.8 13936.8 13936.8
-15 0 1 -15 0 0.551359 0 0 0 0 0 0.554631 -0 0 0 -0 0 0 0 0 0 0 0 0 0 0 0 0 0 1 13904.6 13904.6 13904.6 13904.6
-15 0 1 -15 0 0.554121 0 0 0 0 0 0.560392 -0 0 0 -0 0 0 0 0 0 0 0 0 0 0 0 0 0 1 13873.3 13873.3 13873.3 13873.3
-15 0 1 -15 0 0.556997 0 0 0 0 0 0.566077 -0 0 0 -0 0 0 0 0 0 0 0 0 0 0 0 0 0 1 13841.6 13841.6 13841.6 13841.6
-15 0 1 -15 0 0.559795 0 0 0 0 0 0.571305 -0 0 0 -0 0 0 0 0 0 0 0 0 0 0 0 0 0 1 13811.5 13811.5 13811.5 13811.5
-15 0 1 -15 0 0.562628 0 0 0 0 0 0.576317 -0 0 0 -0 0 0 0 0 0 0 0 0 0 0 0 0 0 1 13781.8 13781.8 13781.8 13781.8
-15 0 1 -15 0 0.565518 0 0 0 0 0 0.581152 -0 0 0 -0 0 0 0 0 0 0 0 0 0 0 0 0 0 1 13752.3 13752.3 13752.3 13752.3
-15 0 1 -15 0 0.568396 0 0 0 0 0 0.585697 -0 0 0 -0 0 0 0 0 0 0 0 0 0 0 0 0 0 1 13723.6 13723.6 13723.6 13723.6
-15 0 1 -15 0 0.571361 0 0 0 0 0 0.590119 -0 0 0 -0 0 0 0 0 0 0 0 0 0 0 0 0 0 1 13694.8 13694.8 13694.8 13694.8
-15 0 1 -15 0 0.574267 0 0 0 0 0 0.594198 -0 0 0 -0 0 0 0 0 0 0 0 0 0 0 0 0 0 1 13667.2 13667.2 13667.2 13667.2
-15 0 1 -15 0 0.577244 0 0 0 0 0 0.598134 -0 0 0 -0 0 0 0 0 0 0 0 0 0 0 0 0 0 1 13639.6 13639.6 13639.6 13639.6
-15 0 1 -15 0 0.580314 0 0 0 0 0 0.601947 -0 0 0 -0 0 0 0 0 0 0 0 0 0 0 0 0 0 1 13611.9 13611.9 13611.9 13611.9
-15 0 1 -15 0 0.583232 0 0 0 0 0 0.60534 -0 0 0 -0 0 0 0 0 0 0 0 0 0 0 0 0 0 1 13586.1 13586.1 13586.1 13586.1
-15 0 1 -15 0 0.58629 0 0 0 0 0 0.608676 -0 0 0 -0 0 0 0 0 0 0 0 0 0 0 0 0 0 1 13559.7 13559.7 13559.7 13559.7
-15 0 1 -15 0 0.589395 0 0 0 0 0 0.611837 -0 0 0 -0 0 0 0 0 0 0 0 0 0 0 0 0 0 1 13533.6 13533.6 13533.6 13533.6
-15 0 1 -15 0 0.592411 0 0 0 0 0 0.614693 -0 0 0 -0 0 0 0 0 0 0 0 0 0 0 0 0 0 1 13508.8 13508.8 13508.8 13508.8
-15 0 1 -15 0 0.59544 0 0 0 0 0 0.617361 -0 0 0 -0 0 0 0 0 0 0 0 0 0 0 0 0 0 1 13484.4 13484.4 13484.4 13484.4
-15 0 1 -15 0 0.598581 0 0 0 0 0 0.619926 -0 0 0 -0 0 0 0 0 0 0 0 0 0 0 0 0 0 1 13459.7 13459.7 13459.7 13459.7
-15 0 1 -15 0 0.60162 0 0 0 0 0 0.622212 -0 0 0 -0 0 0 0 0 0 0 0 0 0 0 0 0 0 1 13436.3 13436.3 13436.3 13436.3
-15 0 1 -15 0 0.604742 0 0 0 0 0 0.624373 -0 0 0 -0 0 0 0 0 0 0 0 0 0 0 0 0 0 1 13412.9 13412.9 13412.9 13412.9
-15 0 1 -15 0 0.607897 0 0 0 0 0 0.626368 -0 0 0 -0 0 0 0 0 0 0 0 0 0 0 0 0 0 1 13389.7 13389.7 13389.7 13389.7
-15 0 1 -15 0 0.61099 0 0 0 0 0 0.628144 -0 0 0 -0 0 0 0 0 0 0 0 0 0 0 0 0 0 1 13367.4 13367.4 13367.4 13367.4
-15 0 1 -15 0 0.614125 0 0 0 0 0 0.629771 -0 0 0 -0 0 0 0 0 0 0 0 0 0 0 0 0 0 1 13345.4 13345.4 13345.4 13345.4
-15 0 1 -15 0 0.617282 0 0 0 0 0 0.631238 -0 0 0 -0 0 0 0 0 0 0 0 0 0 0 0 0 0 1 13323.7 13323.7 13323.7 13323.7
-15 0 1 -15 0 0.620484 0 0 0 0 0 0.632555 -0 0 0 -0 0 0 0 0 0 0 0 0 0 0 0 0 0 1 13302.2 13302.2 13302.2 13302.2
-15 0 1 -15 0 0.623604 0 0 0 0 0 0.633676 -0 0 0 -0 0 0 0 0 0 0 0 0 0 0 0 0 0 1 13281.6 13281.6 13281.6 13281.6
-15 0 1 -15 0 0.626791 0 0 0 0 0 0.634663 -0 0 0 -0 0 0 0 0 0 0 0 0 0 0 0 0 0 1 13261.1 13261.1 13261.1 13261.1
-15 0 1 -15 0 0.629964 0 0 0 0 0 0.63549 -0 0 0 -0 0 0 0 0 0 0 0 0 0 0 0 0 0 1 13241.1 13241.1 13241.1 13241.1
-15 0 1 -15 0 0.633148 0 0 0 0 0 0.636168 -0 0 0 -0 0 0 0 0 0 0 0 0 0 0 0 0 0 1 13221.5 13221.5 13221.5 13221.5
-15 0 1 -15 0 0.636365 0 0 0 0 0 0.636703 -0 0 0 -0 0 0 0 0 0 0 0 0 0 0 0 0 0 1 13202.2 13202.2 13202.2 13202.2
-15 0 1 -15 0 0.639546 0 0 0 0 0 0.637087 -0 0 0 -0 0 0 0 0 0 0 0 0 0 0 0 0 0 1 13183.4 13183.4 13183.4 13183.4
-15 0 1 -15 0 0.642734 0 0 0 0 0 0.637331 -0 0 0 -0 0 0 0 0 0 0 0 0 0 0 0 0 0 1 13165 13165 13165 13165
-15 0 1 -15 0 0.645858 0 0 0 0 0 0.637435 -0 0 0 -0 0 0 0 0 0 0 0 0 0 0 0 0 0 1 13147.4 13147.4 13147.4 13147.4
-15 0 1 -15 0 0.649081 0 0 0 0 0 0.63741 -0 0 0 -0 0 0 0 0 0 0 0 0 0 0 0 0 0 1 13129.6 13129.6 13129.6 13129.6
-15 0 1 -15 0 0.652249 0 0 0 0 0 0.637253 -0 0 0 -0 0 0 0 0 0 0 0 0 0 0 0 0 0 1 13112.5 13112.5 13112.5 13112.5
-15 0 1 -15 0 0.655419 0 0 0 0 0 0.63697 -0 0 0 -0 0 0 0 0 0 0 0 0 0 0 0 0 0 1 13095.8 13095.8 13095.8 13095.8
-15 0 1 -15 0 0.658642 0 0 0 0 0 0.636556 -0 0 0 -0 0 0 0 0 0 0 0 0 0 0 0 0 0 1 13079.1 13079.1 13079.1 13079.1
-15 0 1 -15 0 0.66181 0 0 0 0 0 0.636025 -0 0 0 -0 0 0 0 0 0 0 0 0 0 0 0 0 0 1 13063.1 13063.1 13063.1 13063.1
-15 0 1 -15 0 0.664994 0 0 0 0 0 0.635372 -0 0 0 -0 0 0 0 0 0 0 0 0 0 0 0 0 0 1 13047.3 13047.3 13047.3 13047.3
-15 0 1 -15 0 0.668167 0 0 0 0 0 0.634605 -0 0 0 -0 0 0 0 0 0 0 0 0 0 0 0 0 0 1 13032 13032 13032 13032
-15 0 1 -15 0 0.671313 0 0 0 0 0 0.633731 -0 0 0 -0 0 0 0 0 0 0 0 0 0 0 0 0 0 1 13017.1 13017.1 13017.1 13017.1
-15 0 1 -15 0 0.674581 0 0 0 0 0 0.632708 -0 0 0 -0 0 0 0 0 0 0 0 0 0 0 0 0 0 1 13002 13002 13002 13002
-15 0 1 -15 0 0.67767 0 0 0 0 0 0.63163 -0 0 0 -0 0 0 0 0 0 0 0 0 0 0 0 0 0 1 12988 12988 12988 12988
-15 0 1 -15 0 0.680841 0 0 0 0 0 0.630419 -0 0 0 -0 0 0 0 0 0 0 0 0 0 0 0 0 0 1 12974 12974 12974 12974
-15 0 1 -15 0 0.683957 0 0 0 0 0 0.629125 -0 0 0 -0 0 0 0 0 0 0 0 0 0 0 0 0 0 1 12960.6 12960.6 12960.6 12960.6
-15 0 1 -15 0 0.687108 0 0 0 0 0 0.627714 -0 0 0 -0 0 0 0 0 0 0 0 0 0 0 0 0 0 1 12947.3 12947.3 12947.3 12947.3
-15 0 1 -15 0 0.690267 0 0 0 0 0 0.626198 -0 0 0 -0 0 0 0 0 0 0 0 0 0 0 0 0 0 1 12934.2 12934.2 12934.2 12934.2
-15 0 1 -15 0 0.693383 0 0 0 0 0 0.624604 -0 0 0 -0 0 0 0 0 0 0 0 0 0 0 0 0 0 1 12921.7 12921.7 12921.7 12921.7
-15 0 1 -15 0 0.696531 0 0 0 0 0 0.622896 -0 0 0 -0 0 0 0 0 0 0 0 0 0 0 0 0 0 1 12909.3 12909.3 12909.3 12909.3
-15 0 1 -15 0 0.699698 0 0 0 0 0 0.621081 -0 0 0 -0 0 0 0 0 0 0 0 0 0 0 0 0 0 1 12897.1 12897.1 12897.1 12897.1
-15 0 1 -15 0 0.702718 0 0 0 0 0 0.619259 -0 0 0 -0 0 0 0 0 0 0 0 0 0 0 0 0 0 1 12885.8 12885.8 12885.8 12885.8
-15 0 1 -15 0 0.705838 0 0 0 0 0 0.617287 -0 0 0 -0 0 0 0 0 0 0 0 0 0 0 0 0 0 1 12874.3 12874.3 12874.3 12874.3
-15 0 1 -15 0 0.708898 0 0 0 0 0 0.615264 -0 0 0 -0 0 0 0 0 0 0 0 0 0 0 0 0 0 1 12863.4 12863.4 12863.4 12863.4
-15 0 1 -15 0 0.71197 0 0 0 0 0 0.613147 -0 0 0 -0 0 0 0 0 0 0 0 0 0 0 0 0 0 1 12852.6 12852.6 12852.6 12852.6
-15 0 1 -15 0 0.715047 0 0 0 0 0 0.61094 -0 0 0 -0 0 0 0 0 0 0 0 0 0 0 0 0 0 1 12842.1 12842.1 12842.1 12842.1
-15 0 1 -15 0 0.718115 0 0 0 0 0 0.608655 -0 0 0 -0 0 0 0 0 0 0 0 0 0 0 0 0 0 1 12832 12832 12832 12832
-15 0 1 -15 0 0.721135 0 0 0 0 0 0.606324 -0 0 0 -0 0 0 0 0 0 0 0 0 0 0 0 0 0 1 12822.2 12822.2 12822.2 12822.2
-15 0 1 -15 0 0.724197 0 0 0 0 0 0.603879 -0 0 0 -0 0 0 0 0 0 0 0 0 0 0 0 0 0 1 12812.5 12812.5 12812.5 12812.5
-15 0 1 -15 0 0.727219 0 0 0 0 0 0.601386 -0 0 0 -0 0 0 0 0 0 0 0 0 0 0 0 0 0 1 12803.2 12803.2 12803.2 12803.2
-15 0 1 -15 0 0.730198 0 0 0 0 0 0.598851 -0 0 0 -0 0 0 0 0 0 0 0 0 0 0 0 0 0 1 12794.3 12794.3 12794.3 12794.3
-15 0 1 -15 0 0.733188 0 0 0 0 0 0.596232 -0 0 0 -0 0 0 0 0 0 0 0 0 0 0 0 0 0 1 12785.5 12785.5 12785.5 12785.5
-15 0 1 -15 0 0.736171 0 0 0 0 0 0.593544 -0 0 0 -0 0 0 0 0 0 0 0 0 0 0 0 0 0 1 12777.1 12777.1 12777.1 12777.1
-15 0 1 -15 0 0.739161 0 0 0 0 0 0.590776 -0 0 0 -0 0 0 0 0 0 0 0 0 0 0 0 0 0 1 12768.8 12768.8 12768.8 12768.8
-15 0 1 -15 0 0.742096 0 0 0 0 0 0.587986 -0 0 0 -0 0 0 0 0 0 0 0 0 0 0 0 0 0 1 12760.9 12760.9 12760.9 12760.9
-15 0 1 -15 0 0.745037 0 0 0 0 0 0.585119 -0 0 0 -0 0 0 0 0 0 0 0 0 0 0 0 0 0 1 12753.2 12753.2 12753.2 12753.2
-15 0 1 -15 0 0.747981 0 0 0 0 0 0.58218 -0 0 0 -0 0 0 0 0 0 0 0 0 0 0 0 0 0 1 12745.7 12745.7 12745.7 12745.7
-15 0 1 -15 0 0.750905 0 0 0 0 0 0.579192 -0 0 0 -0 0 0 0 0 0 0 0 0 0 0 0 0 0 1 12738.5 12738.5 12738.5 12738.5
-15 0 1 -15 0 0.753766 0 0 0 0 0 0.576202 -0 0 0 -0 0 0 0 0 0 0 0 0 0 0 0 0 0 1 12731.7 12731.7 12731.7 12731.7
-15 0 1 -15 0 0.756643 0 0 0 0 0 0.57313 -0 0 0 -0 0 0 0 0 0 0 0 0 0 0 0 0 0 1 12725 12725 12725 12725
-15 0 1 -15 0 0.759535 0 0 0 0 0 0.569977 -0 0 0 -0 0 0 0 0 0 0 0 0 0 0 0 0 0 1 12718.5 12718.5 12718.5 12718.5
-15 0 1 -15 0 0.762417 0 0 0 0 0 0.56677 -0 0 0 -0 0 0 0 0 0 0 0 0 0 0 0 0 0 1 12712.2 12712.2 12712.2 12712.2
-15 0 1 -15 0 0.765215 0 0 0 0 0 0.563594 -0 0 0 -0 0 0 0 0 0 0 0 0 0 0 0 0 0 1 12706.3 12706.3 12706.3 12706.3
-15 0 1 -15 0 0.768018 0 0 0 0 0 0.560352 -0 0 0 -0 0 0 0 0 0 0 0 0 0 0 0 0 0 1 12700.6 12700.6 12700.6 12700.6
-15 0 1 -15 0 0.770832 0 0 0 0 0 0.557036 -0 0 0 -0 0 0 0 0 0 0 0 0 0 0 0 0 0 1 12695 12695 12695 12695
-15 0 1 -15 0 0.773617 0 0 0 0 0 0.553696 -0 0 0 -0 0 0 0 0 0 0 0 0 0 0 0 0 0 1 12689.7 12689.7 12689.7 12689.7
-15 0 1 -15 0 0.776372 0 0 0 0 0 0.550333 -0 0 0 -0 0 0 0 0 0 0 0 0 0 0 0 0 0 1 12684.6 12684.6 12684.6 12684.6
-15 0 1 -15 0 0.779118 0 0 0 0 0 0.546924 -0 0 0 -0 0 0 0 0 0 0 0 0 0 0 0 0 0 1 12679.7 12679.7 12679.7 12679.7
-15 0 1 -15 0 0.781856 0 0 0 0 0 0.54347 -0 0 0 -0 0 0 0 0 0 0 0 0 0 0 0 0 0 1 12675.1 12675.1 12675.1 12675.1
-15 0 1 -15 0 0.784663 0 0 0 0 0 0.53987 -0 0 0 -0 0 0 0 0 0 0 0 0 0 0 0 0 0 1 12670.4 12670.4 12670.4 12670.4
-15 0 1 -15 0 0.787276 0 0 0 0 0 0.536466 -0 0 0 -0 0 0 0 0 0 0 0 0 0 0 0 0 0 1 12666.3 12666.3 12666.3 12666.3
-15 0 1 -15 0 0.789951 0 0 0 0 0 0.532928 -0 0 0 -0 0 0 0 0 0 0 0 0 0 0 0 0 0 1 12662.2 12662.2 12662.2 12662.2
-15 0 1 -15 0 0.792616 0 0 0 0 0 0.529351 -0 0 0 -0 0 0 0 0 0 0 0 0 0 0 0 0 0 1 12658.4 12658.4 12658.4 12658.4
-15 0 1 -15 0 0.795357 0 0 0 0 0 0.525618 -0 0 0 -0 0 0 0 0 0 0 0 0 0 0 0 0 0 1 12654.5 12654.5 12654.5 12654.5
-15 0 1 -15 0 0.797911 0 0 0 0 0 0.522089 -0 0 0 -0 0 0 0 0 0 0 0 0 0 0 0 0 0 1 12651.1 12651.1 12651.1 12651.1
-15 0 1 -15 0 0.800508 0 0 0 0 0 0.518453 -0 0 0 -0 0 0 0 0 0 0 0 0 0 0 0 0 0 1 12647.8 12647.8 12647.8 12647.8
-15 0 1 -15 0 0.803102 0 0 0 0 0 0.514769 -0 0 0 -0 0 0 0 0 0 0 0 0 0 0 0 0 0 1 12644.7 12644.7 12644.7 12644.7
-15 0 1 -15 0 0.805692 0 0 0 0 0 0.511044 -0 0 0 -0 0 0 0 0 0 0 0 0 0 0 0 0 0 1 12641.7 12641.7 12641.7 12641.7
-15 0 1 -15 0 0.808247 0 0 0 0 0 0.507321 -0 0 0 -0 0 0 0 0 0 0 0 0 0 0 0 0 0 1 12638.9 12638.9 12638.9 12638.9
-15 0 1 -15 0 0.810792 0 0 0 0 0 0.503565 -0 0 0 -0 0 0 0 0 0 0 0 0 0 0 0 0 0 1 12636.3 12636.3 12636.3 12636.3
-15 0 1 -15 0 0.813306 0 0 0 0 0 0.499808 -0 0 0 -0 0 0 0 0 0 0 0 0 0 0 0 0 0 1 12633.9 12633.9 12633.9 12633.9
-15 0 1 -15 0 0.815806 0 0 0 0 0 0.496027 -0 0 0 -0 0 0 0 0 0 0 0 0 0 0 0 0 0 1 12631.6 12631.6 12631.6 12631.6
-15 0 1 -15 0 0.818283 0 0 0 0 0 0.492236 -0 0 0 -0 0 0 0 0 0 0 0 0 0 0 0 0 0 1 12629.5 12629.5 12629.5 12629.5
-15 0 1 -15 0 0.818283 0 0 0 0 0 0.492236 -0 0 0 -0 0 0 0 0 0 0 0 0 0 0 0 0 0 1 12629.5 12629.5 12629.5 12629.5
-15 0 1 -15 0 0.818283 0 0 0 0 0 0.492236 -0 0 0 -0 0 0 0 0 0 0 0 0 0 0 0 0 0 1 12629.5 12629.5 12629.5 12629.5
-15 0 1 -15 0 0.827169 0 0 0 0 0 0.478472 -0 0 0 -0 0 0 0 0 0 0 0 0 0 0 0 0 0 1 12622.4 12622.4 12622.4 12622.4
-15 0 1 -15 0 0.829622 0 0 0 0 0 0.474564 -0 0 0 -0 0 0 0 0 0 0 0 0 0 0 0 0 0 1 12620.8 12620.8 12620.8 12620.8
-15 0 1 -15 0 0.83199 0 0 0 0 0 0.470709 -0 0 0 -0 0 0 0 0 0 0 0 0 0 0 0 0 0 1 12619.5 12619.5 12619.5 12619.5
-15 0 1 -15 0 0.834337 0 0 0 0 0 0.466846 -0 0 0 -0 0 0 0 0 0 0 0 0 0 0 0 0 0 1 12618.4 12618.4 12618.4 12618.4
-15 0 1 -15 0 0.839001 0 0 0 0 0 0.459048 -0 0 0 -0 0 0 0 0 0 0 0 0 0 0 0 0 0 1 12616.5 12616.5 12616.5 12616.5
-15 0 1 -15 0 0.839001 0 0 0 0 0 0.459048 -0 0 0 -0 0 0 0 0 0 0 0 0 0 0 0 0 0 1 12616.5 12616.5 12616.5 12616.5
-15 0 1 -15 0 0.841282 0 0 0 0 0 0.455169 -0 0 0 -0 0 0 0 0 0 0 0 0 0 0 0 0 0 1 12615.8 12615.8 12615.8 12615.8
-15 0 1 -15 0 0.845809 0 0 0 0 0 0.447362 -0 0 0 -0 0 0 0 0 0 0 0 0 0 0 0 0 0 1 12614.7 12614.7 12614.7 12614.7
-15 0 1 -15 0 0.845809 0 0 0 0 0 0.447362 -0 0 0 -0 0 0 0 0 0 0 0 0 0 0 0 0 0 1 12614.7 12614.7 12614.7 12614.7
-15 0 1 -15 0 0.848049 0 0 0 0 0 0.44344 -0 0 0 -0 0 0 0 0 0 0 0 0 0 0 0 0 0 1 12614.4 12614.4 12614.4 12614.4
-15 0 1 -15 0 0.850275 0 0 0 0 0 0.439508 -0 0 0 -0 0 0 0 0 0 0 0 0 0 0 0 0 0 1 12614.2 12614.2 12614.2 12614.2
-15 0 1 -15 0 0.852517 0 0 0 0 0 0.435509 -0 0 0 -0 0 0 0 0 0 0 0 0 0 0 0 0 0 1 12614.1 12614.1 12614.1 12614.1
-15 0 1 -15 0 0.854684 0 0 0 0 0 0.431609 -0 0 0 -0 0 0 0 0 0 0 0 0 0 0 0 0 0 1 12614.1 12614.1 12614.1 12614.1
-15 0 1 -15 0 0.85683 0 0 0 0 0 0.427709 -0 0 0 -0 0 0 0 0 0 0 0 0 0 0 0 0 0 1 12614.3 12614.3 12614.3 12614.3
-15 0 1 -15 0 0.858953 0 0 0 0 0 0.423814 -0 0 0 -0 0 0 0 0 0 0 0 0 0 0 0 0 0 1 12614.5 12614.5 12614.5 12614.5
-15 0 1 -15 0 0.861093 0 0 0 0 0 0.419856 -0 0 0 -0 0 0 0 0 0 0 0 0 0 0 0 0 0 1 12614.9 12614.9 12614.9 12614.9
-15 0 1 -15 0 0.863181 0 0 0 0 0 0.415958 -0 0 0 -0 0 0 0 0 0 0 0 0 0 0 0 0 0 1 12615.4 12615.4 12615.4 12615.4
-15 0 1 -15 0 0.865322 0 0 0 0 0 0.411928 -0 0 0 -0 0 0 0 0 0 0 0 0 0 0 0 0 0 1 12615.9 12615.9 12615.9 12615.9
-15 0 1 -15 0 0.869398 0 0 0 0 0 0.404152 -0 0 0 -0 0 0 0 0 0 0 0 0 0 0 0 0 0 1 12617.4 12617.4 12617.4 12617.4
-15 0 1 -15 0 0.871352 0 0 0 0 0 0.400382 -0 0 0 -0 0 0 0 0 0 0 0 0 0 0 0 0 0 1 12618.2 12618.2 12618.2 12618.2
-15 0 1 -15 0 0.871352 0 0 0 0 0 0.400382 -0 0 0 -0 0 0 0 0 0 0 0 0 0 0 0 0 0 1 12618.2 12618.2 12618.2 12618.2
-15 0 1 -15 0 0.873355 0 0 0 0 0 0.396489 -0 0 0 -0 0 0 0 0 0 0 0 0 0 0 0 0 0 1 12619.2 12619.2 12619.2 12619.2
-15 0 1 -15 0 0.875368 0 0 0 0 0 0.392537 -0 0 0 -0 0 0 0 0 0 0 0 0 0 0 0 0 0 1 12620.2 12620.2 12620.2 12620.2
-15 0 1 -15 0 0.87733 0 0 0 0 0 0.388653 -0 0 0 -0 0 0 0 0 0 0 0 0 0 0 0 0 0 1 12621.4 12621.4 12621.4 12621.4
-15 0 1 -15 0 0.879303 0 0 0 0 0 0.384716 -0 0 0 -0 0 0 0 0 0 0 0 0 0 0 0 0 0 1 12622.7 12622.7 12622.7 12622.7
-15 0 1 -15 0 0.881229 0 0 0 0 0 0.380843 -0 0 0 -0 0 0 0 0 0 0 0 0 0 0 0 0 0 1 12624 12624 12624 12624
-15 0 1 -15 0 0.883133 0 0 0 0 0 0.376981 -0 0 0 -0 0 0 0 0 0 0 0 0 0 0 0 0 0 1 12625.4 12625.4 12625.4 12625.4
-15 0 1 -15 0 0.886852 0 0 0 0 0 0.369356 -0 0 0 -0 0 0 0 0 0 0 0 0 0 0 0 0 0 1 12628.4 12628.4 12628.4 12628.4
-15 0 1 -15 0 0.888669 0 0 0 0 0 0.365597 -0 0 0 -0 0 0 0 0 0 0 0 0 0 0 0 0 0 1 12630 12630 12630 12630
-15 0 1 -15 0 0.888669 0 0 0 0 0 0.365597 -0 0 0 -0 0 0 0 0 0 0 0 0 0 0 0 0 0 1 12630 12630 12630 12630
-15 0 1 -15 0 0.892319 0 0 0 0 0 0.357956 -0 0 0 -0 0 0 0 0 0 0 0 0 0 0 0 0 0 1 12633.5 12633.5 12633.5 12633.5
-15 0 1 -15 0 0.892319 0 0 0 0 0 0.357956 -0 0 0 -0 0 0 0 0 0 0 0 0 0 0 0 0 0 1 12633.5 12633.5 12633.5 12633.5
-15 0 1 -15 0 0.89588 0 0 0 0 0 0.35039 -0 0 0 -0 0 0 0 0 0 0 0 0 0 0 0 0 0 1 12637.2 12637.2 12637.2 12637.2
-15 0 1 -15 0 0.89588 0 0 0 0 0 0.35039 -0 0 0 -0 0 0 0 0 0 0 0 0 0 0 0 0 0 1 12637.2 12637.2 12637.2 12637.2
-15 0 1 -15 0 0.897637 0 0 0 0 0 0.346622 -0 0 0 -0 0 0 0 0 0 0 0 0 0 0 0 0 0 1 12639.2 12639.2 12639.2 12639.2
-15 0 1 -15 0 0.899418 0 0 0 0 0 0.342763 -0 0 0 -0 0 0 0 0 0 0 0 0 0 0 0 0 0 1 12641.3 12641.3 12641.3 12641.3
-15 0 1 -15 0 0.901081 0 0 0 0 0 0.339132 -0 0 0 -0 0 0 0 0 0 0 0 0 0 0 0 0 0 1 12643.4 12643.4 12643.4 12643.4
-15 0 1 -15 0 0.902798 0 0 0 0 0 0.335357 -0 0 0 -0 0 0 0 0 0 0 0 0 0 0 0 0 0 1 12645.6 12645.6 12645.6 12645.6
-15 0 1 -15 0 0.904485 0 0 0 0 0 0.331624 -0 0 0 -0 0 0 0 0 0 0 0 0 0 0 0 0 0 1 12647.8 12647.8 12647.8 12647.8
-15 0 1 -15 0 0.90616 0 0 0 0 0 0.32789 -0 0 0 -0 0 0 0 0 0 0 0 0 0 0 0 0 0 1 12650.1 12650.1 12650.1 12650.1
-15 0 1 -15 0 0.907775 0 0 0 0 0 0.324265 -0 0 0 -0 0 0 0 0 0 0 0 0 0 0 0 0 0 1 12652.5 12652.5 12652.5 12652.5
-15 0 1 -15 0 0.90937 0 0 0 0 0 0.320661 -0 0 0 -0 0 0 0 0 0 0 0 0 0 0 0 0 0 1 12654.8 12654.8 12654.8 12654.8
-15 0 1 -15 0 0.912559 0 0 0 0 0 0.313385 -0 0 0 -0 0 0 0 0 0 0 0 0 0 0 0 0 0 1 12659.8 12659.8 12659.8 12659.8
-15 0 1 -15 0 0.912559 0 0 0 0 0 0.313385 -0 0 0 -0 0 0 0 0 0 0 0 0 0 0 0 0 0 1 12659.8 12659.8 12659.8 12659.8
-15 0 1 -15 0 0.915671 0 0 0 0 0 0.306205 -0 0 0 -0 0 0 0 0 0 0 0 0 0 0 0 0 0 1 12664.9 12664.9 12664.9 12664.9
-15 0 1 -15 0 0.917206 0 0 0 0 0 0.302637 -0 0 0 -0 0 0 0 0 0 0 0 0 0 0 0 0 0 1 12667.5 12667.5 12667.5 12667.5
-15 0 1 -15 0 0.918723 0 0 0 0 0 0.299089 -0 0 0 -0 0 0 0 0 0 0 0 0 0 0 0 0 0 1 12670.1 12670.1 12670.1 12670.1
-15 0 1 -15 0 0.920233 0 0 0 0 0 0.295535 -0 0 0 -0 0 0 0 0 0 0 0 0 0 0 0 0 0 1 12672.8 12672.8 12672.8 12672.8
-15 0 1 -15 0 0.920233 0 0 0 0 0 0.295535 -0 0 0 -0 0 0 0 0 0 0 0 0 0 0 0 0 0 1 12672.8 12672.8 12672.8 12672.8
-15 0 1 -15 0 0.9217 0 0 0 0 0 0.29206 -0 0 0 -0 0 0 0 0 0 0 0 0 0 0 0 0 0 1 12675.5 12675.5 12675.5 12675.5
-15 0 1 -15 0 0.923188 0 0 0 0 0 0.288493 -0 0 0 -0 0 0 0 0 0 0 0 0 0 0 0 0 0 1 12678.3 12678.3 12678.3 12678.3
-15 0 1 -15 0 0.924615 0 0 0 0 0 0.285048 -0 0 0 -0 0 0 0 0 0 0 0 0 0 0 0 0 0 1 12681.1 12681.1 12681.1 12681.1
-15 0 1 -15 0 0.926026 0 0 0 0 0 0.281622 -0 0 0 -0 0 0 0 0 0 0 0 0 0 0 0 0 0 1 12684 12684 12684 12684
-15 0 1 -15 0 0.928849 0 0 0 0 0 0.274702 -0 0 0 -0 0 0 0 0 0 0 0 0 0 0 0 0 0 1 12689.9 12689.9 12689.9 12689.9
-15 0 1 -15 0 0.928849 0 0 0 0 0 0.274702 -0 0 0 -0 0 0 0 0 0 0 0 0 0 0 0 0 0 1 12689.9 12689.9 12689.9 12689.9
-15 0 1 -15 0 0.930196 0 0 0 0 0 0.271391 -0 0 0 -0 0 0 0 0 0 0 0 0 0 0 0 0 0 1 12692.7 12692.7 12692.7 12692.7
-15 0 1 -15 0 0.931575 0 0 0 0 0 0.267959 -0 0 0 -0 0 0 0 0 0 0 0 0 0 0 0 0 0 1 12695.8 12695.8 12695.8 12695.8
-15 0 1 -15 0 0.932896 0 0 0 0 0 0.264649 -0 0 0 -0 0 0 0 0 0 0 0 0 0 0 0 0 0 1 12698.8 12698.8 12698.8 12698.8
-15 0 1 -15 0 0.934224 0 0 0 0 0 0.261302 -0 0 0 -0 0 0 0 0 0 0 0 0 0 0 0 0 0 1 12701.8 12701.8 12701.8 12701.8
-15 0 1 -15 0 0.935524 0 0 0 0 0 0.258005 -0 0 0 -0 0 0 0 0 0 0 0 0 0 0 0 0 0 1 12704.9 12704.9 12704.9 12704.9
-15 0 1 -15 0 0.936816 0 0 0 0 0 0.254708 -0 0 0 -0 0 0 0 0 0 0 0 0 0 0 0 0 0 1 12708 12708 12708 12708
-15 0 1 -15 0 0.939342 0 0 0 0 0 0.248239 -0 0 0 -0 0 0 0 0 0 0 0 0 0 0 0 0 0 1 12714.2 12714.2 12714.2 12714.2
-15 0 1 -15 0 0.939342 0 0 0 0 0 0.248239 -0 0 0 -0 0 0 0 0 0 0 0 0 0 0 0 0 0 1 12714.2 12714.2 12714.2 12714.2
-15 0 1 -15 0 0.940605 0 0 0 0 0 0.24498 -0 0 0 -0 0 0 0 0 0 0 0 0 0 0 0 0 0 1 12717.3 12717.3 12717.3 12717.3
-15 0 1 -15 0 0.941826 0 0 0 0 0 0.241785 -0 0 0 -0 0 0 0 0 0 0 0 0 0 0 0 0 0 1 12720.5 12720.5 12720.5 12720.5
-15 0 1 -15 0 0.943055 0 0 0 0 0 0.238553 -0 0 0 -0 0 0 0 0 0 0 0 0 0 0 0 0 0 1 12723.8 12723.8 12723.8 12723.8
-15 0 1 -15 0 0.944248 0 0 0 0 0 0.235397 -0 0 0 -0 0 0 0 0 0 0 0 0 0 0 0 0 0 1 12727 12727 12727 12727
-15 0 1 -15 0 0.946568 0 0 0 0 0 0.229203 -0 0 0 -0 0 0 0 0 0 0 0 0 0 0 0 0 0 1 12733.5 12733.5 12733.5 12733.5
-15 0 1 -15 0 0.947734 0 0 0 0 0 0.226086 -0 0 0 -0 0 0 0 0 0 0 0 0 0 0 0 0 0 1 12736.7 12736.7 12736.7 12736.7
-15 0 1 -15 0 0.947734 0 0 0 0 0 0.226086 -0 0 0 -0 0 0 0 0 0 0 0 0 0 0 0 0 0 1 12736.7 12736.7 12736.7 12736.7
-15 0 1 -15 0 0.949946 0 0 0 0 0 0.220098 -0 0 0 -0 0 0 0 0 0 0 0 0 0 0 0 0 0 1 12743.1 12743.1 12743.1 12743.1
-15 0 1 -15 0 0.951047 0 0 0 0 0 0.217102 -0 0 0 -0 0 0 0 0 0 0 0 0 0 0 0 0 0 1 12746.4 12746.4 12746.4 12746.4
-15 0 1 -15 0 0.952138 0 0 0 0 0 0.214116 -0 0 0 -0 0 0 0 0 0 0 0 0 0 0 0 0 0 1 12749.6 12749.6 12749.6 12749.6
-15 0 1 -15 0 0.952138 0 0 0 0 0 0.214116 -0 0 0 -0 0 0 0 0 0 0 0 0 0 0 0 0 0 1 12749.6 12749.6 12749.6 12749.6
-15 0 1 -15 0 0.954257 0 0 0 0 0 0.208246 -0 0 0 -0 0 0 0 0 0 0 0 0 0 0 0 0 0 1 12756.2 12756.2 12756.2 12756.2
-15 0 1 -15 0 0.955305 0 0 0 0 0 0.205326 -0 0 0 -0 0 0 0 0 0 0 0 0 0 0 0 0 0 1 12759.5 12759.5 12759.5 12759.5
-15 0 1 -15 0 0.955305 0 0 0 0 0 0.205326 -0 0 0 -0 0 0 0 0 0 0 0 0 0 0 0 0 0 1 12759.5 12759.5 12759.5 12759.5
-15 0 1 -15 0 0.956332 0 0 0 0 0 0.202451 -0 0 0 -0 0 0 0 0 0 0 0 0 0 0 0 0 0 1 12762.8 12762.8 12762.8 12762.8
-15 0 1 -15 0 0.957369 0 0 0 0 0 0.199503 -0 0 0 -0 0 0 0 0 0 0 0 0 0 0 0 0 0 1 12766.2 12766.2 12766.2 12766.2
-15 0 1 -15 0 0.958342 0 0 0 0 0 0.196725 -0 0 0 -0 0 0 0 0 0 0 0 0 0 0 0 0 0 1 12769.5 12769.5 12769.5 12769.5
-15 0 1 -15 0 0.960309 0 0 0 0 0 0.191089 -0 0 0 -0 0 0 0 0 0 0 0 0 0 0 0 0 0 1 12776.1 12776.1 12776.1 12776.1
-15 0 1 -15 0 0.960309 0 0 0 0 0 0.191089 -0 0 0 -0 0 0 0 0 0 0 0 0 0 0 0 0 0 1 12776.1 12776.1 12776.1 12776.1
-15 0 1 -15 0 0.96127 0 0 0 0 0 0.188317 -0 0 0 -0 0 0 0 0 0 0 0 0 0 0 0 0 0 1 12779.5 12779.5 12779.5 12779.5
-15 0 1 -15 0 0.962221 0 0 0 0 0 0.185535 -0 0 0 -0 0 0 0 0 0 0 0 0 0 0 0 0 0 1 12782.9 12782.9 12782.9 12782.9
-15 0 1 -15 0 0.963146 0 0 0 0 0 0.182812 -0 0 0 -0 0 0 0 0 0 0 0 0 0 0 0 0 0 1 12786.2 12786.2 12786.2 12786.2
-15 0 1 -15 0 0.964043 0 0 0 0 0 0.180158 -0 0 0 -0 0 0 0 0 0 0 0 0 0 0 0 0 0 1 12789.5 12789.5 12789.5 12789.5
-15 0 1 -15 0 0.965822 0 0 0 0 0 0.174844 -0 0 0 -0 0 0 0 0 0 0 0 0 0 0 0 0 0 1 12796.2 12796.2 12796.2 12796.2
-15 0 1 -15 0 0.966707 0 0 0 0 0 0.172206 -0 0 0 -0 0 0 0 0 0 0 0 0 0 0 0 0 0 1 12799.6 12799.6 12799.6 12799.6
-15 0 1 -15 0 0.967559 0 0 0 0 0 0.169648 -0 0 0 -0 0 0 0 0 0 0 0 0 0 0 0 0 0 1 12802.8 12802.8 12802.8 12802.8
-15 0 1 -15 0 0.968408 0 0 0 0 0 0.167083 -0 0 0 -0 0 0 0 0 0 0 0 0 0 0 0 0 0 1 12806.1 12806.1 12806.1 12806.1
-15 0 1 -15 0 0.96925 0 0 0 0 0 0.164525 -0 0 0 -0 0 0 0 0 0 0 0 0 0 0 0 0 0 1 12809.4 12809.4 12809.4 12809.4
-15 0 1 -15 0 0.970074 0 0 0 0 0 0.162009 -0 0 0 -0 0 0 0 0 0 0 0 0 0 0 0 0 0 1 12812.7 12812.7 12812.7 12812.7
-15 0 1 -15 0 0.970074 0 0 0 0 0 0.162009 -0 0 0 -0 0 0 0 0 0 0 0 0 0 0 0 0 0 1 12812.7 12812.7 12812.7 12812.7
-15 0 1 -15 0 0.971675 0 0 0 0 0 0.157052 -0 0 0 -0 0 0 0 0 0 0 0 0 0 0 0 0 0 1 12819.3 12819.3 12819.3 12819.3
-15 0 1 -15 0 0.971675 0 0 0 0 0 0.157052 -0 0 0 -0 0 0 0 0 0 0 0 0 0 0 0 0 0 1 12819.3 12819.3 12819.3 12819.3
-15 0 1 -15 0 0.972454 0 0 0 0 0 0.154628 -0 0 0 -0 0 0 0 0 0 0 0 0 0 0 0 0 0 1 12822.5 12822.5 12822.5 12822.5
-15 0 1 -15 0 0.973231 0 0 0 0 0 0.152174 -0 0 0 -0 0 0 0 0 0 0 0 0 0 0 0 0 0 1 12825.9 12825.9 12825.9 12825.9
-15 0 1 -15 0 0.973993 0 0 0 0 0 0.149753 -0 0 0 -0 0 0 0 0 0 0 0 0 0 0 0 0 0 1 12829.2 12829.2 12829.2 12829.2
-15 0 1 -15 0 0.974761 0 0 0 0 0 0.147297 -0 0 0 -0 0 0 0 0 0 0 0 0 0 0 0 0 0 1 12832.6 12832.6 12832.6 12832.6
-15 0 1 -15 0 0.975492 0 0 0 0 0 0.144945 -0 0 0 -0 0 0 0 0 0 0 0 0 0 0 0 0 0 1 12835.9 12835.9 12835.9 12835.9
-15 0 1 -15 0 0.976251 0 0 0 0 0 0.14249 -0 0 0 -0 0 0 0 0 0 0 0 0 0 0 0 0 0 1 12839.3 12839.3 12839.3 12839.3
-15 0 1 -15 0 0.976939 0 0 0 0 0 0.140251 -0 0 0 -0 0 0 0 0 0 0 0 0 0 0 0 0 0 1 12842.5 12842.5 12842.5 12842.5
-15 0 1 -15 0 0.977621 0 0 0 0 0 0.138018 -0 0 0 -0 0 0 0 0 0 0 0 0 0 0 0 0 0 1 12845.7 12845.7 12845.7 12845.7
-15 0 1 -15 0 0.978369 0 0 0 0 0 0.135553 -0 0 0 -0 0 0 0 0 0 0 0 0 0 0 0 0 0 1 12849.2 12849.2 12849.2 12849.2
-15 0 1 -15 0 0.978995 0 0 0 0 0 0.133477 -0 0 0 -0 0 0 0 0 0 0 0 0 0 0 0 0 0 1 12852.2 12852.2 12852.2 12852.2
-15 0 1 -15 0 0.98033 0 0 0 0 0 0.129012 -0 0 0 -0 0 0 0 0 0 0 0 0 0 0 0 0 0 1 12858.7 12858.7 12858.7 12858.7
-15 0 1 -15 0 0.98033 0 0 0 0 0 0.129012 -0 0 0 -0 0 0 0 0 0 0 0 0 0 0 0 0 0 1 12858.7 12858.7 12858.7 12858.7
-15 0 1 -15 0 0.981598 0 0 0 0 0 0.124741 -0 0 0 -0 0 0 0 0 0 0 0 0 0 0 0 0 0 1 12865 12865 12865 12865
-15 0 1 -15 0 0.981598 0 0 0 0 0 0.124741 -0 0 0 -0 0 0 0 0 0 0 0 0 0 0 0 0 0 1 12865 12865 12865 12865
-15 0 1 -15 0 0.982219 0 0 0 0 0 0.122641 -0 0 0 -0 0 0 0 0 0 0 0 0 0 0 0 0 0 1 12868.1 12868.1 12868.1 12868.1
-15 0 1 -15 0 0.982834 0 0 0 0 0 0.120527 -0 0 0 -0 0 0 0 0 0 0 0 0 0 0 0 0 0 1 12871.3 12871.3 12871.3 12871.3
-15 0 1 -15 0 0.983445 0 0 0 0 0 0.118414 -0 0 0 -0 0 0 0 0 0 0 0 0 0 0 0 0 0 1 12874.5 12874.5 12874.5 12874.5
-15 0 1 -15 0 0.984026 0 0 0 0 0 0.116387 -0 0 0 -0 0 0 0 0 0 0 0 0 0 0 0 0 0 1 12877.6 12877.6 12877.6 12877.6
-15 0 1 -15 0 0.98461 0 0 0 0 0 0.114341 -0 0 0 -0 0 0 0 0 0 0 0 0 0 0 0 0 0 1 12880.7 12880.7 12880.7 12880.7
-15 0 1 -15 0 0.985187 0 0 0 0 0 0.112305 -0 0 0 -0 0 0 0 0 0 0 0 0 0 0 0 0 0 1 12883.8 12883.8 12883.8 12883.8
-15 0 1 -15 0 0.985748 0 0 0 0 0 0.110314 -0 0 0 -0 0 0 0 0 0 0 0 0 0 0 0 0 0 1 12886.9 12886.9 12886.9 12886.9
-15 0 1 -15 0 0.986296 0 0 0 0 0 0.108356 -0 0 0 -0 0 0 0 0 0 0 0 0 0 0 0 0 0 1 12890 12890 12890 12890
-15 0 1 -15 0 0.986834 0 0 0 0 0 0.106423 -0 0 0 -0 0 0 0 0 0 0 0 0 0 0 0 0 0 1 12893 12893 12893 12893
-15 0 1 -15 0 0.987887 0 0 0 0 0 0.102597 -0 0 0 -0 0 0 0 0 0 0 0 0 0 0 0 0 0 1 12899.1 12899.1 12899.1 12899.1
-15 0 1 -15 0 0.987887 0 0 0 0 0 0.102597 -0 0 0 -0 0 0 0 0 0 0 0 0 0 0 0 0 0 1 12899.1 12899.1 12899.1 12899.1
-15 0 1 -15 0 0.9884 0 0 0 0 0 0.100738 -0 0 0 -0 0 0 0 0 0 0 0 0 0 0 0 0 0 1 12902.1 12902.1 12902.1 12902.1
-15 0 1 -15 0 0.988926 0 0 0 0 0 0.0987987 -0 0 0 -0 0 0 0 0 0 0 0 0 0 0 0 0 0 1 12905.2 12905.2 12905.2 12905.2
-15 0 1 -15 0 0.989542 0 0 0 0 0 0.0965073 -0 0 0 -0 0 0 0 0 0 0 0 0 0 0 0 0 0 1 12908.9 12908.9 12908.9 12908.9
-15 0 1 -15 0 0.99037 0 0 0 0 0 0.0933942 -0 0 0 -0 0 0 0 0 0 0 0 0 0 0 0 0 0 1 12914 12914 12914 12914
-15 0 1 -15 0 0.99037 0 0 0 0 0 0.0933942 -0 0 0 -0 0 0 0 0 0 0 0 0 0 0 0 0 0 1 12914 12914 12914 12914
-15 0 1 -15 0 0.99083 0 0 0 0 0 0.0916714 -0 0 0 -0 0 0 0 0 0 0 0 0 0 0 0 0 0 1 12916.8 12916.8 12916.8 12916.8
-15 0 1 -15 0 0.991293 0 0 0 0 0 0.0899047 -0 0 0 -0 0 0 0 0 0 0 0 0 0 0 0 0 0 1 12919.8 12919.8 12919.8 12919.8
-15 0 1 -15 0 0.99175 0 0 0 0 0 0.0881464 -0 0 0 -0 0 0 0 0 0 0 0 0 0 0 0 0 0 1 12922.7 12922.7 12922.7 12922.7
-15 0 1 -15 0 0.992613 0 0 0 0 0 0.0847883 -0 0 0 -0 0 0 0 0 0 0 0 0 0 0 0 0 0 1 12928.4 12928.4 12928.4 12928.4
-15 0 1 -15 0 0.992613 0 0 0 0 0 0.0847883 -0 0 0 -0 0 0 0 0 0 0 0 0 0 0 0 0 0 1 12928.4 12928.4 12928.4 12928.4
-15 0 1 -15 0 0.993032 0 0 0 0 0 0.0831639 -0 0 0 -0 0 0 0 0 0 0 0 0 0 0 0 0 0 1 12931.1 12931.1 12931.1 12931.1
-15 0 1 -15 0 0.993453 0 0 0 0 0 0.0814964 -0 0 0 -0 0 0 0 0 0 0 0 0 0 0 0 0 0 1 12934 12934 12934 12934
-15 0 1 -15 0 0.993857 0 0 0 0 0 0.0798854 -0 0 0 -0 0 0 0 0 0 0 0 0 0 0 0 0 0 1 12936.7 12936.7 12936.7 12936.7
-15 0 1 -15 0 0.99426 0 0 0 0 0 0.0782705 -0 0 0 -0 0 0 0 0 0 0 0 0 0 0 0 0 0 1 12939.5 12939.5 12939.5 12939.5
-15 0 1 -15 0 0.994649 0 0 0 0 0 0.076694 -0 0 0 -0 0 0 0 0 0 0 0 0 0 0 0 0 0 1 12942.3 12942.3 12942.3 12942.3
-15 0 1 -15 0 0.995408 0 0 0 0 0 0.0735886 -0 0 0 -0 0 0 0 0 0 0 0 0 0 0 0 0 0 1 12947.7 12947.7 12947.7 12947.7
-15 0 1 -15 0 0.995408 0 0 0 0 0 0.0735886 -0 0 0 -0 0 0 0 0 0 0 0 0 0 0 0 0 0 1 12947.7 12947.7 12947.7 12947.7
-15 0 1 -15 0 0.995776 0 0 0 0 0 0.0720883 -0 0 0 -0 0 0 0 0 0 0 0 0 0 0 0 0 0 1 12950.4 12950.4 12950.4 12950.4
-15 0 1 -15 0 0.996487 0 0 0 0 0 0.0691116 -0 0 0 -0 0 0 0 0 0 0 0 0 0 0 0 0 0 1 12955.7 12955.7 12955.7 12955.7
-15 0 1 -15 0 0.996833 0 0 0 0 0 0.0676639 -0 0 0 -0 0 0 0 0 0 0 0 0 0 0 0 0 0 1 12958.3 12958.3 12958.3 12958.3
-15 0 1 -15 0 0.996833 0 0 0 0 0 0.0676639 -0 0 0 -0 0 0 0 0 0 0 0 0 0 0 0 0 0 1 12958.3 12958.3 12958.3 12958.3
-15 0 1 -15 0 0.997505 0 0 0 0 0 0.0648028 -0 0 0 -0 0 0 0 0 0 0 0 0 0 0 0 0 0 1 12963.4 12963.4 12963.4 12963.4
-15 0 1 -15 0 0.99783 0 0 0 0 0 0.0634093 -0 0 0 -0 0 0 0 0 0 0 0 0 0 0 0 0 0 1 12966 12966 12966 12966
-15 0 1 -15 0 0.99783 0 0 0 0 0 0.0634093 -0 0 0 -0 0 0 0 0 0 0 0 0 0 0 0 0 0 1 12966 12966 12966 12966
-15 0 1 -15 0 0.998149 0 0 0 0 0 0.0620326 -0 0 0 -0 0 0 0 0 0 0 0 0 0 0 0 0 0 1 12968.5 12968.5 12968.5 12968.5
-15 0 1 -15 0 0.998758 0 0 0 0 0 0.059334 -0 0 0 -0 0 0 0 0 0 0 0 0 0 0 0 0 0 1 12973.5 12973.5 12973.5 12973.5
-15 0 1 -15 0 0.998758 0 0 0 0 0 0.059334 -0 0 0 -0 0 0 0 0 0 0 0 0 0 0 0 0 0 1 12973.5 12973.5 12973.5 12973.5
-15 0 1 -15 0 0.999055 0 0 0 0 0 0.058022 -0 0 0 -0 0 0 0 0 0 0 0 0 0 0 0 0 0 1 12975.9 12975.9 12975.9 12975.9
-15 0 1 -15 0 0.999628 0 0 0 0 0 0.0554162 -0 0 0 -0 0 0 0 0 0 0 0 0 0 0 0 0 0 1 12980.9 12980.9 12980.9 12980.9
-15 0 1 -15 0 0.999906 0 0 0 0 0 0.0541496 -0 0 0 -0 0 0 0 0 0 0 0 0 0 0 0 0 0 1 12983.2 12983.2 12983.2 12983.2
-15 0 1 -15 0 0.999906 0 0 0 0 0 0.0541496 -0 0 0 -0 0 0 0 0 0 0 0 0 0 0 0 0 0 1 12983.2 12983.2 12983.2 12983.2
-15 0 1 -15 0 1.00044 0 0 0 0 0 0.0516679 -0 0 0 -0 0 0 0 0 0 0 0 0 0 0 0 0 0 1 12988 12988 12988 12988
-15 0 1 -15 0 1.00044 0 0 0 0 0 0.0516679 -0 0 0 -0 0 0 0 0 0 0 0 0 0 0 0 0 0 1 12988 12988 12988 12988
-15 0 1 -15 0 1.0007 0 0 0 0 0 0.0504463 -0 0 0 -0 0 0 0 0 0 0 0 0 0 0 0 0 0 1 12990.3 12990.3 12990.3 12990.3
-15 0 1 -15 0 1.00095 0 0 0 0 0 0.0492497 -0 0 0 -0 0 0 0 0 0 0 0 0 0 0 0 0 0 1 12992.7 12992.7 12992.7 12992.7
-15 0 1 -15 0 1.0012 0 0 0 0 0 0.04807 -0 0 0 -0 0 0 0 0 0 0 0 0 0 0 0 0 0 1 12995 12995 12995 12995
-15 0 1 -15 0 1.00144 0 0 0 0 0 0.0468969 -0 0 0 -0 0 0 0 0 0 0 0 0 0 0 0 0 0 1 12997.3 12997.3 12997.3 12997.3
-15 0 1 -15 0 1.0019 0 0 0 0 0 0.0445952 -0 0 0 -0 0 0 0 0 0 0 0 0 0 0 0 0 0 1 13001.9 13001.9 13001.9 13001.9
-15 0 1 -15 0 1.0019 0 0 0 0 0 0.0445952 -0 0 0 -0 0 0 0 0 0 0 0 0 0 0 0 0 0 1 13001.9 13001.9 13001.9 13001.9
-15 0 1 -15 0 1.00234 0 0 0 0 0 0.0423953 -0 0 0 -0 0 0 0 0 0 0 0 0 0 0 0 0 0 1 13006.3 13006.3 13006.3 13006.3
-15 0 1 -15 0 1.00255 0 0 0 0 0 0.041319 -0 0 0 -0 0 0 0 0 0 0 0 0 0 0 0 0 0 1 13008.4 13008.4 13008.4 13008.4
-15 0 1 -15 0 1.00255 0 0 0 0 0 0.041319 -0 0 0 -0 0 0 0 0 0 0 0 0 0 0 0 0 0 1 13008.4 13008.4 13008.4 13008.4
-15 0 1 -15 0 1.00276 0 0 0 0 0 0.0402703 -0 0 0 -0 0 0 0 0 0 0 0 0 0 0 0 0 0 1 13010.6 13010.6 13010.6 13010.6
-15 0 1 -15 0 1.00296 0 0 0 0 0 0.0392055 -0 0 0 -0 0 0 0 0 0 0 0 0 0 0 0 0 0 1 13012.7 13012.7 13012.7 13012.7
-15 0 1 -15 0 1.00316 0 0 0 0 0 0.0381694 -0 0 0 -0 0 0 0 0 0 0 0 0 0 0 0 0 0 1 13014.9 13014.9 13014.9 13014.9
-15 0 1 -15 0 1.00335 0 0 0 0 0 0.0371387 -0 0 0 -0 0 0 0 0 0 0 0 0 0 0 0 0 0 1 13017 13017 13017 13017
-15 0 1 -15 0 1.00354 0 0 0 0 0 0.0361166 -0 0 0 -0 0 0 0 0 0 0 0 0 0 0 0 0 0 1 13019.1 13019.1 13019.1 13019.1
-15 0 1 -15 0 1.00389 0 0 0 0 0 0.034166 -0 0 0 -0 0 0 0 0 0 0 0 0 0 0 0 0 0 1 13023.2 13023.2 13023.2 13023.2
-15 0 1 -15 0 1.00406 0 0 0 0 0 0.0332186 -0 0 0 -0 0 0 0 0 0 0 0 0 0 0 0 0 0 1 13025.2 13025.2 13025.2 13025.2
-15 0 1 -15 0 1.00406 0 0 0 0 0 0.0332186 -0 0 0 -0 0 0 0 0 0 0 0 0 0 0 0 0 0 1 13025.2 13025.2 13025.2 13025.2
-15 0 1 -15 0 1.00439 0 0 0 0 0 0.031354 -0 0 0 -0 0 0 0 0 0 0 0 0 0 0 0 0 0 1 13029.2 13029.2 13029.2 13029.2
-15 0 1 -15 0 1.00439 0 0 0 0 0 0.031354 -0 0 0 -0 0 0 0 0 0 0 0 0 0 0 0 0 0 1 13029.2 13029.2 13029.2 13029.2
-15 0 1 -15 0 1.00455 0 0 0 0 0 0.0304445 -0 0 0 -0 0 0 0 0 0 0 0 0 0 0 0 0 0 1 13031.1 13031.1 13031.1 13031.1
-15 0 1 -15 0 1.0047 0 0 0 0 0 0.0295306 -0 0 0 -0 0 0 0 0 0 0 0 0 0 0 0 0 0 1 13033.1 13033.1 13033.1 13033.1
-15 0 1 -15 0 1.00499 0 0 0 0 0 0.0277924 -0 0 0 -0 0 0 0 0 0 0 0 0 0 0 0 0 0 1 13036.9 13036.9 13036.9 13036.9
-15 0 1 -15 0 1.00499 0 0 0 0 0 0.0277924 -0 0 0 -0 0 0 0 0 0 0 0 0 0 0 0 0 0 1 13036.9 13036.9 13036.9 13036.9
-15 0 1 -15 0 1.00513 0 0 0 0 0 0.026947 -0 0 0 -0 0 0 0 0 0 0 0 0 0 0 0 0 0 1 13038.8 13038.8 13038.8 13038.8
-15 0 1 -15 0 1.00527 0 0 0 0 0 0.0260646 -0 0 0 -0 0 0 0 0 0 0 0 0 0 0 0 0 0 1 13040.7 13040.7 13040.7 13040.7
-15 0 1 -15 0 1.0054 0 0 0 0 0 0.0252237 -0 0 0 -0 0 0 0 0 0 0 0 0 0 0 0 0 0 1 13042.6 13042.6 13042.6 13042.6
-15 0 1 -15 0 1.00552 0 0 0 0 0 0.0244398 -0 0 0 -0 0 0 0 0 0 0 0 0 0 0 0 0 0 1 13044.4 13044.4 13044.4 13044.4
-15 0 1 -15 0 1.00564 0 0 0 0 0 0.0236366 -0 0 0 -0 0 0 0 0 0 0 0 0 0 0 0 0 0 1 13046.2 13046.2 13046.2 13046.2
-15 0 1 -15 0 1.00576 0 0 0 0 0 0.0228579 -0 0 0 -0 0 0 0 0 0 0 0 0 0 0 0 0 0 1 13048 13048 13048 13048
-15 0 1 -15 0 1.00588 0 0 0 0 0 0.0220533 -0 0 0 -0 0 0 0 0 0 0 0 0 0 0 0 0 0 1 13049.8 13049.8 13049.8 13049.8
-15 0 1 -15 0 1.00598 0 0 0 0 0 0.0213126 -0 0 0 -0 0 0 0 0 0 0 0 0 0 0 0 0 0 1 13051.5 13051.5 13051.5 13051.5
-15 0 1 -15 0 1.00609 0 0 0 0 0 0.0205487 -0 0 0 -0 0 0 0 0 0 0 0 0 0 0 0 0 0 1 13053.3 13053.3 13053.3 13053.3
-15 0 1 -15 0 1.00619 0 0 0 0 0 0.0198256 -0 0 0 -0 0 0 0 0 0 0 0 0 0 0 0 0 0 1 13055 13055 13055 13055
-15 0 1 -15 0 1.0063 0 0 0 0 0 0.0190701 -0 0 0 -0 0 0 0 0 0 0 0 0 0 0 0 0 0 1 13056.7 13056.7 13056.7 13056.7
-15 0 1 -15 0 1.00639 0 0 0 0 0 0.0183688 -0 0 0 -0 0 0 0 0 0 0 0 0 0 0 0 0 0 1 13058.4 13058.4 13058.4 13058.4
-15 0 1 -15 0 1.00657 0 0 0 0 0 0.0170042 -0 0 0 -0 0 0 0 0 0 0 0 0 0 0 0 0 0 1 13061.6 13061.6 13061.6 13061.6
-15 0 1 -15 0 1.00657 0 0 0 0 0 0.0170042 -0 0 0 -0 0 0 0 0 0 0 0 0 0 0 0 0 0 1 13061.6 13061.6 13061.6 13061.6
-15 0 1 -15 0 1.00674 0 0 0 0 0 0.0156654 -0 0 0 -0 0 0 0 0 0 0 0 0 0 0 0 0 0 1 13064.8 13064.8 13064.8 13064.8
-15 0 1 -15 0 1.00674 0 0 0 0 0 0.0156654 -0 0 0 -0 0 0 0 0 0 0 0 0 0 0 0 0 0 1 13064.8 13064.8 13064.8 13064.8
-15 0 1 -15 0 1.00689 0 0 0 0 0 0.0144006 -0 0 0 -0 0 0 0 0 0 0 0 0 0 0 0 0 0 1 13067.9 13067.9 13067.9 13067.9
-15 0 1 -15 0 1.00689 0 0 0 0 0 0.0144006 -0 0 0 -0 0 0 0 0 0 0 0 0 0 0 0 0 0 1 13067.9 13067.9 13067.9 13067.9
-15 0 1 -15 0 1.00696 0 0 0 0 0 0.0137835 -0 0 0 -0 0 0 0 0 0 0 0 0 0 0 0 0 0 1 13069.4 13069.4 13069.4 13069.4
-15 0 1 -15 0 1.0071 0 0 0 0 0 0.0125632 -0 0 0 -0 0 0 0 0 0 0 0 0 0 0 0 0 0 1 13072.5 13072.5 13072.5 13072.5
-15 0 1 -15 0 1.00716 0 0 0 0 0 0.0119839 -0 0 0 -0 0 0 0 0 0 0 0 0 0 0 0 0 0 1 13073.9 13073.9 13073.9 13073.9
-15 0 1 -15 0 1.00716 0 0 0 0 0 0.0119839 -0 0 0 -0 0 0 0 0 0 0 0 0 0 0 0 0 0 1 13073.9 13073.9 13073.9 13073.9
-15 0 1 -15 0 1.00722 0 0 0 0 0 0.011393 -0 0 0 -0 0 0 0 0 0 0 0 0 0 0 0 0 0 1 13075.4 13075.4 13075.4 13075.4
-15 0 1 -15 0 1.00728 0 0 0 0 0 0.0108301 -0 0 0 -0 0 0 0 0 0 0 0 0 0 0 0 0 0 1 13076.8 13076.8 13076.8 13076.8
-15 0 1 -15 0 1.00733 0 0 0 0 0 0.0102593 -0 0 0 -0 0 0 0 0 0 0 0 0 0 0 0 0 0 1 13078.3 13078.3 13078.3 13078.3
-15 0 1 -15 0 1.00738 0 0 0 0 0 0.00971084 -0 0 0 -0 0 0 0 0 0 0 0 0 0 0 0 0 0 1 13079.7 13079.7 13079.7 13079.7
-15 0 1 -15 0 1.00743 0 0 0 0 0 0.00918937 -0 0 0 -0 0 0 0 0 0 0 0 0 0 0 0 0 0 1 13081.1 13081.1 13081.1 13081.1
-15 0 1 -15 0 1.00748 0 0 0 0 0 0.00864209 -0 0 0 -0 0 0 0 0 0 0 0 0 0 0 0 0 0 1 13082.5 13082.5 13082.5 13082.5
-15 0 1 -15 0 1.00756 0 0 0 0 0 0.00763163 -0 0 0 -0 0 0 0 0 0 0 0 0 0 0 0 0 0 1 13085.2 13085.2 13085.2 13085.2
-15 0 1 -15 0 1.00756 0 0 0 0 0 0.00763163 -0 0 0 -0 0 0 0 0 0 0 0 0 0 0 0 0 0 1 13085.2 13085.2 13085.2 13085.2
-15 0 1 -15 0 1.0076 0 0 0 0 0 0.00713478 -0 0 0 -0 0 0 0 0 0 0 0 0 0 0 0 0 0 1 13086.5 13086.5 13086.5 13086.5
-15 0 1 -15 0 1.00767 0 0 0 0 0 0.00617564 -0 0 0 -0 0 0 0 0 0 0 0 0 0 0 0 0 0 1 13089.1 13089.1 13089.1 13089.1
-15 0 1 -15 0 1.0077 0 0 0 0 0 0.00571633 -0 0 0 -0 0 0 0 0 0 0 0 0 0 0 0 0 0 1 13090.3 13090.3 13090.3 13090.3
-15 0 1 -15 0 1.00773 0 0 0 0 0 0.00527077 -0 0 0 -0 0 0 0 0 0 0 0 0 0 0 0 0 0 1 13091.6 13091.6 13091.6 13091.6
-15 0 1 -15 0 1.00773 0 0 0 0 0 0.00527077 -0 0 0 -0 0 0 0 0 0 0 0 0 0 0 0 0 0 1 13091.6 13091.6 13091.6 13091.6
-15 0 1 -15 0 1.00778 0 0 0 0 0 0.00438521 -0 0 0 -0 0 0 0 0 0 0 0 0 0 0 0 0 0 1 13094 13094 13094 13094
-15 0 1 -15 0 1.00778 0 0 0 0 0 0.00438521 -0 0 0 -0 0 0 0 0 0 0 0 0 0 0 0 0 0 1 13094 13094 13094 13094
-15 0 1 -15 0 1.0078 0 0 0 0 0 0.00396484 -0 0 0 -0 0 0 0 0 0 0 0 0 0 0 0 0 0 1 13095.2 13095.2 13095.2 13095.2
-15 0 1 -15 0 1.00784 0 0 0 0 0 0.00312906 -0 0 0 -0 0 0 0 0 0 0 0 0 0 0 0 0 0 1 13097.6 13097.6 13097.6 13097.6
-15 0 1 -15 0 1.00785 0 0 0 0 0 0.00273462 -0 0 0 -0 0 0 0 0 0 0 0 0 0 0 0 0 0 1 13098.7 13098.7 13098.7 13098.7
-15 0 1 -15 0 1.00785 0 0 0 0 0 0.00273462 -0 0 0 -0 0 0 0 0 0 0 0 0 0 0 0 0 0 1 13098.7 13098.7 13098.7 13098.7
-15 0 1 -15 0 1.00787 0 0 0 0 0 0.00234602 -0 0 0 -0 0 0 0 0 0 0 0 0 0 0 0 0 0 1 13099.8 13099.8 13099.8 13099.8
-15 0 1 -15 0 1.00788 0 0 0 0 0 0.00195346 -0 0 0 -0 0 0 0 0 0 0 0 0 0 0 0 0 0 1 13101 13101 13101 13101
-15 0 1 -15 0 1.0079 0 0 0 0 0 0.00121076 -0 0 0 -0 0 0 0 0 0 0 0 0 0 0 0 0 0 1 13103.2 13103.2 13103.2 13103.2
-15 0 1 -15 0 1.0079 0 0 0 0 0 0.00121076 -0 0 0 -0 0 0 0 0 0 0 0 0 0 0 0 0 0 1 13103.2 13103.2 13103.2 13103.2
-15 0 1 -15 0 1.0079 0 0 0 0 0 0.000854708 -0 0 0 -0 0 0 0 0 0 0 0 0 0 0 0 0 0 1 13104.3 13104.3 13104.3 13104.3
-15 0 1 -15 0 1.00791 0 0 0 0 0 0.000501995 -0 0 0 -0 0 0 0 0 0 0 0 0 0 0 0 0 0 1 13105.3 13105.3 13105.3 13105.3
-15 0 1 -15 0 1.00791 0 0 0 0 0 0.000150239 -0 0 0 -0 0 0 0 0 0 0 0 0 0 0 0 0 0 1 13106.4 13106.4 13106.4 13106.4
-15 0 1 -15 0 1.00791 0 0 0 0 0 -0.000194488 -0 0 0 -0 0 0 0 0 0 0 0 0 0 0 0 0 0 1 13107.5 13107.5 13107.5 13107.5
-15 0 1 -15 0 1.00791 0 0 0 0 0 -0.000515538 -0 0 0 -0 0 0 0 0 0 0 0 0 0 0 0 0 0 1 13108.5 13108.5 13108.5 13108.5
-15 0 1 -15 0 1.00791 0 0 0 0 0 -0.000849403 -0 0 0 -0 0 0 0 0 0 0 0 0 0 0 0 0 0 1 13109.5 13109.5 13109.5 13109.5
-15 0 1 -15 0 1.0079 0 0 0 0 0 -0.00146107 -0 0 0 -0 0 0 0 0 0 0 0 0 0 0 0 0 0 1 13111.5 13111.5 13111.5 13111.5
-15 0 1 -15 0 1.00789 0 0 0 0 0 -0.00174997 -0 0 0 -0 0 0 0 0 0 0 0 0 0 0 0 0 0 1 13112.4 13112.4 13112.4 13112.4
-15 0 1 -15 0 1.00788 0 0 0 0 0 -0.00203744 -0 0 0 -0 0 0 0 0 0 0 0 0 0 0 0 0 0 1 13113.3 13113.3 13113.3 13113.3
-15 0 1 -15 0 1.00787 0 0 0 0 0 -0.00231813 -0 0 0 -0 0 0 0 0 0 0 0 0 0 0 0 0 0 1 13114.3 13114.3 13114.3 13114.3
-15 0 1 -15 0 1.00787 0 0 0 0 0 -0.00231813 -0 0 0 -0 0 0 0 0 0 0 0 0 0 0 0 0 0 1 13114.3 13114.3 13114.3 13114.3
-15 0 1 -15 0 1.00786 0 0 0 0 0 -0.00259464 -0 0 0 -0 0 0 0 0 0 0 0 0 0 0 0 0 0 1 13115.2 13115.2 13115.2 13115.2
-15 0 1 -15 0 1.00784 0 0 0 0 0 -0.00285979 -0 0 0 -0 0 0 0 0 0 0 0 0 0 0 0 0 0 1 13116.1 13116.1 13116.1 13116.1
-15 0 1 -15 0 1.00781 0 0 0 0 0 -0.00338553 -0 0 0 -0 0 0 0 0 0 0 0 0 0 0 0 0 0 1 13117.9 13117.9 13117.9 13117.9
-15 0 1 -15 0 1.00781 0 0 0 0 0 -0.00338553 -0 0 0 -0 0 0 0 0 0 0 0 0 0 0 0 0 0 1 13117.9 13117.9 13117.9 13117.9
-15 0 1 -15 0 1.00778 0 0 0 0 0 -0.00387249 -0 0 0 -0 0 0 0 0 0 0 0 0 0 0 0 0 0 1 13119.6 13119.6 13119.6 13119.6
-15 0 1 -15 0 1.00778 0 0 0 0 0 -0.00387249 -0 0 0 -0 0 0 0 0 0 0 0 0 0 0 0 0 0 1 13119.6 13119.6 13119.6 13119.6
-15 0 1 -15 0 1.00776 0 0 0 0 0 -0.00410686 -0 0 0 -0 0 0 0 0 0 0 0 0 0 0 0 0 0 1 13120.4 13120.4 13120.4 13120.4
-15 0 1 -15 0 1.00774 0 0 0 0 0 -0.00433971 -0 0 0 -0 0 0 0 0 0 0 0 0 0 0 0 0 0 1 13121.2 13121.2 13121.2 13121.2
-15 0 1 -15 0 1.00772 0 0 0 0 0 -0.00457157 -0 0 0 -0 0 0 0 0 0 0 0 0 0 0 0 0 0 1 13122.1 13122.1 13122.1 13122.1
-15 0 1 -15 0 1.0077 0 0 0 0 0 -0.00478622 -0 0 0 -0 0 0 0 0 0 0 0 0 0 0 0 0 0 1 13122.8 13122.8 13122.8 13122.8
-15 0 1 -15 0 1.00767 0 0 0 0 0 -0.00500241 -0 0 0 -0 0 0 0 0 0 0 0 0 0 0 0 0 0 1 13123.6 13123.6 13123.6 13123.6
-15 0 1 -15 0 1.00764 0 0 0 0 0 -0.00525042 -0 0 0 -0 0 0 0 0 0 0 0 0 0 0 0 0 0 1 13124.6 13124.6 13124.6 13124.6
-15 0 1 -15 0 1.00762 0 0 0 0 0 -0.00541528 -0 0 0 -0 0 0 0 0 0 0 0 0 0 0 0 0 0 1 13125.2 13125.2 13125.2 13125.2
-15 0 1 -15 0 1.00759 0 0 0 0 0 -0.00561314 -0 0 0 -0 0 0 0 0 0 0 0 0 0 0 0 0 0 1 13126 13126 13126 13126
-15 0 1 -15 0 1.00757 0 0 0 0 0 -0.00579923 -0 0 0 -0 0 0 0 0 0 0 0 0 0 0 0 0 0 1 13126.7 13126.7 13126.7 13126.7
-15 0 1 -15 0 1.00753 0 0 0 0 0 -0.00599205 -0 0 0 -0 0 0 0 0 0 0 0 0 0 0 0 0 0 1 13127.5 13127.5 13127.5 13127.5
-15 0 1 -15 0 1.00748 0 0 0 0 0 -0.00633315 -0 0 0 -0 0 0 0 0 0 0 0 0 0 0 0 0 0 1 13128.8 13128.8 13128.8 13128.8
-15 0 1 -15 0 1.00748 0 0 0 0 0 -0.00633315 -0 0 0 -0 0 0 0 0 0 0 0 0 0 0 0 0 0 1 13128.8 13128.8 13128.8 13128.8
-15 0 1 -15 0 1.00744 0 0 0 0 0 -0.0064992 -0 0 0 -0 0 0 0 0 0 0 0 0 0 0 0 0 0 1 13129.5 13129.5 13129.5 13129.5
-15 0 1 -15 0 1.00741 0 0 0 0 0 -0.00666461 -0 0 0 -0 0 0 0 0 0 0 0 0 0 0 0 0 0 1 13130.2 13130.2 13130.2 13130.2
-15 0 1 -15 0 1.00738 0 0 0 0 0 -0.00682265 -0 0 0 -0 0 0 0 0 0 0 0 0 0 0 0 0 0 1 13130.9 13130.9 13130.9 13130.9
-15 0 1 -15 0 1.00734 0 0 0 0 0 -0.00697587 -0 0 0 -0 0 0 0 0 0 0 0 0 0 0 0 0 0 1 13131.6 13131.6 13131.6 13131.6
-15 0 1 -15 0 1.00731 0 0 0 0 0 -0.00712373 -0 0 0 -0 0 0 0 0 0 0 0 0 0 0 0 0 0 1 13132.2 13132.2 13132.2 13132.2
-15 0 1 -15 0 1.00727 0 0 0 0 0 -0.0072648 -0 0 0 -0 0 0 0 0 0 0 0 0 0 0 0 0 0 1 13132.8 13132.8 13132.8 13132.8
-15 0 1 -15 0 1.00724 0 0 0 0 0 -0.00740272 -0 0 0 -0 0 0 0 0 0 0 0 0 0 0 0 0 0 1 13133.5 13133.5 13133.5 13133.5
-15 0 1 -15 0 1.0072 0 0 0 0 0 -0.00753557 -0 0 0 -0 0 0 0 0 0 0 0 0 0 0 0 0 0 1 13134.1 13134.1 13134.1 13134.1
-15 0 1 -15 0 1.00712 0 0 0 0 0 -0.00778799 -0 0 0 -0 0 0 0 0 0 0 0 0 0 0 0 0 0 1 13135.3 13135.3 13135.3 13135.3
-15 0 1 -15 0 1.00712 0 0 0 0 0 -0.00778799 -0 0 0 -0 0 0 0 0 0 0 0 0 0 0 0 0 0 1 13135.3 13135.3 13135.3 13135.3
-15 0 1 -15 0 1.00705 0 0 0 0 0 -0.00801927 -0 0 0 -0 0 0 0 0 0 0 0 0 0 0 0 0 0 1 13136.4 13136.4 13136.4 13136.4
-15 0 1 -15 0 1.00705 0 0 0 0 0 -0.00801927 -0 0 0 -0 0 0 0 0 0 0 0 0 0 0 0 0 0 1 13136.4 13136.4 13136.4 13136.4
-15 0 1 -15 0 1.00701 0 0 0 0 0 -0.00812569 -0 0 0 -0 0 0 0 0 0 0 0 0 0 0 0 0 0 1 13137 13137 13137 13137
-15 0 1 -15 0 1.00696 0 0 0 0 0 -0.00823569 -0 0 0 -0 0 0 0 0 0 0 0 0 0 0 0 0 0 1 13137.6 13137.6 13137.6 13137.6
-15 0 1 -15 0 1.00692 0 0 0 0 0 -0.00833536 -0 0 0 -0 0 0 0 0 0 0 0 0 0 0 0 0 0 1 13138.1 13138.1 13138.1 13138.1
-15 0 1 -15 0 1.00688 0 0 0 0 0 -0.00843694 -0 0 0 -0 0 0 0 0 0 0 0 0 0 0 0 0 0 1 13138.6 13138.6 13138.6 13138.6
-15 0 1 -15 0 1.00684 0 0 0 0 0 -0.00853042 -0 0 0 -0 0 0 0 0 0 0 0 0 0 0 0 0 0 1 13139.2 13139.2 13139.2 13139.2
-15 0 1 -15 0 1.0068 0 0 0 0 0 -0.00861929 -0 0 0 -0 0 0 0 0 0 0 0 0 0 0 0 0 0 1 13139.7 13139.7 13139.7 13139.7
-15 0 1 -15 0 1.00675 0 0 0 0 0 -0.00870665 -0 0 0 -0 0 0 0 0 0 0 0 0 0 0 0 0 0 1 13140.2 13140.2 13140.2 13140.2
-15 0 1 -15 0 1.00671 0 0 0 0 0 -0.00879047 -0 0 0 -0 0 0 0 0 0 0 0 0 0 0 0 0 0 1 13140.7 13140.7 13140.7 13140.7
-15 0 1 -15 0 1.00667 0 0 0 0 0 -0.00886869 -0 0 0 -0 0 0 0 0 0 0 0 0 0 0 0 0 0 1 13141.2 13141.2 13141.2 13141.2
-15 0 1 -15 0 1.00658 0 0 0 0 0 -0.00901349 -0 0 0 -0 0 0 0 0 0 0 0 0 0 0 0 0 0 1 13142.1 13142.1 13142.1 13142.1
-15 0 1 -15 0 1.00658 0 0 0 0 0 -0.00901349 -0 0 0 -0 0 0 0 0 0 0 0 0 0 0 0 0 0 1 13142.1 13142.1 13142.1 13142.1
-15 0 1 -15 0 1.00649 0 0 0 0 0 -0.00914318 -0 0 0 -0 0 0 0 0 0 0 0 0 0 0 0 0 0 1 13143 13143 13143 13143
-15 0 1 -15 0 1.00649 0 0 0 0 0 -0.00914318 -0 0 0 -0 0 0 0 0 0 0 0 0 0 0 0 0 0 1 13143 13143 13143 13143
-15 0 1 -15 0 1.0064 0 0 0 0 0 -0.00925896 -0 0 0 -0 0 0 0 0 0 0 0 0 0 0 0 0 0 1 13143.9 13143.9 13143.9 13143.9
-15 0 1 -15 0 1.00635 0 0 0 0 0 -0.00931085 -0 0 0 -0 0 0 0 0 0 0 0 0 0 0 0 0 0 1 13144.3 13144.3 13144.3 13144.3
-15 0 1 -15 0 1.0063 0 0 0 0 0 -0.00935832 -0 0 0 -0 0 0 0 0 0 0 0 0 0 0 0 0 0 1 13144.7 13144.7 13144.7 13144.7
-15 0 1 -15 0 1.0063 0 0 0 0 0 -0.00935832 -0 0 0 -0 0 0 0 0 0 0 0 0 0 0 0 0 0 1 13144.7 13144.7 13144.7 13144.7
-15 0 1 -15 0 1.00626 0 0 0 0 0 -0.00940336 -0 0 0 -0 0 0 0 0 0 0 0 0 0 0 0 0 0 1 13145.1 13145.1 13145.1 13145.1
-15 0 1 -15 0 1.00621 0 0 0 0 0 -0.00944972 -0 0 0 -0 0 0 0 0 0 0 0 0 0 0 0 0 0 1 13145.5 13145.5 13145.5 13145.5
-15 0 1 -15 0 1.00616 0 0 0 0 0 -0.00949275 -0 0 0 -0 0 0 0 0 0 0 0 0 0 0 0 0 0 1 13145.9 13145.9 13145.9 13145.9
-15 0 1 -15 0 1.00611 0 0 0 0 0 -0.00953077 -0 0 0 -0 0 0 0 0 0 0 0 0 0 0 0 0 0 1 13146.3 13146.3 13146.3 13146.3
-15 0 1 -15 0 1.00607 0 0 0 0 0 -0.00956671 -0 0 0 -0 0 0 0 0 0 0 0 0 0 0 0 0 0 1 13146.6 13146.6 13146.6 13146.6
-15 0 1 -15 0 1.00602 0 0 0 0 0 -0.00960158 -0 0 0 -0 0 0 0 0 0 0 0 0 0 0 0 0 0 1 13147 13147 13147 13147
-15 0 1 -15 0 1.00597 0 0 0 0 0 -0.0096328 -0 0 0 -0 0 0 0 0 0 0 0 0 0 0 0 0 0 1 13147.4 13147.4 13147.4 13147.4
-15 0 1 -15 0 1.00592 0 0 0 0 0 -0.00965976 -0 0 0 -0 0 0 0 0 0 0 0 0 0 0 0 0 0 1 13147.7 13147.7 13147.7 13147.7
-15 0 1 -15 0 1.00587 0 0 0 0 0 -0.00968415 -0 0 0 -0 0 0 0 0 0 0 0 0 0 0 0 0 0 1 13148.1 13148.1 13148.1 13148.1
-15 0 1 -15 0 1.00578 0 0 0 0 0 -0.00972705 -0 0 0 -0 0 0 0 0 0 0 0 0 0 0 0 0 0 1 13148.7 13148.7 13148.7 13148.7
-15 0 1 -15 0 1.00578 0 0 0 0 0 -0.00972705 -0 0 0 -0 0 0 0 0 0 0 0 0 0 0 0 0 0 1 13148.7 13148.7 13148.7 13148.7
-15 0 1 -15 0 1.00568 0 0 0 0 0 -0.0097571 -0 0 0 -0 0 0 0 0 0 0 0 0 0 0 0 0 0 1 13149.4 13149.4 13149.4 13149.4
-15 0 1 -15 0 1.00568 0 0 0 0 0 -0.0097571 -0 0 0 -0 0 0 0 0 0 0 0 0 0 0 0 0 0 1 13149.4 13149.4 13149.4 13149.4
-15 0 1 -15 0 1.00563 0 0 0 0 0 -0.00976732 -0 0 0 -0 0 0 0 0 0 0 0 0 0 0 0 0 0 1 13149.7 13149.7 13149.7 13149.7
-15 0 1 -15 0 1.00553 0 0 0 0 0 -0.00978579 -0 0 0 -0 0 0 0 0 0 0 0 0 0 0 0 0 0 1 13150.3 13150.3 13150.3 13150.3
-15 0 1 -15 0 1.00553 0 0 0 0 0 -0.00978579 -0 0 0 -0 0 0 0 0 0 0 0 0 0 0 0 0 0 1 13150.3 13150.3 13150.3 13150.3
-15 0 1 -15 0 1.00544 0 0 0 0 0 -0.00979302 -0 0 0 -0 0 0 0 0 0 0 0 0 0 0 0 0 0 1 13150.8 13150.8 13150.8 13150.8
-15 0 1 -15 0 1.00544 0 0 0 0 0 -0.00979302 -0 0 0 -0 0 0 0 0 0 0 0 0 0 0 0 0 0 1 13150.8 13150.8 13150.8 13150.8
-15 0 1 -15 0 1.00539 0 0 0 0 0 -0.00979243 -0 0 0 -0 0 0 0 0 0 0 0 0 0 0 0 0 0 1 13151.1 13151.1 13151.1 13151.1
-15 0 1 -15 0 1.00534 0 0 0 0 0 -0.00979186 -0 0 0 -0 0 0 0 0 0 0 0 0 0 0 0 0 0 1 13151.4 13151.4 13151.4 13151.4
-15 0 1 -15 0 1.00524 0 0 0 0 0 -0.0097846 -0 0 0 -0 0 0 0 0 0 0 0 0 0 0 0 0 0 1 13151.9 13151.9 13151.9 13151.9
-15 0 1 -15 0 1.00524 0 0 0 0 0 -0.0097846 -0 0 0 -0 0 0 0 0 0 0 0 0 0 0 0 0 0 1 13151.9 13151.9 13151.9 13151.9
-15 0 1 -15 0 1.00519 0 0 0 0 0 -0.00977608 -0 0 0 -0 0 0 0 0 0 0 0 0 0 0 0 0 0 1 13152.1 13152.1 13152.1 13152.1
-15 0 1 -15 0 1.00509 0 0 0 0 0 -0.00975742 -0 0 0 -0 0 0 0 0 0 0 0 0 0 0 0 0 0 1 13152.6 13152.6 13152.6 13152.6
-15 0 1 -15 0 1.00509 0 0 0 0 0 -0.00975742 -0 0 0 -0 0 0 0 0 0 0 0 0 0 0 0 0 0 1 13152.6 13152.6 13152.6 13152.6
-15 0 1 -15 0 1.00504 0 0 0 0 0 -0.00974322 -0 0 0 -0 0 0 0 0 0 0 0 0 0 0 0 0 0 1 13152.8 13152.8 13152.8 13152.8
-15 0 1 -15 0 1.00495 0 0 0 0 0 -0.00971371 -0 0 0 -0 0 0 0 0 0 0 0 0 0 0 0 0 0 1 13153.3 13153.3 13153.3 13153.3
-15 0 1 -15 0 1.00495 0 0 0 0 0 -0.00971371 -0 0 0 -0 0 0 0 0 0 0 0 0 0 0 0 0 0 1 13153.3 13153.3 13153.3 13153.3
-15 0 1 -15 0 1.0049 0 0 0 0 0 -0.00969492 -0 0 0 -0 0 0 0 0 0 0 0 0 0 0 0 0 0 1 13153.5 13153.5 13153.5 13153.5
-15 0 1 -15 0 1.0048 0 0 0 0 0 -0.00965561 -0 0 0 -0 0 0 0 0 0 0 0 0 0 0 0 0 0 1 13153.9 13153.9 13153.9 13153.9
-15 0 1 -15 0 1.0048 0 0 0 0 0 -0.00965561 -0 0 0 -0 0 0 0 0 0 0 0 0 0 0 0 0 0 1 13153.9 13153.9 13153.9 13153.9
-15 0 1 -15 0 1.00475 0 0 0 0 0 -0.00963185 -0 0 0 -0 0 0 0 0 0 0 0 0 0 0 0 0 0 1 13154.1 13154.1 13154.1 13154.1
-15 0 1 -15 0 1.00466 0 0 0 0 0 -0.00958317 -0 0 0 -0 0 0 0 0 0 0 0 0 0 0 0 0 0 1 13154.5 13154.5 13154.5 13154.5
-15 0 1 -15 0 1.00461 0 0 0 0 0 -0.00955507 -0 0 0 -0 0 0 0 0 0 0 0 0 0 0 0 0 0 1 13154.7 13154.7 13154.7 13154.7
-15 0 1 -15 0 1.00461 0 0 0 0 0 -0.00955507 -0 0 0 -0 0 0 0 0 0 0 0 0 0 0 0 0 0 1 13154.7 13154.7 13154.7 13154.7
-15 0 1 -15 0 1.00451 0 0 0 0 0 -0.00949688 -0 0 0 -0 0 0 0 0 0 0 0 0 0 0 0 0 0 1 13155 13155 13155 13155
-15 0 1 -15 0 1.00451 0 0 0 0 0 -0.00949688 -0 0 0 -0 0 0 0 0 0 0 0 0 0 0 0 0 0 1 13155 13155 13155 13155
-15 0 1 -15 0 1.00447 0 0 0 0 0 -0.00946471 -0 0 0 -0 0 0 0 0 0 0 0 0 0 0 0 0 0 1 13155.2 13155.2 13155.2 13155.2
-15 0 1 -15 0 1.00442 0 0 0 0 0 -0.00943237 -0 0 0 -0 0 0 0 0 0 0 0 0 0 0 0 0 0 1 13155.4 13155.4 13155.4 13155.4
-15 0 1 -15 0 1.00437 0 0 0 0 0 -0.00939933 -0 0 0 -0 0 0 0 0 0 0 0 0 0 0 0 0 0 1 13155.5 13155.5 13155.5 13155.5
-15 0 1 -15 0 1.00428 0 0 0 0 0 -0.00933008 -0 0 0 -0 0 0 0 0 0 0 0 0 0 0 0 0 0 1 13155.8 13155.8 13155.8 13155.8
-15 0 1 -15 0 1.00428 0 0 0 0 0 -0.00933008 -0 0 0 -0 0 0 0 0 0 0 0 0 0 0 0 0 0 1 13155.8 13155.8 13155.8 13155.8
-15 0 1 -15 0 1.00423 0 0 0 0 0 -0.00928831 -0 0 0 -0 0 0 0 0 0 0 0 0 0 0 0 0 0 1 13156 13156 13156 13156
-15 0 1 -15 0 1.00418 0 0 0 0 0 -0.00925206 -0 0 0 -0 0 0 0 0 0 0 0 0 0 0 0 0 0 1 13156.1 13156.1 13156.1 13156.1
-15 0 1 -15 0 1.00414 0 0 0 0 0 -0.00921487 -0 0 0 -0 0 0 0 0 0 0 0 0 0 0 0 0 0 1 13156.2 13156.2 13156.2 13156.2
-15 0 1 -15 0 1.00409 0 0 0 0 0 -0.00917525 -0 0 0 -0 0 0 0 0 0 0 0 0 0 0 0 0 0 1 13156.4 13156.4 13156.4 13156.4
-15 0 1 -15 0 1.00405 0 0 0 0 0 -0.00913479 -0 0 0 -0 0 0 0 0 0 0 0 0 0 0 0 0 0 1 13156.5 13156.5 13156.5 13156.5
-15 0 1 -15 0 1.004 0 0 0 0 0 -0.00909261 -0 0 0 -0 0 0 0 0 0 0 0 0 0 0 0 0 0 1 13156.6 13156.6 13156.6 13156.6
-15 0 1 -15 0 1.00396 0 0 0 0 0 -0.00904992 -0 0 0 -0 0 0 0 0 0 0 0 0 0 0 0 0 0 1 13156.7 13156.7 13156.7 13156.7
-15 0 1 -15 0 1.00391 0 0 0 0 0 -0.00900526 -0 0 0 -0 0 0 0 0 0 0 0 0 0 0 0 0 0 1 13156.9 13156.9 13156.9 13156.9
-15 0 1 -15 0 1.00387 0 0 0 0 0 -0.00896165 -0 0 0 -0 0 0 0 0 0 0 0 0 0 0 0 0 0 1 13157 13157 13157 13157
-15 0 1 -15 0 1.00382 0 0 0 0 0 -0.00891586 -0 0 0 -0 0 0 0 0 0 0 0 0 0 0 0 0 0 1 13157.1 13157.1 13157.1 13157.1
-15 0 1 -15 0 1.00378 0 0 0 0 0 -0.00886863 -0 0 0 -0 0 0 0 0 0 0 0 0 0 0 0 0 0 1 13157.2 13157.2 13157.2 13157.2
-15 0 1 -15 0 1.00373 0 0 0 0 0 -0.00882168 -0 0 0 -0 0 0 0 0 0 0 0 0 0 0 0 0 0 1 13157.3 13157.3 13157.3 13157.3
-15 0 1 -15 0 1.00369 0 0 0 0 0 -0.00877331 -0 0 0 -0 0 0 0 0 0 0 0 0 0 0 0 0 0 1 13157.4 13157.4 13157.4 13157.4
-15 0 1 -15 0 1.00364 0 0 0 0 0 -0.00872548 -0 0 0 -0 0 0 0 0 0 0 0 0 0 0 0 0 0 1 13157.5 13157.5 13157.5 13157.5
-15 0 1 -15 0 1.0036 0 0 0 0 0 -0.00867603 -0 0 0 -0 0 0 0 0 0 0 0 0 0 0 0 0 0 1 13157.6 13157.6 13157.6 13157.6
-15 0 1 -15 0 1.00356 0 0 0 0 0 -0.00862474 -0 0 0 -0 0 0 0 0 0 0 0 0 0 0 0 0 0 1 13157.6 13157.6 13157.6 13157.6
-15 0 1 -15 0 1.00347 0 0 0 0 0 -0.008524 -0 0 0 -0 0 0 0 0 0 0 0 0 0 0 0 0 0 1 13157.8 13157.8 13157.8 13157.8
-15 0 1 -15 0 1.00347 0 0 0 0 0 -0.008524 -0 0 0 -0 0 0 0 0 0 0 0 0 0 0 0 0 0 1 13157.8 13157.8 13157.8 13157.8
-15 0 1 -15 0 1.00343 0 0 0 0 0 -0.00847012 -0 0 0 -0 0 0 0 0 0 0 0 0 0 0 0 0 0 1 13157.9 13157.9 13157.9 13157.9
-15 0 1 -15 0 1.0033 0 0 0 0 0 -0.00831292 -0 0 0 -0 0 0 0 0 0 0 0 0 0 0 0 0 0 1 13158.1 13158.1 13158.1 13158.1
-15 0 1 -15 0 1.0033 0 0 0 0 0 -0.00831292 -0 0 0 -0 0 0 0 0 0 0 0 0 0 0 0 0 0 1 13158.1 13158.1 13158.1 13158.1
-15 0 1 -15 0 1.0033 0 0 0 0 0 -0.00831292 -0 0 0 -0 0 0 0 0 0 0 0 0 0 0 0 0 0 1 13158.1 13158.1 13158.1 13158.1
-15 0 1 -15 0 1.00326 0 0 0 0 0 -0.00825646 -0 0 0 -0 0 0 0 0 0 0 0 0 0 0 0 0 0 1 13158.2 13158.2 13158.2 13158.2
-15 0 1 -15 0 1.00318 0 0 0 0 0 -0.00814723 -0 0 0 -0 0 0 0 0 0 0 0 0 0 0 0 0 0 1 13158.3 13158.3 13158.3 13158.3
-15 0 1 -15 0 1.00318 0 0 0 0 0 -0.00814723 -0 0 0 -0 0 0 0 0 0 0 0 0 0 0 0 0 0 1 13158.3 13158.3 13158.3 13158.3
-15 0 1 -15 0 1.00314 0 0 0 0 0 -0.00809177 -0 0 0 -0 0 0 0 0 0 0 0 0 0 0 0 0 0 1 13158.3 13158.3 13158.3 13158.3
-15 0 1 -15 0 1.0031 0 0 0 0 0 -0.00803498 -0 0 0 -0 0 0 0 0 0 0 0 0 0 0 0 0 0 1 13158.4 13158.4 13158.4 13158.4
-15 0 1 -15 0 1.00306 0 0 0 0 0 -0.00797884 -0 0 0 -0 0 0 0 0 0 0 0 0 0 0 0 0 0 1 13158.4 13158.4 13158.4 13158.4
-15 0 1 -15 0 1.00302 0 0 0 0 0 -0.00792247 -0 0 0 -0 0 0 0 0 0 0 0 0 0 0 0 0 0 1 13158.5 13158.5 13158.5 13158.5
-15 0 1 -15 0 1.00298 0 0 0 0 0 -0.00786502 -0 0 0 -0 0 0 0 0 0 0 0 0 0 0 0 0 0 1 13158.5 13158.5 13158.5 13158.5
-15 0 1 -15 0 1.00294 0 0 0 0 0 -0.00780804 -0 0 0 -0 0 0 0 0 0 0 0 0 0 0 0 0 0 1 13158.5 13158.5 13158.5 13158.5
-15 0 1 -15 0 1.0029 0 0 0 0 0 -0.00774937 -0 0 0 -0 0 0 0 0 0 0 0 0 0 0 0 0 0 1 13158.6 13158.6 13158.6 13158.6
-15 0 1 -15 0 1.00286 0 0 0 0 0 -0.00769101 -0 0 0 -0 0 0 0 0 0 0 0 0 0 0 0 0 0 1 13158.6 13158.6 13158.6 13158.6
-15 0 1 -15 0 1.00282 0 0 0 0 0 -0.00762914 -0 0 0 -0 0 0 0 0 0 0 0 0 0 0 0 0 0 1 13158.7 13158.7 13158.7 13158.7
-15 0 1 -15 0 1.00275 0 0 0 0 0 -0.00751553 -0 0 0 -0 0 0 0 0 0 0 0 0 0 0 0 0 0 1 13158.7 13158.7 13158.7 13158.7
-15 0 1 -15 0 1.00275 0 0 0 0 0 -0.00751553 -0 0 0 -0 0 0 0 0 0 0 0 0 0 0 0 0 0 1 13158.7 13158.7 13158.7 13158.7
-15 0 1 -15 0 1.00267 0 0 0 0 0 -0.00739654 -0 0 0 -0 0 0 0 0 0 0 0 0 0 0 0 0 0 1 13158.8 13158.8 13158.8 13158.8
-15 0 1 -15 0 1.00267 0 0 0 0 0 -0.00739654 -0 0 0 -0 0 0 0 0 0 0 0 0 0 0 0 0 0 1 13158.8 13158.8 13158.8 13158.8
-15 0 1 -15 0 1.00263 0 0 0 0 0 -0.00733673 -0 0 0 -0 0 0 0 0 0 0 0 0 0 0 0 0 0 1 13158.8 13158.8 13158.8 13158.8
-15 0 1 -15 0 1.0026 0 0 0 0 0 -0.00727677 -0 0 0 -0 0 0 0 0 0 0 0 0 0 0 0 0 0 1 13158.8 13158.8 13158.8 13158.8
-15 0 1 -15 0 1.00256 0 0 0 0 0 -0.00721728 -0 0 0 -0 0 0 0 0 0 0 0 0 0 0 0 0 0 1 13158.8 13158.8 13158.8 13158.8
-15 0 1 -15 0 1.00252 0 0 0 0 0 -0.0071573 -0 0 0 -0 0 0 0 0 0 0 0 0 0 0 0 0 0 1 13158.8 13158.8 13158.8 13158.8
-15 0 1 -15 0 1.00249 0 0 0 0 0 -0.0070971 -0 0 0 -0 0 0 0 0 0 0 0 0 0 0 0 0 0 1 13158.8 13158.8 13158.8 13158.8
-15 0 1 -15 0 1.00245 0 0 0 0 0 -0.00703479 -0 0 0 -0 0 0 0 0 0 0 0 0 0 0 0 0 0 1 13158.9 13158.9 13158.9 13158.9
-15 0 1 -15 0 1.00242 0 0 0 0 0 -0.00697516 -0 0 0 -0 0 0 0 0 0 0 0 0 0 0 0 0 0 1 13158.9 13158.9 13158.9 13158.9
-15 0 1 -15 0 1.00238 0 0 0 0 0 -0.00691496 -0 0 0 -0 0 0 0 0 0 0 0 0 0 0 0 0 0 1 13158.9 13158.9 13158.9 13158.9
-15 0 1 -15 0 1.00235 0 0 0 0 0 -0.00685562 -0 0 0 -0 0 0 0 0 0 0 0 0 0 0 0 0 0 1 13158.9 13158.9 13158.9 13158.9
-15 0 1 -15 0 1.00231 0 0 0 0 0 -0.00679474 -0 0 0 -0 0 0 0 0 0 0 0 0 0 0 0 0 0 1 13158.9 13158.9 13158.9 13158.9
-15 0 1 -15 0 1.00225 0 0 0 0 0 -0.00667385 -0 0 0 -0 0 0 0 0 0 0 0 0 0 0 0 0 0 1 13158.9 13158.9 13158.9 13158.9
-15 0 1 -15 0 1.00225 0 0 0 0 0 -0.00667385 -0 0 0 -0 0 0 0 0 0 0 0 0 0 0 0 0 0 1 13158.9 13158.9 13158.9 13158.9
-15 0 1 -15 0 1.00218 0 0 0 0 0 -0.0065516 -0 0 0 -0 0 0 0 0 0 0 0 0 0 0 0 0 0 1 13158.9 13158.9 13158.9 13158.9
-15 0 1 -15 0 1.00215 0 0 0 0 0 -0.00649144 -0 0 0 -0 0 0 0 0 0 0 0 0 0 0 0 0 0 1 13158.9 13158.9 13158.9 13158.9
-15 0 1 -15 0 1.00215 0 0 0 0 0 -0.00649144 -0 0 0 -0 0 0 0 0 0 0 0 0 0 0 0 0 0 1 13158.9 13158.9 13158.9 13158.9
-15 0 1 -15 0 1.00208 0 0 0 0 0 -0.00637058 -0 0 0 -0 0 0 0 0 0 0 0 0 0 0 0 0 0 1 13158.9 13158.9 13158.9 13158.9
-15 0 1 -15 0 1.00205 0 0 0 0 0 -0.00631009 -0 0 0 -0 0 0 0 0 0 0 0 0 0 0 0 0 0 1 13158.8 13158.8 13158.8 13158.8
-15 0 1 -15 0 1.00205 0 0 0 0 0 -0.00631009 -0 0 0 -0 0 0 0 0 0 0 0 0 0 0 0 0 0 1 13158.8 13158.8 13158.8 13158.8
-15 0 1 -15 0 1.00202 0 0 0 0 0 -0.00624815 -0 0 0 -0 0 0 0 0 0 0 0 0 0 0 0 0 0 1 13158.8 13158.8 13158.8 13158.8
-15 0 1 -15 0 1.00196 0 0 0 0 0 -0.00612912 -0 0 0 -0 0 0 0 0 0 0 0 0 0 0 0 0 0 1 13158.8 13158.8 13158.8 13158.8
-15 0 1 -15 0 1.00196 0 0 0 0 0 -0.00612912 -0 0 0 -0 0 0 0 0 0 0 0 0 0 0 0 0 0 1 13158.8 13158.8 13158.8 13158.8
-15 0 1 -15 0 1.00193 0 0 0 0 0 -0.00606923 -0 0 0 -0 0 0 0 0 0 0 0 0 0 0 0 0 0 1 13158.8 13158.8 13158.8 13158.8
-15 0 1 -15 0 1.0019 0 0 0 0 0 -0.00600907 -0 0 0 -0 0 0 0 0 0 0 0 0 0 0 0 0 0 1 13158.8 13158.8 13158.8 13158.8
-15 0 1 -15 0 1.00184 0 0 0 0 0 -0.00588893 -0 0 0 -0 0 0 0 0 0 0 0 0 0 0 0 0 0 1 13158.7 13158.7 13158.7 13158.7
-15 0 1 -15 0 1.00184 0 0 0 0 0 -0.00588893 -0 0 0 -0 0 0 0 0 0 0 0 0 0 0 0 0 0 1 13158.7 13158.7 13158.7 13158.7
-15 0 1 -15 0 1.00181 0 0 0 0 0 -0.00582929 -0 0 0 -0 0 0 0 0 0 0 0 0 0 0 0 0 0 1 13158.7 13158.7 13158.7 13158.7
-15 0 1 -15 0 1.00175 0 0 0 0 0 -0.00571099 -0 0 0 -0 0 0 0 0 0 0 0 0 0 0 0 0 0 1 13158.7 13158.7 13158.7 13158.7
-15 0 1 -15 0 1.00172 0 0 0 0 0 -0.00565179 -0 0 0 -0 0 0 0 0 0 0 0 0 0 0 0 0 0 1 13158.6 13158.6 13158.6 13158.6
-15 0 1 -15 0 1.00172 0 0 0 0 0 -0.00565179 -0 0 0 -0 0 0 0 0 0 0 0 0 0 0 0 0 0 1 13158.6 13158.6 13158.6 13158.6
-15 0 1 -15 0 1.00166 0 0 0 0 0 -0.00553417 -0 0 0 -0 0 0 0 0 0 0 0 0 0 0 0 0 0 1 13158.6 13158.6 13158.6 13158.6
-15 0 1 -15 0 1.00166 0 0 0 0 0 -0.00553417 -0 0 0 -0 0 0 0 0 0 0 0 0 0 0 0 0 0 1 13158.6 13158.6 13158.6 13158.6
-15 0 1 -15 0 1.00164 0 0 0 0 0 -0.00547499 -0 0 0 -0 0 0 0 0 0 0 0 0 0 0 0 0 0 1 13158.6 13158.6 13158.6 13158.6
-15 0 1 -15 0 1.00161 0 0 0 0 0 -0.00541541 -0 0 0 -0 0 0 0 0 0 0 0 0 0 0 0 0 0 1 13158.5 13158.5 13158.5 13158.5
-15 0 1 -15 0 1.00158 0 0 0 0 0 -0.00535681 -0 0 0 -0 0 0 0 0 0 0 0 0 0 0 0 0 0 1 13158.5 13158.5 13158.5 13158.5
-15 0 1 -15 0 1.00153 0 0 0 0 0 -0.00524277 -0 0 0 -0 0 0 0 0 0 0 0 0 0 0 0 0 0 1 13158.4 13158.4 13158.4 13158.4
-15 0 1 -15 0 1.00153 0 0 0 0 0 -0.00524277 -0 0 0 -0 0 0 0 0 0 0 0 0 0 0 0 0 0 1 13158.4 13158.4 13158.4 13158.4
-15 0 1 -15 0 1.00148 0 0 0 0 0 -0.00512657 -0 0 0 -0 0 0 0 0 0 0 0 0 0 0 0 0 0 1 13158.4 13158.4 13158.4 13158.4
-15 0 1 -15 0 1.00148 0 0 0 0 0 -0.00512657 -0 0 0 -0 0 0 0 0 0 0 0 0 0 0 0 0 0 1 13158.4 13158.4 13158.4 13158.4
-15 0 1 -15 0 1.00145 0 0 0 0 0 -0.00507047 -0 0 0 -0 0 0 0 0 0 0 0 0 0 0 0 0 0 1 13158.3 13158.3 13158.3 13158.3
-15 0 1 -15 0 1.00143 0 0 0 0 0 -0.00501366 -0 0 0 -0 0 0 0 0 0 0 0 0 0 0 0 0 0 1 13158.3 13158.3 13158.3 13158.3
-15 0 1 -15 0 1.00138 0 0 0 0 0 -0.00490122 -0 0 0 -0 0 0 0 0 0 0 0 0 0 0 0 0 0 1 13158.2 13158.2 13158.2 13158.2
-15 0 1 -15 0 1.00135 0 0 0 0 0 -0.00484502 -0 0 0 -0 0 0 0 0 0 0 0 0 0 0 0 0 0 1 13158.2 13158.2 13158.2 13158.2
-15 0 1 -15 0 1.00135 0 0 0 0 0 -0.00484502 -0 0 0 -0 0 0 0 0 0 0 0 0 0 0 0 0 0 1 13158.2 13158.2 13158.2 13158.2
-15 0 1 -15 0 1.0013 0 0 0 0 0 -0.00473415 -0 0 0 -0 0 0 0 0 0 0 0 0 0 0 0 0 0 1 13158.1 13158.1 13158.1 13158.1
-15 0 1 -15 0 1.00128 0 0 0 0 0 -0.00467861 -0 0 0 -0 0 0 0 0 0 0 0 0 0 0 0 0 0 1 13158.1 13158.1 13158.1 13158.1
-15 0 1 -15 0 1.00128 0 0 0 0 0 -0.00467861 -0 0 0 -0 0 0 0 0 0 0 0 0 0 0 0 0 0 1 13158.1 13158.1 13158.1 13158.1
-15 0 1 -15 0 1.00126 0 0 0 0 0 -0.00462362 -0 0 0 -0 0 0 0 0 0 0 0 0 0 0 0 0 0 1 13158 13158 13158 13158
-15 0 1 -15 0 1.00123 0 0 0 0 0 -0.0045695 -0 0 0 -0 0 0 0 0 0 0 0 0 0 0 0 0 0 1 13158 13158 13158 13158
-15 0 1 -15 0 1.00121 0 0 0 0 0 -0.00451354 -0 0 0 -0 0 0 0 0 0 0 0 0 0 0 0 0 0 1 13158 13158 13158 13158
-15 0 1 -15 0 1.00119 0 0 0 0 0 -0.00445968 -0 0 0 -0 0 0 0 0 0 0 0 0 0 0 0 0 0 1 13157.9 13157.9 13157.9 13157.9
-15 0 1 -15 0 1.00114 0 0 0 0 0 -0.00435312 -0 0 0 -0 0 0 0 0 0 0 0 0 0 0 0 0 0 1 13157.8 13157.8 13157.8 13157.8
-15 0 1 -15 0 1.00114 0 0 0 0 0 -0.00435312 -0 0 0 -0 0 0 0 0 0 0 0 0 0 0 0 0 0 1 13157.8 13157.8 13157.8 13157.8
-15 0 1 -15 0 1.00112 0 0 0 0 0 -0.00430025 -0 0 0 -0 0 0 0 0 0 0 0 0 0 0 0 0 0 1 13157.8 13157.8 13157.8 13157.8
-15 0 1 -15 0 1.00108 0 0 0 0 0 -0.00419498 -0 0 0 -0 0 0 0 0 0 0 0 0 0 0 0 0 0 1 13157.7 13157.7 13157.7 13157.7
-15 0 1 -15 0 1.00108 0 0 0 0 0 -0.00419498 -0 0 0 -0 0 0 0 0 0 0 0 0 0 0 0 0 0 1 13157.7 13157.7 13157.7 13157.7
-15 0 1 -15 0 1.00106 0 0 0 0 0 -0.00414217 -0 0 0 -0 0 0 0 0 0 0 0 0 0 0 0 0 0 1 13157.7 13157.7 13157.7 13157.7
-15 0 1 -15 0 1.00104 0 0 0 0 0 -0.00409 -0 0 0 -0 0 0 0 0 0 0 0 0 0 0 0 0 0 1 13157.6 13157.6 13157.6 13157.6
-15 0 1 -15 0 1.00102 0 0 0 0 0 -0.00403803 -0 0 0 -0 0 0 0 0 0 0 0 0 0 0 0 0 0 1 13157.6 13157.6 13157.6 13157.6
-15 0 1 -15 0 1.001 0 0 0 0 0 -0.00398784 -0 0 0 -0 0 0 0 0 0 0 0 0 0 0 0 0 0 1 13157.5 13157.5 13157.5 13157.5
-15 0 1 -15 0 1.00098 0 0 0 0 0 -0.00393741 -0 0 0 -0 0 0 0 0 0 0 0 0 0 0 0 0 0 1 13157.5 13157.5 13157.5 13157.5
-15 0 1 -15 0 1.00094 0 0 0 0 0 -0.00383669 -0 0 0 -0 0 0 0 0 0 0 0 0 0 0 0 0 0 1 13157.4 13157.4 13157.4 13157.4
-15 0 1 -15 0 1.00092 0 0 0 0 0 -0.00378706 -0 0 0 -0 0 0 0 0 0 0 0 0 0 0 0 0 0 1 13157.3 13157.3 13157.3 13157.3
-15 0 1 -15 0 1.00092 0 0 0 0 0 -0.00378706 -0 0 0 -0 0 0 0 0 0 0 0 0 0 0 0 0 0 1 13157.3 13157.3 13157.3 13157.3
-15 0 1 -15 0 1.0009 0 0 0 0 0 -0.00373795 -0 0 0 -0 0 0 0 0 0 0 0 0 0 0 0 0 0 1 13157.3 13157.3 13157.3 13157.3
-15 0 1 -15 0 1.00088 0 0 0 0 0 -0.00368793 -0 0 0 -0 0 0 0 0 0 0 0 0 0 0 0 0 0 1 13157.2 13157.2 13157.2 13157.2
-15 0 1 -15 0 1.00084 0 0 0 0 0 -0.0035906 -0 0 0 -0 0 0 0 0 0 0 0 0 0 0 0 0 0 1 13157.1 13157.1 13157.1 13157.1
-15 0 1 -15 0 1.00084 0 0 0 0 0 -0.0035906 -0 0 0 -0 0 0 0 0 0 0 0 0 0 0 0 0 0 1 13157.1 13157.1 13157.1 13157.1
-15 0 1 -15 0 1.00083 0 0 0 0 0 -0.00354333 -0 0 0 -0 0 0 0 0 0 0 0 0 0 0 0 0 0 1 13157.1 13157.1 13157.1 13157.1
-15 0 1 -15 0 1.00079 0 0 0 0 0 -0.00344767 -0 0 0 -0 0 0 0 0 0 0 0 0 0 0 0 0 0 1 13157 13157 13157 13157
-15 0 1 -15 0 1.00079 0 0 0 0 0 -0.00344767 -0 0 0 -0 0 0 0 0 0 0 0 0 0 0 0 0 0 1 13157 13157 13157 13157
-15 0 1 -15 0 1.00077 0 0 0 0 0 -0.00340166 -0 0 0 -0 0 0 0 0 0 0 0 0 0 0 0 0 0 1 13157 13157 13157 13157
-15 0 1 -15 0 1.00076 0 0 0 0 0 -0.00335555 -0 0 0 -0 0 0 0 0 0 0 0 0 0 0 0 0 0 1 13156.9 13156.9 13156.9 13156.9
-15 0 1 -15 0 1.00074 0 0 0 0 0 -0.00330872 -0 0 0 -0 0 0 0 0 0 0 0 0 0 0 0 0 0 1 13156.9 13156.9 13156.9 13156.9
-15 0 1 -15 0 1.00072 0 0 0 0 0 -0.00326251 -0 0 0 -0 0 0 0 0 0 0 0 0 0 0 0 0 0 1 13156.8 13156.8 13156.8 13156.8
-15 0 1 -15 0 1.00069 0 0 0 0 0 -0.00317281 -0 0 0 -0 0 0 0 0 0 0 0 0 0 0 0 0 0 1 13156.7 13156.7 13156.7 13156.7
-15 0 1 -15 0 1.00069 0 0 0 0 0 -0.00317281 -0 0 0 -0 0 0 0 0 0 0 0 0 0 0 0 0 0 1 13156.7 13156.7 13156.7 13156.7
-15 0 1 -15 0 1.00067 0 0 0 0 0 -0.00312801 -0 0 0 -0 0 0 0 0 0 0 0 0 0 0 0 0 0 1 13156.7 13156.7 13156.7 13156.7
-15 0 1 -15 0 1.00066 0 0 0 0 0 -0.00308286 -0 0 0 -0 0 0 0 0 0 0 0 0 0 0 0 0 0 1 13156.6 13156.6 13156.6 13156.6
-15 0 1 -15 0 1.00064 0 0 0 0 0 -0.00303977 -0 0 0 -0 0 0 0 0 0 0 0 0 0 0 0 0 0 1 13156.6 13156.6 13156.6 13156.6
-15 0 1 -15 0 1.00063 0 0 0 0 0 -0.00299467 -0 0 0 -0 0 0 0 0 0 0 0 0 0 0 0 0 0 1 13156.5 13156.5 13156.5 13156.5
-15 0 1 -15 0 1.00061 0 0 0 0 0 -0.00295186 -0 0 0 -0 0 0 0 0 0 0 0 0 0 0 0 0 0 1 13156.5 13156.5 13156.5 13156.5
-15 0 1 -15 0 1.0006 0 0 0 0 0 -0.00290903 -0 0 0 -0 0 0 0 0 0 0 0 0 0 0 0 0 0 1 13156.4 13156.4 13156.4 13156.4
-15 0 1 -15 0 1.00058 0 0 0 0 0 -0.00286721 -0 0 0 -0 0 0 0 0 0 0 0 0 0 0 0 0 0 1 13156.4 13156.4 13156.4 13156.4
-15 0 1 -15 0 1.00057 0 0 0 0 0 -0.00281724 -0 0 0 -0 0 0 0 0 0 0 0 0 0 0 0 0 0 1 13156.3 13156.3 13156.3 13156.3
-15 0 1 -15 0 1.00056 0 0 0 0 0 -0.00278253 -0 0 0 -0 0 0 0 0 0 0 0 0 0 0 0 0 0 1 13156.3 13156.3 13156.3 13156.3
-15 0 1 -15 0 1.00054 0 0 0 0 0 -0.00274165 -0 0 0 -0 0 0 0 0 0 0 0 0 0 0 0 0 0 1 13156.2 13156.2 13156.2 13156.2
-15 0 1 -15 0 1.00053 0 0 0 0 0 -0.00269864 -0 0 0 -0 0 0 0 0 0 0 0 0 0 0 0 0 0 1 13156.1 13156.1 13156.1 13156.1
-15 0 1 -15 0 1.0005 0 0 0 0 0 -0.00261933 -0 0 0 -0 0 0 0 0 0 0 0 0 0 0 0 0 0 1 13156.1 13156.1 13156.1 13156.1
-15 0 1 -15 0 1.00049 0 0 0 0 0 -0.00257986 -0 0 0 -0 0 0 0 0 0 0 0 0 0 0 0 0 0 1 13156 13156 13156 13156
-15 0 1 -15 0 1.00049 0 0 0 0 0 -0.00257986 -0 0 0 -0 0 0 0 0 0 0 0 0 0 0 0 0 0 1 13156 13156 13156 13156
-15 0 1 -15 0 1.00046 0 0 0 0 0 -0.00250189 -0 0 0 -0 0 0 0 0 0 0 0 0 0 0 0 0 0 1 13155.9 13155.9 13155.9 13155.9
-15 0 1 -15 0 1.00045 0 0 0 0 0 -0.00246325 -0 0 0 -0 0 0 0 0 0 0 0 0 0 0 0 0 0 1 13155.9 13155.9 13155.9 13155.9
-15 0 1 -15 0 1.00044 0 0 0 0 0 -0.00242481 -0 0 0 -0 0 0 0 0 0 0 0 0 0 0 0 0 0 1 13155.8 13155.8 13155.8 13155.8
-15 0 1 -15 0 1.00043 0 0 0 0 0 -0.00238775 -0 0 0 -0 0 0 0 0 0 0 0 0 0 0 0 0 0 1 13155.8 13155.8 13155.8 13155.8
-15 0 1 -15 0 1.00041 0 0 0 0 0 -0.00235002 -0 0 0 -0 0 0 0 0 0 0 0 0 0 0 0 0 0 1 13155.7 13155.7 13155.7 13155.7
-15 0 1 -15 0 1.0004 0 0 0 0 0 -0.00231338 -0 0 0 -0 0 0 0 0 0 0 0 0 0 0 0 0 0 1 13155.7 13155.7 13155.7 13155.7
-15 0 1 -15 0 1.00039 0 0 0 0 0 -0.00227684 -0 0 0 -0 0 0 0 0 0 0 0 0 0 0 0 0 0 1 13155.6 13155.6 13155.6 13155.6
-15 0 1 -15 0 1.00039 0 0 0 0 0 -0.00227684 -0 0 0 -0 0 0 0 0 0 0 0 0 0 0 0 0 0 1 13155.6 13155.6 13155.6 13155.6
-15 0 1 -15 0 1.00037 0 0 0 0 0 -0.00220432 -0 0 0 -0 0 0 0 0 0 0 0 0 0 0 0 0 0 1 13155.5 13155.5 13155.5 13155.5
-15 0 1 -15 0 1.00037 0 0 0 0 0 -0.00220432 -0 0 0 -0 0 0 0 0 0 0 0 0 0 0 0 0 0 1 13155.5 13155.5 13155.5 13155.5
-15 0 1 -15 0 1.00036 0 0 0 0 0 -0.00216902 -0 0 0 -0 0 0 0 0 0 0 0 0 0 0 0 0 0 1 13155.5 13155.5 13155.5 13155.5
-15 0 1 -15 0 1.00034 0 0 0 0 0 -0.0020981 -0 0 0 -0 0 0 0 0 0 0 0 0 0 0 0 0 0 1 13155.4 13155.4 13155.4 13155.4
-15 0 1 -15 0 1.00034 0 0 0 0 0 -0.0020981 -0 0 0 -0 0 0 0 0 0 0 0 0 0 0 0 0 0 1 13155.4 13155.4 13155.4 13155.4
-15 0 1 -15 0 1.00031 0 0 0 0 0 -0.0020295 -0 0 0 -0 0 0 0 0 0 0 0 0 0 0 0 0 0 1 13155.3 13155.3 13155.3 13155.3
-15 0 1 -15 0 1.00031 0 0 0 0 0 -0.0020295 -0 0 0 -0 0 0 0 0 0 0 0 0 0 0 0 0 0 1 13155.3 13155.3 13155.3 13155.3
-15 0 1 -15 0 1.0003 0 0 0 0 0 -0.00199475 -0 0 0 -0 0 0 0 0 0 0 0 0 0 0 0 0 0 1 13155.2 13155.2 13155.2 13155.2
-15 0 1 -15 0 1.00029 0 0 0 0 0 -0.00196101 -0 0 0 -0 0 0 0 0 0 0 0 0 0 0 0 0 0 1 13155.2 13155.2 13155.2 13155.2
-15 0 1 -15 0 1.00027 0 0 0 0 0 -0.00189576 -0 0 0 -0 0 0 0 0 0 0 0 0 0 0 0 0 0 1 13155.1 13155.1 13155.1 13155.1
-15 0 1 -15 0 1.00027 0 0 0 0 0 -0.00186352 -0 0 0 -0 0 0 0 0 0 0 0 0 0 0 0 0 0 1 13155 13155 13155 13155
-15 0 1 -15 0 1.00027 0 0 0 0 0 -0.00186352 -0 0 0 -0 0 0 0 0 0 0 0 0 0 0 0 0 0 1 13155 13155 13155 13155
-15 0 1 -15 0 1.00025 0 0 0 0 0 -0.00179966 -0 0 0 -0 0 0 0 0 0 0 0 0 0 0 0 0 0 1 13154.9 13154.9 13154.9 13154.9
-15 0 1 -15 0 1.00024 0 0 0 0 0 -0.00176886 -0 0 0 -0 0 0 0 0 0 0 0 0 0 0 0 0 0 1 13154.9 13154.9 13154.9 13154.9
-15 0 1 -15 0 1.00024 0 0 0 0 0 -0.00176886 -0 0 0 -0 0 0 0 0 0 0 0 0 0 0 0 0 0 1 13154.9 13154.9 13154.9 13154.9
-15 0 1 -15 0 1.00023 0 0 0 0 0 -0.00173705 -0 0 0 -0 0 0 0 0 0 0 0 0 0 0 0 0 0 1 13154.8 13154.8 13154.8 13154.8
-15 0 1 -15 0 1.00022 0 0 0 0 0 -0.00170686 -0 0 0 -0 0 0 0 0 0 0 0 0 0 0 0 0 0 1 13154.8 13154.8 13154.8 13154.8
-15 0 1 -15 0 1.00021 0 0 0 0 0 -0.00167621 -0 0 0 -0 0 0 0 0 0 0 0 0 0 0 0 0 0 1 13154.7 13154.7 13154.7 13154.7
-15 0 1 -15 0 1.0002 0 0 0 0 0 -0.00164618 -0 0 0 -0 0 0 0 0 0 0 0 0 0 0 0 0 0 1 13154.7 13154.7 13154.7 13154.7
-15 0 1 -15 0 1.0002 0 0 0 0 0 -0.00161657 -0 0 0 -0 0 0 0 0 0 0 0 0 0 0 0 0 0 1 13154.7 13154.7 13154.7 13154.7
-15 0 1 -15 0 1.00019 0 0 0 0 0 -0.00158636 -0 0 0 -0 0 0 0 0 0 0 0 0 0 0 0 0 0 1 13154.6 13154.6 13154.6 13154.6
-15 0 1 -15 0 1.00018 0 0 0 0 0 -0.00155705 -0 0 0 -0 0 0 0 0 0 0 0 0 0 0 0 0 0 1 13154.6 13154.6 13154.6 13154.6
-15 0 1 -15 0 1.00017 0 0 0 0 0 -0.00152921 -0 0 0 -0 0 0 0 0 0 0 0 0 0 0 0 0 0 1 13154.5 13154.5 13154.5 13154.5
-15 0 1 -15 0 1.00016 0 0 0 0 0 -0.00149814 -0 0 0 -0 0 0 0 0 0 0 0 0 0 0 0 0 0 1 13154.5 13154.5 13154.5 13154.5
-15 0 1 -15 0 1.00016 0 0 0 0 0 -0.00147216 -0 0 0 -0 0 0 0 0 0 0 0 0 0 0 0 0 0 1 13154.4 13154.4 13154.4 13154.4
-15 0 1 -15 0 1.00015 0 0 0 0 0 -0.00144474 -0 0 0 -0 0 0 0 0 0 0 0 0 0 0 0 0 0 1 13154.4 13154.4 13154.4 13154.4
-15 0 1 -15 0 1.00014 0 0 0 0 0 -0.00141715 -0 0 0 -0 0 0 0 0 0 0 0 0 0 0 0 0 0 1 13154.3 13154.3 13154.3 13154.3
-15 0 1 -15 0 1.00013 0 0 0 0 0 -0.00136371 -0 0 0 -0 0 0 0 0 0 0 0 0 0 0 0 0 0 1 13154.2 13154.2 13154.2 13154.2
-15 0 1 -15 0 1.00012 0 0 0 0 0 -0.00133745 -0 0 0 -0 0 0 0 0 0 0 0 0 0 0 0 0 0 1 13154.2 13154.2 13154.2 13154.2
-15 0 1 -15 0 1.00012 0 0 0 0 0 -0.00133745 -0 0 0 -0 0 0 0 0 0 0 0 0 0 0 0 0 0 1 13154.2 13154.2 13154.2 13154.2
-15 0 1 -15 0 1.00011 0 0 0 0 0 -0.00128616 -0 0 0 -0 0 0 0 0 0 0 0 0 0 0 0 0 0 1 13154.1 13154.1 13154.1 13154.1
-15 0 1 -15 0 1.0001 0 0 0 0 0 -0.001261 -0 0 0 -0 0 0 0 0 0 0 0 0 0 0 0 0 0 1 13154.1 13154.1 13154.1 13154.1
-15 0 1 -15 0 1.0001 0 0 0 0 0 -0.001261 -0 0 0 -0 0 0 0 0 0 0 0 0 0 0 0 0 0 1 13154.1 13154.1 13154.1 13154.1
-15 0 1 -15 0 1.00009 0 0 0 0 0 -0.00123582 -0 0 0 -0 0 0 0 0 0 0 0 0 0 0 0 0 0 1 13154 13154 13154 13154
-15 0 1 -15 0 1.00008 0 0 0 0 0 -0.00118679 -0 0 0 -0 0 0 0 0 0 0 0 0 0 0 0 0 0 1 13154 13154 13154 13154
-15 0 1 -15 0 1.00008 0 0 0 0 0 -0.00118679 -0 0 0 -0 0 0 0 0 0 0 0 0 0 0 0 0 0 1 13154 13154 13154 13154
-15 0 1 -15 0 1.00008 0 0 0 0 0 -0.00116277 -0 0 0 -0 0 0 0 0 0 0 0 0 0 0 0 0 0 1 13153.9 13153.9 13153.9 13153.9
-15 0 1 -15 0 1.00007 0 0 0 0 0 -0.0011385 -0 0 0 -0 0 0 0 0 0 0 0 0 0 0 0 0 0 1 13153.9 13153.9 13153.9 13153.9
-15 0 1 -15 0 1.00007 0 0 0 0 0 -0.00111521 -0 0 0 -0 0 0 0 0 0 0 0 0 0 0 0 0 0 1 13153.8 13153.8 13153.8 13153.8
-15 0 1 -15 0 1.00006 0 0 0 0 0 -0.00109167 -0 0 0 -0 0 0 0 0 0 0 0 0 0 0 0 0 0 1 13153.8 13153.8 13153.8 13153.8
-15 0 1 -15 0 1.00005 0 0 0 0 0 -0.0010466 -0 0 0 -0 0 0 0 0 0 0 0 0 0 0 0 0 0 1 13153.7 13153.7 13153.7 13153.7
-15 0 1 -15 0 1.00005 0 0 0 0 0 -0.0010466 -0 0 0 -0 0 0 0 0 0 0 0 0 0 0 0 0 0 1 13153.7 13153.7 13153.7 13153.7
-15 0 1 -15 0 1.00004 0 0 0 0 0 -0.00100244 -0 0 0 -0 0 0 0 0 0 0 0 0 0 0 0 0 0 1 13153.6 13153.6 13153.6 13153.6
-15 0 1 -15 0 1.00003 0 0 0 0 0 -0.000980983 -0 0 0 -0 0 0 0 0 0 0 0 0 0 0 0 0 0 1 13153.6 13153.6 13153.6 13153.6
-15 0 1 -15 0 1.00003 0 0 0 0 0 -0.000980983 -0 0 0 -0 0 0 0 0 0 0 0 0 0 0 0 0 0 1 13153.6 13153.6 13153.6 13153.6
-15 0 1 -15 0 1.00003 0 0 0 0 0 -0.000959469 -0 0 0 -0 0 0 0 0 0 0 0 0 0 0 0 0 0 1 13153.6 13153.6 13153.6 13153.6
-15 0 1 -15 0 1.00002 0 0 0 0 0 -0.000938619 -0 0 0 -0 0 0 0 0 0 0 0 0 0 0 0 0 0 1 13153.5 13153.5 13153.5 13153.5
-15 0 1 -15 0 1.00002 0 0 0 0 0 -0.000917412 -0 0 0 -0 0 0 0 0 0 0 0 0 0 0 0 0 0 1 13153.5 13153.5 13153.5 13153.5
-15 0 1 -15 0 1.00001 0 0 0 0 0 -0.00089671 -0 0 0 -0 0 0 0 0 0 0 0 0 0 0 0 0 0 1 13153.4 13153.4 13153.4 13153.4
-15 0 1 -15 0 1.00001 0 0 0 0 0 -0.000856058 -0 0 0 -0 0 0 0 0 0 0 0 0 0 0 0 0 0 1 13153.4 13153.4 13153.4 13153.4
-15 0 1 -15 0 1.00001 0 0 0 0 0 -0.000856058 -0 0 0 -0 0 0 0 0 0 0 0 0 0 0 0 0 0 1 13153.4 13153.4 13153.4 13153.4
-15 0 1 -15 0 0.999997 0 0 0 0 0 -0.000817912 -0 0 0 -0 0 0 0 0 0 0 0 0 0 0 0 0 0 1 13153.3 13153.3 13153.3 13153.3
-15 0 1 -15 0 0.999997 0 0 0 0 0 -0.000817912 -0 0 0 -0 0 0 0 0 0 0 0 0 0 0 0 0 0 1 13153.3 13153.3 13153.3 13153.3
-15 0 1 -15 0 0.999993 0 0 0 0 0 -0.000798736 -0 0 0 -0 0 0 0 0 0 0 0 0 0 0 0 0 0 1 13153.3 13153.3 13153.3 13153.3
-15 0 1 -15 0 0.999985 0 0 0 0 0 -0.000761225 -0 0 0 -0 0 0 0 0 0 0 0 0 0 0 0 0 0 1 13153.2 13153.2 13153.2 13153.2
-15 0 1 -15 0 0.999981 0 0 0 0 0 -0.000743246 -0 0 0 -0 0 0 0 0 0 0 0 0 0 0 0 0 0 1 13153.1 13153.1 13153.1 13153.1
-15 0 1 -15 0 0.999978 0 0 0 0 0 -0.000725147 -0 0 0 -0 0 0 0 0 0 0 0 0 0 0 0 0 0 1 13153.1 13153.1 13153.1 13153.1
-15 0 1 -15 0 0.999974 0 0 0 0 0 -0.00070782 -0 0 0 -0 0 0 0 0 0 0 0 0 0 0 0 0 0 1 13153.1 13153.1 13153.1 13153.1
-15 0 1 -15 0 0.99997 0 0 0 0 0 -0.000690248 -0 0 0 -0 0 0 0 0 0 0 0 0 0 0 0 0 0 1 13153 13153 13153 13153
-15 0 1 -15 0 0.99997 0 0 0 0 0 -0.000690248 -0 0 0 -0 0 0 0 0 0 0 0 0 0 0 0 0 0 1 13153 13153 13153 13153
-15 0 1 -15 0 0.999967 0 0 0 0 0 -0.000672972 -0 0 0 -0 0 0 0 0 0 0 0 0 0 0 0 0 0 1 13153 13153 13153 13153
-15 0 1 -15 0 0.999964 0 0 0 0 0 -0.000656079 -0 0 0 -0 0 0 0 0 0 0 0 0 0 0 0 0 0 1 13153 13153 13153 13153
-15 0 1 -15 0 0.99996 0 0 0 0 0 -0.000639007 -0 0 0 -0 0 0 0 0 0 0 0 0 0 0 0 0 0 1 13152.9 13152.9 13152.9 13152.9
-15 0 1 -15 0 0.999957 0 0 0 0 0 -0.000622313 -0 0 0 -0 0 0 0 0 0 0 0 0 0 0 0 0 0 1 13152.9 13152.9 13152.9 13152.9
-15 0 1 -15 0 0.999954 0 0 0 0 0 -0.000606165 -0 0 0 -0 0 0 0 0 0 0 0 0 0 0 0 0 0 1 13152.9 13152.9 13152.9 13152.9
-15 0 1 -15 0 0.999951 0 0 0 0 0 -0.000590259 -0 0 0 -0 0 0 0 0 0 0 0 0 0 0 0 0 0 1 13152.8 13152.8 13152.8 13152.8
-15 0 1 -15 0 0.999948 0 0 0 0 0 -0.000574427 -0 0 0 -0 0 0 0 0 0 0 0 0 0 0 0 0 0 1 13152.8 13152.8 13152.8 13152.8
-15 0 1 -15 0 0.999945 0 0 0 0 0 -0.000558428 -0 0 0 -0 0 0 0 0 0 0 0 0 0 0 0 0 0 1 13152.8 13152.8 13152.8 13152.8
-15 0 1 -15 0 0.999942 0 0 0 0 0 -0.000543239 -0 0 0 -0 0 0 0 0 0 0 0 0 0 0 0 0 0 1 13152.7 13152.7 13152.7 13152.7
-15 0 1 -15 0 0.99994 0 0 0 0 0 -0.000528188 -0 0 0 -0 0 0 0 0 0 0 0 0 0 0 0 0 0 1 13152.7 13152.7 13152.7 13152.7
-15 0 1 -15 0 0.999937 0 0 0 0 0 -0.00051319 -0 0 0 -0 0 0 0 0 0 0 0 0 0 0 0 0 0 1 13152.7 13152.7 13152.7 13152.7
-15 0 1 -15 0 0.999934 0 0 0 0 0 -0.000498588 -0 0 0 -0 0 0 0 0 0 0 0 0 0 0 0 0 0 1 13152.7 13152.7 13152.7 13152.7
-15 0 1 -15 0 0.999932 0 0 0 0 0 -0.000483867 -0 0 0 -0 0 0 0 0 0 0 0 0 0 0 0 0 0 1 13152.6 13152.6 13152.6 13152.6
-15 0 1 -15 0 0.99993 0 0 0 0 0 -0.000470256 -0 0 0 -0 0 0 0 0 0 0 0 0 0 0 0 0 0 1 13152.6 13152.6 13152.6 13152.6
-15 0 1 -15 0 0.999927 0 0 0 0 0 -0.000455824 -0 0 0 -0 0 0 0 0 0 0 0 0 0 0 0 0 0 1 13152.6 13152.6 13152.6 13152.6
-15 0 1 -15 0 0.999925 0 0 0 0 0 -0.000442469 -0 0 0 -0 0 0 0 0 0 0 0 0 0 0 0 0 0 1 13152.5 13152.5 13152.5 13152.5
-15 0 1 -15 0 0.999923 0 0 0 0 0 -0.000429066 -0 0 0 -0 0 0 0 0 0 0 0 0 0 0 0 0 0 1 13152.5 13152.5 13152.5 13152.5
-15 0 1 -15 0 0.999921 0 0 0 0 0 -0.00041579 -0 0 0 -0 0 0 0 0 0 0 0 0 0 0 0 0 0 1 13152.5 13152.5 13152.5 13152.5
-15 0 1 -15 0 0.999918 0 0 0 0 0 -0.000402675 -0 0 0 -0 0 0 0 0 0 0 0 0 0 0 0 0 0 1 13152.4 13152.4 13152.4 13152.4
-15 0 1 -15 0 0.999916 0 0 0 0 0 -0.000389722 -0 0 0 -0 0 0 0 0 0 0 0 0 0 0 0 0 0 1 13152.4 13152.4 13152.4 13152.4
-15 0 1 -15 0 0.999913 0 0 0 0 0 -0.00036487 -0 0 0 -0 0 0 0 0 0 0 0 0 0 0 0 0 0 1 13152.4 13152.4 13152.4 13152.4
-15 0 1 -15 0 0.999913 0 0 0 0 0 -0.00036487 -0 0 0 -0 0 0 0 0 0 0 0 0 0 0 0 0 0 1 13152.4 13152.4 13152.4 13152.4
-15 0 1 -15 0 0.999909 0 0 0 0 0 -0.000340572 -0 0 0 -0 0 0 0 0 0 0 0 0 0 0 0 0 0 1 13152.3 13152.3 13152.3 13152.3
-15 0 1 -15 0 0.999909 0 0 0 0 0 -0.000340572 -0 0 0 -0 0 0 0 0 0 0 0 0 0 0 0 0 0 1 13152.3 13152.3 13152.3 13152.3
-15 0 1 -15 0 0.999907 0 0 0 0 0 -0.000329004 -0 0 0 -0 0 0 0 0 0 0 0 0 0 0 0 0 0 1 13152.3 13152.3 13152.3 13152.3
-15 0 1 -15 0 0.999906 0 0 0 0 0 -0.000317594 -0 0 0 -0 0 0 0 0 0 0 0 0 0 0 0 0 0 1 13152.3 13152.3 13152.3 13152.3
-15 0 1 -15 0 0.999904 0 0 0 0 0 -0.000305063 -0 0 0 -0 0 0 0 0 0 0 0 0 0 0 0 0 0 1 13152.2 13152.2 13152.2 13152.2
-15 0 1 -15 0 0.999903 0 0 0 0 0 -0.000294488 -0 0 0 -0 0 0 0 0 0 0 0 0 0 0 0 0 0 1 13152.2 13152.2 13152.2 13152.2
-15 0 1 -15 0 0.999901 0 0 0 0 0 -0.000283911 -0 0 0 -0 0 0 0 0 0 0 0 0 0 0 0 0 0 1 13152.2 13152.2 13152.2 13152.2
-15 0 1 -15 0 0.9999 0 0 0 0 0 -0.000273112 -0 0 0 -0 0 0 0 0 0 0 0 0 0 0 0 0 0 1 13152.2 13152.2 13152.2 13152.2
-15 0 1 -15 0 0.999898 0 0 0 0 0 -0.000262464 -0 0 0 -0 0 0 0 0 0 0 0 0 0 0 0 0 0 1 13152.1 13152.1 13152.1 13152.1
-15 0 1 -15 0 0.999897 0 0 0 0 0 -0.000252011 -0 0 0 -0 0 0 0 0 0 0 0 0 0 0 0 0 0 1 13152.1 13152.1 13152.1 13152.1
-15 0 1 -15 0 0.999896 0 0 0 0 0 -0.000241579 -0 0 0 -0 0 0 0 0 0 0 0 0 0 0 0 0 0 1 13152.1 13152.1 13152.1 13152.1
-15 0 1 -15 0 0.999895 0 0 0 0 0 -0.00023178 -0 0 0 -0 0 0 0 0 0 0 0 0 0 0 0 0 0 1 13152.1 13152.1 13152.1 13152.1
-15 0 1 -15 0 0.999893 0 0 0 0 0 -0.000221627 -0 0 0 -0 0 0 0 0 0 0 0 0 0 0 0 0 0 1 13152 13152 13152 13152
-15 0 1 -15 0 0.999892 0 0 0 0 0 -0.000212286 -0 0 0 -0 0 0 0 0 0 0 0 0 0 0 0 0 0 1 13152 13152 13152 13152
-15 0 1 -15 0 0.999891 0 0 0 0 0 -0.000202777 -0 0 0 -0 0 0 0 0 0 0 0 0 0 0 0 0 0 1 13152 13152 13152 13152
-15 0 1 -15 0 0.99989 0 0 0 0 0 -0.000193417 -0 0 0 -0 0 0 0 0 0 0 0 0 0 0 0 0 0 1 13152 13152 13152 13152
-15 0 1 -15 0 0.999889 0 0 0 0 0 -0.000184255 -0 0 0 -0 0 0 0 0 0 0 0 0 0 0 0 0 0 1 13151.9 13151.9 13151.9 13151.9
-15 0 1 -15 0 0.999888 0 0 0 0 0 -0.00017526 -0 0 0 -0 0 0 0 0 0 0 0 0 0 0 0 0 0 1 13151.9 13151.9 13151.9 13151.9
-15 0 1 -15 0 0.999887 0 0 0 0 0 -0.000166403 -0 0 0 -0 0 0 0 0 0 0 0 0 0 0 0 0 0 1 13151.9 13151.9 13151.9 13151.9
-15 0 1 -15 0 0.999886 0 0 0 0 0 -0.00014937 -0 0 0 -0 0 0 0 0 0 0 0 0 0 0 0 0 0 1 13151.8 13151.8 13151.8 13151.8
-15 0 1 -15 0 0.999886 0 0 0 0 0 -0.00014937 -0 0 0 -0 0 0 0 0 0 0 0 0 0 0 0 0 0 1 13151.8 13151.8 13151.8 13151.8
-15 0 1 -15 0 0.999885 0 0 0 0 0 -0.000141082 -0 0 0 -0 0 0 0 0 0 0 0 0 0 0 0 0 0 1 13151.8 13151.8 13151.8 13151.8
-15 0 1 -15 0 0.999884 0 0 0 0 0 -0.000125211 -0 0 0 -0 0 0 0 0 0 0 0 0 0 0 0 0 0 1 13151.8 13151.8 13151.8 13151.8
-15 0 1 -15 0 0.999883 0 0 0 0 0 -0.000117482 -0 0 0 -0 0 0 0 0 0 0 0 0 0 0 0 0 0 1 13151.8 13151.8 13151.8 13151.8
-15 0 1 -15 0 0.999883 0 0 0 0 0 -0.000117482 -0 0 0 -0 0 0 0 0 0 0 0 0 0 0 0 0 0 1 13151.8 13151.8 13151.8 13151.8
-15 0 1 -15 0 0.999882 0 0 0 0 0 -0.000109908 -0 0 0 -0 0 0 0 0 0 0 0 0 0 0 0 0 0 1 13151.7 13151.7 13151.7 13151.7
-15 0 1 -15 0 0.999882 0 0 0 0 0 -0.000102131 -0 0 0 -0 0 0 0 0 0 0 0 0 0 0 0 0 0 1 13151.7 13151.7 13151.7 13151.7
-15 0 1 -15 0 0.999881 0 0 0 0 0 -9.48981e-05 -0 0 0 -0 0 0 0 0 0 0 0 0 0 0 0 0 0 1 13151.7 13151.7 13151.7 13151.7
-15 0 1 -15 0 0.999881 0 0 0 0 0 -8.7683e-05 -0 0 0 -0 0 0 0 0 0 0 0 0 0 0 0 0 0 1 13151.7 13151.7 13151.7 13151.7
-15 0 1 -15 0 0.99988 0 0 0 0 0 -8.0615e-05 -0 0 0 -0 0 0 0 0 0 0 0 0 0 0 0 0 0 1 13151.7 13151.7 13151.7 13151.7
-15 0 1 -15 0 0.99988 0 0 0 0 0 -6.69945e-05 -0 0 0 -0 0 0 0 0 0 0 0 0 0 0 0 0 0 1 13151.6 13151.6 13151.6 13151.6
-15 0 1 -15 0 0.999879 0 0 0 0 0 -6.0453e-05 -0 0 0 -0 0 0 0 0 0 0 0 0 0 0 0 0 0 1 13151.6 13151.6 13151.6 13151.6
-15 0 1 -15 0 0.999879 0 0 0 0 0 -6.0453e-05 -0 0 0 -0 0 0 0 0 0 0 0 0 0 0 0 0 0 1 13151.6 13151.6 13151.6 13151.6
-15 0 1 -15 0 0.999879 0 0 0 0 0 -5.38951e-05 -0 0 0 -0 0 0 0 0 0 0 0 0 0 0 0 0 0 1 13151.6 13151.6 13151.6 13151.6
-15 0 1 -15 0 0.999879 0 0 0 0 0 -4.73897e-05 -0 0 0 -0 0 0 0 0 0 0 0 0 0 0 0 0 0 1 13151.6 13151.6 13151.6 13151.6
-15 0 1 -15 0 0.999878 0 0 0 0 0 -3.53928e-05 -0 0 0 -0 0 0 0 0 0 0 0 0 0 0 0 0 0 1 13151.5 13151.5 13151.5 13151.5
-15 0 1 -15 0 0.999878 0 0 0 0 0 -3.53928e-05 -0 0 0 -0 0 0 0 0 0 0 0 0 0 0 0 0 0 1 13151.5 13151.5 13151.5 13151.5
-15 0 1 -15 0 0.999878 0 0 0 0 0 -2.94374e-05 -0 0 0 -0 0 0 0 0 0 0 0 0 0 0 0 0 0 1 13151.5 13151.5 13151.5 13151.5
-15 0 1 -15 0 0.999878 0 0 0 0 0 -2.36519e-05 -0 0 0 -0 0 0 0 0 0 0 0 0 0 0 0 0 0 1 13151.5 13151.5 13151.5 13151.5
-15 0 1 -15 0 0.999878 0 0 0 0 0 -1.78254e-05 -0 0 0 -0 0 0 0 0 0 0 0 0 0 0 0 0 0 1 13151.5 13151.5 13151.5 13151.5
-15 0 1 -15 0 0.999878 0 0 0 0 0 -1.22615e-05 -0 0 0 -0 0 0 0 0 0 0 0 0 0 0 0 0 0 1 13151.5 13151.5 13151.5 13151.5
-15 0 1 -15 0 0.999878 0 0 0 0 0 -6.89443e-06 -0 0 0 -0 0 0 0 0 0 0 0 0 0 0 0 0 0 1 13151.5 13151.5 13151.5 13151.5
-15 0 1 -15 0 0.999878 0 0 0 0 0 -1.5883e-06 -0 0 0 -0 0 0 0 0 0 0 0 0 0 0 0 0 0 1 13151.4 13151.4 13151.4 13151.4
-15 0 1 -15 0 0.999878 0 0 0 0 0 3.58388e-06 -0 0 0 -0 0 0 0 0 0 0 0 0 0 0 0 0 0 1 13151.4 13151.4 13151.4 13151.4
-15 0 1 -15 0 0.999878 0 0 0 0 0 8.69902e-06 -0 0 0 -0 0 0 0 0 0 0 0 0 0 0 0 0 0 1 13151.4 13151.4 13151.4 13151.4
-15 0 1 -15 0 0.999878 0 0 0 0 0 1.85246e-05 -0 0 0 -0 0 0 0 0 0 0 0 0 0 0 0 0 0 1 13151.4 13151.4 13151.4 13151.4
-15 0 1 -15 0 0.999878 0 0 0 0 0 1.85246e-05 -0 0 0 -0 0 0 0 0 0 0 0 0 0 0 0 0 0 1 13151.4 13151.4 13151.4 13151.4
-15 0 1 -15 0 0.999878 0 0 0 0 0 2.32446e-05 -0 0 0 -0 0 0 0 0 0 0 0 0 0 0 0 0 0 1 13151.4 13151.4 13151.4 13151.4
-15 0 1 -15 0 0.999878 0 0 0 0 0 2.77916e-05 -0 0 0 -0 0 0 0 0 0 0 0 0 0 0 0 0 0 1 13151.3 13151.3 13151.3 13151.3
-15 0 1 -15 0 0.999878 0 0 0 0 0 3.23047e-05 -0 0 0 -0 0 0 0 0 0 0 0 0 0 0 0 0 0 1 13151.3 13151.3 13151.3 13151.3
-15 0 1 -15 0 0.999878 0 0 0 0 0 3.66967e-05 -0 0 0 -0 0 0 0 0 0 0 0 0 0 0 0 0 0 1 13151.3 13151.3 13151.3 13151.3
-15 0 1 -15 0 0.999879 0 0 0 0 0 4.09857e-05 -0 0 0 -0 0 0 0 0 0 0 0 0 0 0 0 0 0 1 13151.3 13151.3 13151.3 13151.3
-15 0 1 -15 0 0.999879 0 0 0 0 0 4.92222e-05 -0 0 0 -0 0 0 0 0 0 0 0 0 0 0 0 0 0 1 13151.3 13151.3 13151.3 13151.3
-15 0 1 -15 0 0.999879 0 0 0 0 0 4.92222e-05 -0 0 0 -0 0 0 0 0 0 0 0 0 0 0 0 0 0 1 13151.3 13151.3 13151.3 13151.3
-15 0 1 -15 0 0.999879 0 0 0 0 0 5.30924e-05 -0 0 0 -0 0 0 0 0 0 0 0 0 0 0 0 0 0 1 13151.3 13151.3 13151.3 13151.3
-15 0 1 -15 0 0.99988 0 0 0 0 0 5.70581e-05 -0 0 0 -0 0 0 0 0 0 0 0 0 0 0 0 0 0 1 13151.2 13151.2 13151.2 13151.2
-15 0 1 -15 0 0.99988 0 0 0 0 0 6.07309e-05 -0 0 0 -0 0 0 0 0 0 0 0 0 0 0 0 0 0 1 13151.2 13151.2 13151.2 13151.2
-15 0 1 -15 0 0.99988 0 0 0 0 0 6.43925e-05 -0 0 0 -0 0 0 0 0 0 0 0 0 0 0 0 0 0 1 13151.2 13151.2 13151.2 13151.2
-15 0 1 -15 0 0.99988 0 0 0 0 0 6.79682e-05 -0 0 0 -0 0 0 0 0 0 0 0 0 0 0 0 0 0 1 13151.2 13151.2 13151.2 13151.2
-15 0 1 -15 0 0.999881 0 0 0 0 0 7.14652e-05 -0 0 0 -0 0 0 0 0 0 0 0 0 0 0 0 0 0 1 13151.2 13151.2 13151.2 13151.2
-15 0 1 -15 0 0.999881 0 0 0 0 0 7.80863e-05 -0 0 0 -0 0 0 0 0 0 0 0 0 0 0 0 0 0 1 13151.2 13151.2 13151.2 13151.2
-15 0 1 -15 0 0.999882 0 0 0 0 0 8.11977e-05 -0 0 0 -0 0 0 0 0 0 0 0 0 0 0 0 0 0 1 13151.2 13151.2 13151.2 13151.2
-15 0 1 -15 0 0.999882 0 0 0 0 0 8.11977e-05 -0 0 0 -0 0 0 0 0 0 0 0 0 0 0 0 0 0 1 13151.2 13151.2 13151.2 13151.2
-15 0 1 -15 0 0.999882 0 0 0 0 0 8.42879e-05 -0 0 0 -0 0 0 0 0 0 0 0 0 0 0 0 0 0 1 13151.1 13151.1 13151.1 13151.1
-15 0 1 -15 0 0.999883 0 0 0 0 0 8.72822e-05 -0 0 0 -0 0 0 0 0 0 0 0 0 0 0 0 0 0 1 13151.1 13151.1 13151.1 13151.1
-15 0 1 -15 0 0.999883 0 0 0 0 0 9.01452e-05 -0 0 0 -0 0 0 0 0 0 0 0 0 0 0 0 0 0 1 13151.1 13151.1 13151.1 13151.1
-15 0 1 -15 0 0.999884 0 0 0 0 0 9.30264e-05 -0 0 0 -0 0 0 0 0 0 0 0 0 0 0 0 0 0 1 13151.1 13151.1 13151.1 13151.1
-15 0 1 -15 0 0.999884 0 0 0 0 0 9.57662e-05 -0 0 0 -0 0 0 0 0 0 0 0 0 0 0 0 0 0 1 13151.1 13151.1 13151.1 13151.1
-15 0 1 -15 0 0.999885 0 0 0 0 0 0.000101016 -0 0 0 -0 0 0 0 0 0 0 0 0 0 0 0 0 0 1 13151.1 13151.1 13151.1 13151.1
-15 0 1 -15 0 0.999886 0 0 0 0 0 0.000103456 -0 0 0 -0 0 0 0 0 0 0 0 0 0 0 0 0 0 1 13151.1 13151.1 13151.1 13151.1
-15 0 1 -15 0 0.999886 0 0 0 0 0 0.000105819 -0 0 0 -0 0 0 0 0 0 0 0 0 0 0 0 0 0 1 13151.1 13151.1 13151.1 13151.1
-15 0 1 -15 0 0.999887 0 0 0 0 0 0.000108073 -0 0 0 -0 0 0 0 0 0 0 0 0 0 0 0 0 0 1 13151 13151 13151 13151
-15 0 1 -15 0 0.999887 0 0 0 0 0 0.000108073 -0 0 0 -0 0 0 0 0 0 0 0 0 0 0 0 0 0 1 13151 13151 13151 13151
-15 0 1 -15 0 0.999887 0 0 0 0 0 0.000110348 -0 0 0 -0 0 0 0 0 0 0 0 0 0 0 0 0 0 1 13151 13151 13151 13151
-15 0 1 -15 0 0.999888 0 0 0 0 0 0.00011251 -0 0 0 -0 0 0 0 0 0 0 0 0 0 0 0 0 0 1 13151 13151 13151 13151
-15 0 1 -15 0 0.999888 0 0 0 0 0 0.000114666 -0 0 0 -0 0 0 0 0 0 0 0 0 0 0 0 0 0 1 13151 13151 13151 13151
-15 0 1 -15 0 0.999889 0 0 0 0 0 0.000116747 -0 0 0 -0 0 0 0 0 0 0 0 0 0 0 0 0 0 1 13151 13151 13151 13151
-15 0 1 -15 0 0.999889 0 0 0 0 0 0.000118656 -0 0 0 -0 0 0 0 0 0 0 0 0 0 0 0 0 0 1 13151 13151 13151 13151
-15 0 1 -15 0 0.99989 0 0 0 0 0 0.000120583 -0 0 0 -0 0 0 0 0 0 0 0 0 0 0 0 0 0 1 13151 13151 13151 13151
-15 0 1 -15 0 0.999891 0 0 0 0 0 0.000122391 -0 0 0 -0 0 0 0 0 0 0 0 0 0 0 0 0 0 1 13151 13151 13151 13151
-15 0 1 -15 0 0.999892 0 0 0 0 0 0.000125893 -0 0 0 -0 0 0 0 0 0 0 0 0 0 0 0 0 0 1 13151 13151 13151 13151
-15 0 1 -15 0 0.999892 0 0 0 0 0 0.000125893 -0 0 0 -0 0 0 0 0 0 0 0 0 0 0 0 0 0 1 13151 13151 13151 13151
-15 0 1 -15 0 0.999892 0 0 0 0 0 0.000127457 -0 0 0 -0 0 0 0 0 0 0 0 0 0 0 0 0 0 1 13151 13151 13151 13151
-15 0 1 -15 0 0.999893 0 0 0 0 0 0.000129233 -0 0 0 -0 0 0 0 0 0 0 0 0 0 0 0 0 0 1 13150.9 13150.9 13150.9 13150.9
-15 0 1 -15 0 0.999894 0 0 0 0 0 0.000130509 -0 0 0 -0 0 0 0 0 0 0 0 0 0 0 0 0 0 1 13150.9 13150.9 13150.9 13150.9
-15 0 1 -15 0 0.999894 0 0 0 0 0 0.000131937 -0 0 0 -0 0 0 0 0 0 0 0 0 0 0 0 0 0 1 13150.9 13150.9 13150.9 13150.9
-15 0 1 -15 0 0.999895 0 0 0 0 0 0.000133356 -0 0 0 -0 0 0 0 0 0 0 0 0 0 0 0 0 0 1 13150.9 13150.9 13150.9 13150.9
-15 0 1 -15 0 0.999896 0 0 0 0 0 0.00013466 -0 0 0 -0 0 0 0 0 0 0 0 0 0 0 0 0 0 1 13150.9 13150.9 13150.9 13150.9
-15 0 1 -15 0 0.999897 0 0 0 0 0 0.000136161 -0 0 0 -0 0 0 0 0 0 0 0 0 0 0 0 0 0 1 13150.9 13150.9 13150.9 13150.9
-15 0 1 -15 0 0.999897 0 0 0 0 0 0.000137105 -0 0 0 -0 0 0 0 0 0 0 0 0 0 0 0 0 0 1 13150.9 13150.9 13150.9 13150.9
-15 0 1 -15 0 0.999898 0 0 0 0 0 0.000138232 -0 0 0 -0 0 0 0 0 0 0 0 0 0 0 0 0 0 1 13150.9 13150.9 13150.9 13150.9
-15 0 1 -15 0 0.999898 0 0 0 0 0 0.000139334 -0 0 0 -0 0 0 0 0 0 0 0 0 0 0 0 0 0 1 13150.9 13150.9 13150.9 13150.9
-15 0 1 -15 0 0.999899 0 0 0 0 0 0.000140398 -0 0 0 -0 0 0 0 0 0 0 0 0 0 0 0 0 0 1 13150.9 13150.9 13150.9 13150.9
-15 0 1 -15 0 0.9999 0 0 0 0 0 0.000141375 -0 0 0 -0 0 0 0 0 0 0 0 0 0 0 0 0 0 1 13150.9 13150.9 13150.9 13150.9
-15 0 1 -15 0 0.999901 0 0 0 0 0 0.000142343 -0 0 0 -0 0 0 0 0 0 0 0 0 0 0 0 0 0 1 13150.9 13150.9 13150.9 13150.9
-15 0 1 -15 0 0.999901 0 0 0 0 0 0.000143222 -0 0 0 -0 0 0 0 0 0 0 0 0 0 0 0 0 0 1 13150.9 13150.9 13150.9 13150.9
-15 0 1 -15 0 0.999902 0 0 0 0 0 0.000144032 -0 0 0 -0 0 0 0 0 0 0 0 0 0 0 0 0 0 1 13150.9 13150.9 13150.9 13150.9
-15 0 1 -15 0 0.999903 0 0 0 0 0 0.000144838 -0 0 0 -0 0 0 0 0 0 0 0 0 0 0 0 0 0 1 13150.8 13150.8 13150.8 13150.8
-15 0 1 -15 0 0.999903 0 0 0 0 0 0.000145576 -0 0 0 -0 0 0 0 0 0 0 0 0 0 0 0 0 0 1 13150.8 13150.8 13150.8 13150.8
-15 0 1 -15 0 0.999904 0 0 0 0 0 0.000146257 -0 0 0 -0 0 0 0 0 0 0 0 0 0 0 0 0 0 1 13150.8 13150.8 13150.8 13150.8
-15 0 1 -15 0 0.999906 0 0 0 0 0 0.000147561 -0 0 0 -0 0 0 0 0 0 0 0 0 0 0 0 0 0 1 13150.8 13150.8 13150.8 13150.8
-15 0 1 -15 0 0.999906 0 0 0 0 0 0.000148002 -0 0 0 -0 0 0 0 0 0 0 0 0 0 0 0 0 0 1 13150.8 13150.8 13150.8 13150.8
-15 0 1 -15 0 0.999907 0 0 0 0 0 0.000148471 -0 0 0 -0 0 0 0 0 0 0 0 0 0 0 0 0 0 1 13150.8 13150.8 13150.8 13150.8
-15 0 1 -15 0 0.999907 0 0 0 0 0 0.000148471 -0 0 0 -0 0 0 0 0 0 0 0 0 0 0 0 0 0 1 13150.8 13150.8 13150.8 13150.8
-15 0 1 -15 0 0.999909 0 0 0 0 0 0.000149321 -0 0 0 -0 0 0 0 0 0 0 0 0 0 0 0 0 0 1 13150.8 13150.8 13150.8 13150.8
-15 0 1 -15 0 0.999909 0 0 0 0 0 0.000149668 -0 0 0 -0 0 0 0 0 0 0 0 0 0 0 0 0 0 1 13150.8 13150.8 13150.8 13150.8
-15 0 1 -15 0 0.99991 0 0 0 0 0 0.000149973 -0 0 0 -0 0 0 0 0 0 0 0 0 0 0 0 0 0 1 13150.8 13150.8 13150.8 13150.8
-15 0 1 -15 0 0.999911 0 0 0 0 0 0.00015024 -0 0 0 -0 0 0 0 0 0 0 0 0 0 0 0 0 0 1 13150.8 13150.8 13150.8 13150.8
-15 0 1 -15 0 0.999911 0 0 0 0 0 0.00015024 -0 0 0 -0 0 0 0 0 0 0 0 0 0 0 0 0 0 1 13150.8 13150.8 13150.8 13150.8
-15 0 1 -15 0 0.999912 0 0 0 0 0 0.000150478 -0 0 0 -0 0 0 0 0 0 0 0 0 0 0 0 0 0 1 13150.8 13150.8 13150.8 13150.8
-15 0 1 -15 0 0.999912 0 0 0 0 0 0.000150702 -0 0 0 -0 0 0 0 0 0 0 0 0 0 0 0 0 0 1 13150.8 13150.8 13150.8 13150.8
-15 0 1 -15 0 0.999913 0 0 0 0 0 0.000150898 -0 0 0 -0 0 0 0 0 0 0 0 0 0 0 0 0 0 1 13150.8 13150.8 13150.8 13150.8
-15 0 1 -15 0 0.999915 0 0 0 0 0 0.000151177 -0 0 0 -0 0 0 0 0 0 0 0 0 0 0 0 0 0 1 13150.8 13150.8 13150.8 13150.8
-15 0 1 -15 0 0.999915 0 0 0 0 0 0.000151177 -0 0 0 -0 0 0 0 0 0 0 0 0 0 0 0 0 0 1 13150.8 13150.8 13150.8 13150.8
-15 0 1 -15 0 0.999915 0 0 0 0 0 0.000151233 -0 0 0 -0 0 0 0 0 0 0 0 0 0 0 0 0 0 1 13150.8 13150.8 13150.8 13150.8
-15 0 1 -15 0 0.999916 0 0 0 0 0 0.000151291 -0 0 0 -0 0 0 0 0 0 0 0 0 0 0 0 0 0 1 13150.8 13150.8 13150.8 13150.8
-15 0 1 -15 0 0.999917 0 0 0 0 0 0.00015131 -0 0 0 -0 0 0 0 0 0 0 0 0 0 0 0 0 0 1 13150.7 13150.7 13150.7 13150.7
-15 0 1 -15 0 0.999918 0 0 0 0 0 0.0001513 -0 0 0 -0 0 0 0 0 0 0 0 0 0 0 0 0 0 1 13150.7 13150.7 13150.7 13150.7
-15 0 1 -15 0 0.999918 0 0 0 0 0 0.000151253 -0 0 0 -0 0 0 0 0 0 0 0 0 0 0 0 0 0 1 13150.7 13150.7 13150.7 13150.7
-15 0 1 -15 0 0.99992 0 0 0 0 0 0.000151076 -0 0 0 -0 0 0 0 0 0 0 0 0 0 0 0 0 0 1 13150.7 13150.7 13150.7 13150.7
-15 0 1 -15 0 0.99992 0 0 0 0 0 0.000151076 -0 0 0 -0 0 0 0 0 0 0 0 0 0 0 0 0 0 1 13150.7 13150.7 13150.7 13150.7
-15 0 1 -15 0 0.999921 0 0 0 0 0 0.000150749 -0 0 0 -0 0 0 0 0 0 0 0 0 0 0 0 0 0 1 13150.7 13150.7 13150.7 13150.7
-15 0 1 -15 0 0.999921 0 0 0 0 0 0.000150749 -0 0 0 -0 0 0 0 0 0 0 0 0 0 0 0 0 0 1 13150.7 13150.7 13150.7 13150.7
-15 0 1 -15 0 0.999923 0 0 0 0 0 0.000150311 -0 0 0 -0 0 0 0 0 0 0 0 0 0 0 0 0 0 1 13150.7 13150.7 13150.7 13150.7
-15 0 1 -15 0 0.999923 0 0 0 0 0 0.000150311 -0 0 0 -0 0 0 0 0 0 0 0 0 0 0 0 0 0 1 13150.7 13150.7 13150.7 13150.7
-15 0 1 -15 0 0.999924 0 0 0 0 0 0.000149767 -0 0 0 -0 0 0 0 0 0 0 0 0 0 0 0 0 0 1 13150.7 13150.7 13150.7 13150.7
-15 0 1 -15 0 0.999924 0 0 0 0 0 0.000149767 -0 0 0 -0 0 0 0 0 0 0 0 0 0 0 0 0 0 1 13150.7 13150.7 13150.7 13150.7
-15 0 1 -15 0 0.999926 0 0 0 0 0 0.000149122 -0 0 0 -0 0 0 0 0 0 0 0 0 0 0 0 0 0 1 13150.7 13150.7 13150.7 13150.7
-15 0 1 -15 0 0.999926 0 0 0 0 0 0.000149122 -0 0 0 -0 0 0 0 0 0 0 0 0 0 0 0 0 0 1 13150.7 13150.7 13150.7 13150.7
-15 0 1 -15 0 0.999927 0 0 0 0 0 0.00014838 -0 0 0 -0 0 0 0 0 0 0 0 0 0 0 0 0 0 1 13150.7 13150.7 13150.7 13150.7
-15 0 1 -15 0 0.999927 0 0 0 0 0 0.00014838 -0 0 0 -0 0 0 0 0 0 0 0 0 0 0 0 0 0 1 13150.7 13150.7 13150.7 13150.7
-15 0 1 -15 0 0.999928 0 0 0 0 0 0.00014798 -0 0 0 -0 0 0 0 0 0 0 0 0 0 0 0 0 0 1 13150.7 13150.7 13150.7 13150.7
-15 0 1 -15 0 0.999929 0 0 0 0 0 0.000147561 -0 0 0 -0 0 0 0 0 0 0 0 0 0 0 0 0 0 1 13150.7 13150.7 13150.7 13150.7
-15 0 1 -15 0 0.99993 0 0 0 0 0 0.000147129 -0 0 0 -0 0 0 0 0 0 0 0 0 0 0 0 0 0 1 13150.7 13150.7 13150.7 13150.7
-15 0 1 -15 0 0.99993 0 0 0 0 0 0.000146671 -0 0 0 -0 0 0 0 0 0 0 0 0 0 0 0 0 0 1 13150.7 13150.7 13150.7 13150.7
-15 0 1 -15 0 0.999932 0 0 0 0 0 0.000145712 -0 0 0 -0 0 0 0 0 0 0 0 0 0 0 0 0 0 1 13150.7 13150.7 13150.7 13150.7
-15 0 1 -15 0 0.999933 0 0 0 0 0 0.000145173 -0 0 0 -0 0 0 0 0 0 0 0 0 0 0 0 0 0 1 13150.7 13150.7 13150.7 13150.7
-15 0 1 -15 0 0.999933 0 0 0 0 0 0.000145173 -0 0 0 -0 0 0 0 0 0 0 0 0 0 0 0 0 0 1 13150.7 13150.7 13150.7 13150.7
-15 0 1 -15 0 0.999933 0 0 0 0 0 0.000144629 -0 0 0 -0 0 0 0 0 0 0 0 0 0 0 0 0 0 1 13150.7 13150.7 13150.7 13150.7
-15 0 1 -15 0 0.999934 0 0 0 0 0 0.000144074 -0 0 0 -0 0 0 0 0 0 0 0 0 0 0 0 0 0 1 13150.7 13150.7 13150.7 13150.7
-15 0 1 -15 0 0.999935 0 0 0 0 0 0.000142924 -0 0 0 -0 0 0 0 0 0 0 0 0 0 0 0 0 0 1 13150.7 13150.7 13150.7 13150.7
-15 0 1 -15 0 0.999935 0 0 0 0 0 0.000142924 -0 0 0 -0 0 0 0 0 0 0 0 0 0 0 0 0 0 1 13150.7 13150.7 13150.7 13150.7
-15 0 1 -15 0 0.999936 0 0 0 0 0 0.0001423 -0 0 0 -0 0 0 0 0 0 0 0 0 0 0 0 0 0 1 13150.7 13150.7 13150.7 13150.7
-15 0 1 -15 0 0.999938 0 0 0 0 0 0.000141039 -0 0 0 -0 0 0 0 0 0 0 0 0 0 0 0 0 0 1 13150.7 13150.7 13150.7 13150.7
-15 0 1 -15 0 0.999938 0 0 0 0 0 0.000140384 -0 0 0 -0 0 0 0 0 0 0 0 0 0 0 0 0 0 1 13150.7 13150.7 13150.7 13150.7
-15 0 1 -15 0 0.999938 0 0 0 0 0 0.000140384 -0 0 0 -0 0 0 0 0 0 0 0 0 0 0 0 0 0 1 13150.7 13150.7 13150.7 13150.7
-15 0 1 -15 0 0.999939 0 0 0 0 0 0.000139674 -0 0 0 -0 0 0 0 0 0 0 0 0 0 0 0 0 0 1 13150.7 13150.7 13150.7 13150.7
-15 0 1 -15 0 0.99994 0 0 0 0 0 0.000139018 -0 0 0 -0 0 0 0 0 0 0 0 0 0 0 0 0 0 1 13150.7 13150.7 13150.7 13150.7
-15 0 1 -15 0 0.99994 0 0 0 0 0 0.000138336 -0 0 0 -0 0 0 0 0 0 0 0 0 0 0 0 0 0 1 13150.7 13150.7 13150.7 13150.7
-15 0 1 -15 0 0.999941 0 0 0 0 0 0.000137628 -0 0 0 -0 0 0 0 0 0 0 0 0 0 0 0 0 0 1 13150.7 13150.7 13150.7 13150.7
-15 0 1 -15 0 0.999942 0 0 0 0 0 0.000136912 -0 0 0 -0 0 0 0 0 0 0 0 0 0 0 0 0 0 1 13150.7 13150.7 13150.7 13150.7
-15 0 1 -15 0 0.999942 0 0 0 0 0 0.000136164 -0 0 0 -0 0 0 0 0 0 0 0 0 0 0 0 0 0 1 13150.7 13150.7 13150.7 13150.7
-15 0 1 -15 0 0.999943 0 0 0 0 0 0.000135446 -0 0 0 -0 0 0 0 0 0 0 0 0 0 0 0 0 0 1 13150.6 13150.6 13150.6 13150.6
-15 0 1 -15 0 0.999944 0 0 0 0 0 0.000134682 -0 0 0 -0 0 0 0 0 0 0 0 0 0 0 0 0 0 1 13150.6 13150.6 13150.6 13150.6
-15 0 1 -15 0 0.999945 0 0 0 0 0 0.000133161 -0 0 0 -0 0 0 0 0 0 0 0 0 0 0 0 0 0 1 13150.6 13150.6 13150.6 13150.6
-15 0 1 -15 0 0.999946 0 0 0 0 0 0.000132372 -0 0 0 -0 0 0 0 0 0 0 0 0 0 0 0 0 0 1 13150.6 13150.6 13150.6 13150.6
-15 0 1 -15 0 0.999946 0 0 0 0 0 0.000132372 -0 0 0 -0 0 0 0 0 0 0 0 0 0 0 0 0 0 1 13150.6 13150.6 13150.6 13150.6
-15 0 1 -15 0 0.999947 0 0 0 0 0 0.000130755 -0 0 0 -0 0 0 0 0 0 0 0 0 0 0 0 0 0 1 13150.6 13150.6 13150.6 13150.6
-15 0 1 -15 0 0.999947 0 0 0 0 0 0.000130755 -0 0 0 -0 0 0 0 0 0 0 0 0 0 0 0 0 0 1 13150.6 13150.6 13150.6 13150.6
-15 0 1 -15 0 0.999948 0 0 0 0 0 0.000129926 -0 0 0 -0 0 0 0 0 0 0 0 0 0 0 0 0 0 1 13150.6 13150.6 13150.6 13150.6
-15 0 1 -15 0 0.999948 0 0 0 0 0 0.000129115 -0 0 0 -0 0 0 0 0 0 0 0 0 0 0 0 0 0 1 13150.6 13150.6 13150.6 13150.6
-15 0 1 -15 0 0.999949 0 0 0 0 0 0.000128285 -0 0 0 -0 0 0 0 0 0 0 0 0 0 0 0 0 0 1 13150.6 13150.6 13150.6 13150.6
-15 0 1 -15 0 0.99995 0 0 0 0 0 0.000127432 -0 0 0 -0 0 0 0 0 0 0 0 0 0 0 0 0 0 1 13150.6 13150.6 13150.6 13150.6
-15 0 1 -15 0 0.99995 0 0 0 0 0 0.000126604 -0 0 0 -0 0 0 0 0 0 0 0 0 0 0 0 0 0 1 13150.6 13150.6 13150.6 13150.6
-15 0 1 -15 0 0.999951 0 0 0 0 0 0.000125745 -0 0 0 -0 0 0 0 0 0 0 0 0 0 0 0 0 0 1 13150.6 13150.6 13150.6 13150.6
-15 0 1 -15 0 0.999952 0 0 0 0 0 0.00012489 -0 0 0 -0 0 0 0 0 0 0 0 0 0 0 0 0 0 1 13150.6 13150.6 13150.6 13150.6
-15 0 1 -15 0 0.999953 0 0 0 0 0 0.000123156 -0 0 0 -0 0 0 0 0 0 0 0 0 0 0 0 0 0 1 13150.6 13150.6 13150.6 13150.6
-15 0 1 -15 0 0.999953 0 0 0 0 0 0.000122266 -0 0 0 -0 0 0 0 0 0 0 0 0 0 0 0 0 0 1 13150.6 13150.6 13150.6 13150.6
-15 0 1 -15 0 0.999953 0 0 0 0 0 0.000122266 -0 0 0 -0 0 0 0 0 0 0 0 0 0 0 0 0 0 1 13150.6 13150.6 13150.6 13150.6
-15 0 1 -15 0 0.999954 0 0 0 0 0 0.000121367 -0 0 0 -0 0 0 0 0 0 0 0 0 0 0 0 0 0 1 13150.6 13150.6 13150.6 13150.6
-15 0 1 -15 0 0.999955 0 0 0 0 0 0.000119592 -0 0 0 -0 0 0 0 0 0 0 0 0 0 0 0 0 0 1 13150.6 13150.6 13150.6 13150.6
-15 0 1 -15 0 0.999955 0 0 0 0 0 0.000119592 -0 0 0 -0 0 0 0 0 0 0 0 0 0 0 0 0 0 1 13150.6 13150.6 13150.6 13150.6
-15 0 1 -15 0 0.999956 0 0 0 0 0 0.000118687 -0 0 0 -0 0 0 0 0 0 0 0 0 0 0 0 0 0 1 13150.6 13150.6 13150.6 13150.6
-15 0 1 -15 0 0.999956 0 0 0 0 0 0.000117783 -0 0 0 -0 0 0 0 0 0 0 0 0 0 0 0 0 0 1 13150.6 13150.6 13150.6 13150.6
-15 0 1 -15 0 0.999958 0 0 0 0 0 0.000115973 -0 0 0 -0 0 0 0 0 0 0 0 0 0 0 0 0 0 1 13150.6 13150.6 13150.6 13150.6
-15 0 1 -15 0 0.999958 0 0 0 0 0 0.000115973 -0 0 0 -0 0 0 0 0 0 0 0 0 0 0 0 0 0 1 13150.6 13150.6 13150.6 13150.6
-15 0 1 -15 0 0.999959 0 0 0 0 0 0.000114136 -0 0 0 -0 0 0 0 0 0 0 0 0 0 0 0 0 0 1 13150.6 13150.6 13150.6 13150.6
-15 0 1 -15 0 0.999959 0 0 0 0 0 0.000114136 -0 0 0 -0 0 0 0 0 0 0 0 0 0 0 0 0 0 1 13150.6 13150.6 13150.6 13150.6
-15 0 1 -15 0 0.999959 0 0 0 0 0 0.000113205 -0 0 0 -0 0 0 0 0 0 0 0 0 0 0 0 0 0 1 13150.6 13150.6 13150.6 13150.6
-15 0 1 -15 0 0.99996 0 0 0 0 0 0.000112276 -0 0 0 -0 0 0 0 0 0 0 0 0 0 0 0 0 0 1 13150.6 13150.6 13150.6 13150.6
-15 0 1 -15 0 0.99996 0 0 0 0 0 0.000111362 -0 0 0 -0 0 0 0 0 0 0 0 0 0 0 0 0 0 1 13150.6 13150.6 13150.6 13150.6
-15 0 1 -15 0 0.999961 0 0 0 0 0 0.000110456 -0 0 0 -0 0 0 0 0 0 0 0 0 0 0 0 0 0 1 13150.6 13150.6 13150.6 13150.6
-15 0 1 -15 0 0.999962 0 0 0 0 0 0.000109508 -0 0 0 -0 0 0 0 0 0 0 0 0 0 0 0 0 0 1 13150.6 13150.6 13150.6 13150.6
-15 0 1 -15 0 0.999963 0 0 0 0 0 0.000107662 -0 0 0 -0 0 0 0 0 0 0 0 0 0 0 0 0 0 1 13150.6 13150.6 13150.6 13150.6
-15 0 1 -15 0 0.999963 0 0 0 0 0 0.000107662 -0 0 0 -0 0 0 0 0 0 0 0 0 0 0 0 0 0 1 13150.6 13150.6 13150.6 13150.6
-15 0 1 -15 0 0.999963 0 0 0 0 0 0.000106707 -0 0 0 -0 0 0 0 0 0 0 0 0 0 0 0 0 0 1 13150.6 13150.6 13150.6 13150.6
-15 0 1 -15 0 0.999964 0 0 0 0 0 0.000105768 -0 0 0 -0 0 0 0 0 0 0 0 0 0 0 0 0 0 1 13150.6 13150.6 13150.6 13150.6
-15 0 1 -15 0 0.999964 0 0 0 0 0 0.000104835 -0 0 0 -0 0 0 0 0 0 0 0 0 0 0 0 0 0 1 13150.6 13150.6 13150.6 13150.6
-15 0 1 -15 0 0.999965 0 0 0 0 0 0.000103903 -0 0 0 -0 0 0 0 0 0 0 0 0 0 0 0 0 0 1 13150.6 13150.6 13150.6 13150.6
-15 0 1 -15 0 0.999966 0 0 0 0 0 0.00010206 -0 0 0 -0 0 0 0 0 0 0 0 0 0 0 0 0 0 1 13150.6 13150.6 13150.6 13150.6
-15 0 1 -15 0 0.999966 0 0 0 0 0 0.000101126 -0 0 0 -0 0 0 0 0 0 0 0 0 0 0 0 0 0 1 13150.6 13150.6 13150.6 13150.6
-15 0 1 -15 0 0.999967 0 0 0 0 0 0.000100182 -0 0 0 -0 0 0 0 0 0 0 0 0 0 0 0 0 0 1 13150.6 13150.6 13150.6 13150.6
-15 0 1 -15 0 0.999967 0 0 0 0 0 0.000100182 -0 0 0 -0 0 0 0 0 0 0 0 0 0 0 0 0 0 1 13150.6 13150.6 13150.6 13150.6
-15 0 1 -15 0 0.999968 0 0 0 0 0 9.83075e-05 -0 0 0 -0 0 0 0 0 0 0 0 0 0 0 0 0 0 1 13150.6 13150.6 13150.6 13150.6
-15 0 1 -15 0 0.999968 0 0 0 0 0 9.83075e-05 -0 0 0 -0 0 0 0 0 0 0 0 0 0 0 0 0 0 1 13150.6 13150.6 13150.6 13150.6
-15 0 1 -15 0 0.999969 0 0 0 0 0 9.64481e-05 -0 0 0 -0 0 0 0 0 0 0 0 0 0 0 0 0 0 1 13150.6 13150.6 13150.6 13150.6
-15 0 1 -15 0 0.999969 0 0 0 0 0 9.64481e-05 -0 0 0 -0 0 0 0 0 0 0 0 0 0 0 0 0 0 1 13150.6 13150.6 13150.6 13150.6
-15 0 1 -15 0 0.999969 0 0 0 0 0 9.55192e-05 -0 0 0 -0 0 0 0 0 0 0 0 0 0 0 0 0 0 1 13150.6 13150.6 13150.6 13150.6
-15 0 1 -15 0 0.99997 0 0 0 0 0 9.36607e-05 -0 0 0 -0 0 0 0 0 0 0 0 0 0 0 0 0 0 1 13150.6 13150.6 13150.6 13150.6
-15 0 1 -15 0 0.99997 0 0 0 0 0 9.36607e-05 -0 0 0 -0 0 0 0 0 0 0 0 0 0 0 0 0 0 1 13150.6 13150.6 13150.6 13150.6
-15 0 1 -15 0 0.999971 0 0 0 0 0 9.27405e-05 -0 0 0 -0 0 0 0 0 0 0 0 0 0 0 0 0 0 1 13150.6 13150.6 13150.6 13150.6
-15 0 1 -15 0 0.999972 0 0 0 0 0 9.0893e-05 -0 0 0 -0 0 0 0 0 0 0 0 0 0 0 0 0 0 1 13150.6 13150.6 13150.6 13150.6
-15 0 1 -15 0 0.999972 0 0 0 0 0 9.0893e-05 -0 0 0 -0 0 0 0 0 0 0 0 0 0 0 0 0 0 1 13150.6 13150.6 13150.6 13150.6
-15 0 1 -15 0 0.999973 0 0 0 0 0 8.90456e-05 -0 0 0 -0 0 0 0 0 0 0 0 0 0 0 0 0 0 1 13150.6 13150.6 13150.6 13150.6
-15 0 1 -15 0 0.999973 0 0 0 0 0 8.90456e-05 -0 0 0 -0 0 0 0 0 0 0 0 0 0 0 0 0 0 1 13150.6 13150.6 13150.6 13150.6
-15 0 1 -15 0 0.999973 0 0 0 0 0 8.80918e-05 -0 0 0 -0 0 0 0 0 0 0 0 0 0 0 0 0 0 1 13150.6 13150.6 13150.6 13150.6
-15 0 1 -15 0 0.999973 0 0 0 0 0 8.71994e-05 -0 0 0 -0 0 0 0 0 0 0 0 0 0 0 0 0 0 1 13150.6 13150.6 13150.6 13150.6
-15 0 1 -15 0 0.999974 0 0 0 0 0 8.63054e-05 -0 0 0 -0 0 0 0 0 0 0 0 0 0 0 0 0 0 1 13150.6 13150.6 13150.6 13150.6
-15 0 1 -15 0 0.999974 0 0 0 0 0 8.53826e-05 -0 0 0 -0 0 0 0 0 0 0 0 0 0 0 0 0 0 1 13150.6 13150.6 13150.6 13150.6
-15 0 1 -15 0 0.999975 0 0 0 0 0 8.3593e-05 -0 0 0 -0 0 0 0 0 0 0 0 0 0 0 0 0 0 1 13150.6 13150.6 13150.6 13150.6
-15 0 1 -15 0 0.999975 0 0 0 0 0 8.3593e-05 -0 0 0 -0 0 0 0 0 0 0 0 0 0 0 0 0 0 1 13150.6 13150.6 13150.6 13150.6
-15 0 1 -15 0 0.999976 0 0 0 0 0 8.17747e-05 -0 0 0 -0 0 0 0 0 0 0 0 0 0 0 0 0 0 1 13150.6 13150.6 13150.6 13150.6
-15 0 1 -15 0 0.999976 0 0 0 0 0 8.17747e-05 -0 0 0 -0 0 0 0 0 0 0 0 0 0 0 0 0 0 1 13150.6 13150.6 13150.6 13150.6
-15 0 1 -15 0 0.999976 0 0 0 0 0 8.08889e-05 -0 0 0 -0 0 0 0 0 0 0 0 0 0 0 0 0 0 1 13150.6 13150.6 13150.6 13150.6
-15 0 1 -15 0 0.999977 0 0 0 0 0 7.91317e-05 -0 0 0 -0 0 0 0 0 0 0 0 0 0 0 0 0 0 1 13150.6 13150.6 13150.6 13150.6
-15 0 1 -15 0 0.999978 0 0 0 0 0 7.82554e-05 -0 0 0 -0 0 0 0 0 0 0 0 0 0 0 0 0 0 1 13150.6 13150.6 13150.6 13150.6
-15 0 1 -15 0 0.999978 0 0 0 0 0 7.82554e-05 -0 0 0 -0 0 0 0 0 0 0 0 0 0 0 0 0 0 1 13150.6 13150.6 13150.6 13150.6
-15 0 1 -15 0 0.999978 0 0 0 0 0 7.73783e-05 -0 0 0 -0 0 0 0 0 0 0 0 0 0 0 0 0 0 1 13150.6 13150.6 13150.6 13150.6
-15 0 1 -15 0 0.999978 0 0 0 0 0 7.6497e-05 -0 0 0 -0 0 0 0 0 0 0 0 0 0 0 0 0 0 1 13150.6 13150.6 13150.6 13150.6
-15 0 1 -15 0 0.999979 0 0 0 0 0 7.56314e-05 -0 0 0 -0 0 0 0 0 0 0 0 0 0 0 0 0 0 1 13150.6 13150.6 13150.6 13150.6
-15 0 1 -15 0 0.999979 0 0 0 0 0 7.47704e-05 -0 0 0 -0 0 0 0 0 0 0 0 0 0 0 0 0 0 1 13150.6 13150.6 13150.6 13150.6
-15 0 1 -15 0 0.99998 0 0 0 0 0 7.38936e-05 -0 0 0 -0 0 0 0 0 0 0 0 0 0 0 0 0 0 1 13150.6 13150.6 13150.6 13150.6
-15 0 1 -15 0 0.99998 0 0 0 0 0 7.30335e-05 -0 0 0 -0 0 0 0 0 0 0 0 0 0 0 0 0 0 1 13150.6 13150.6 13150.6 13150.6
-15 0 1 -15 0 0.99998 0 0 0 0 0 7.21865e-05 -0 0 0 -0 0 0 0 0 0 0 0 0 0 0 0 0 0 1 13150.6 13150.6 13150.6 13150.6
-15 0 1 -15 0 0.999981 0 0 0 0 0 7.13219e-05 -0 0 0 -0 0 0 0 0 0 0 0 0 0 0 0 0 0 1 13150.6 13150.6 13150.6 13150.6
-15 0 1 -15 0 0.999981 0 0 0 0 0 7.04823e-05 -0 0 0 -0 0 0 0 0 0 0 0 0 0 0 0 0 0 1 13150.6 13150.6 13150.6 13150.6
-15 0 1 -15 0 0.999981 0 0 0 0 0 6.96448e-05 -0 0 0 -0 0 0 0 0 0 0 0 0 0 0 0 0 0 1 13150.6 13150.6 13150.6 13150.6
-15 0 1 -15 0 0.999982 0 0 0 0 0 6.88061e-05 -0 0 0 -0 0 0 0 0 0 0 0 0 0 0 0 0 0 1 13150.6 13150.6 13150.6 13150.6
-15 0 1 -15 0 0.999982 0 0 0 0 0 6.79948e-05 -0 0 0 -0 0 0 0 0 0 0 0 0 0 0 0 0 0 1 13150.6 13150.6 13150.6 13150.6
-15 0 1 -15 0 0.999982 0 0 0 0 0 6.71631e-05 -0 0 0 -0 0 0 0 0 0 0 0 0 0 0 0 0 0 1 13150.6 13150.6 13150.6 13150.6
-15 0 1 -15 0 0.999983 0 0 0 0 0 6.5538e-05 -0 0 0 -0 0 0 0 0 0 0 0 0 0 0 0 0 0 1 13150.6 13150.6 13150.6 13150.6
-15 0 1 -15 0 0.999983 0 0 0 0 0 6.5538e-05 -0 0 0 -0 0 0 0 0 0 0 0 0 0 0 0 0 0 1 13150.6 13150.6 13150.6 13150.6
-15 0 1 -15 0 0.999984 0 0 0 0 0 6.39279e-05 -0 0 0 -0 0 0 0 0 0 0 0 0 0 0 0 0 0 1 13150.6 13150.6 13150.6 13150.6
-15 0 1 -15 0 0.999984 0 0 0 0 0 6.31257e-05 -0 0 0 -0 0 0 0 0 0 0 0 0 0 0 0 0 0 1 13150.6 13150.6 13150.6 13150.6
-15 0 1 -15 0 0.999984 0 0 0 0 0 6.31257e-05 -0 0 0 -0 0 0 0 0 0 0 0 0 0 0 0 0 0 1 13150.6 13150.6 13150.6 13150.6
-15 0 1 -15 0 0.999984 0 0 0 0 0 6.2324e-05 -0 0 0 -0 0 0 0 0 0 0 0 0 0 0 0 0 0 1 13150.6 13150.6 13150.6 13150.6
-15 0 1 -15 0 0.999985 0 0 0 0 0 6.15448e-05 -0 0 0 -0 0 0 0 0 0 0 0 0 0 0 0 0 0 1 13150.6 13150.6 13150.6 13150.6
-15 0 1 -15 0 0.999985 0 0 0 0 0 6.07555e-05 -0 0 0 -0 0 0 0 0 0 0 0 0 0 0 0 0 0 1 13150.6 13150.6 13150.6 13150.6
-15 0 1 -15 0 0.999985 0 0 0 0 0 5.99666e-05 -0 0 0 -0 0 0 0 0 0 0 0 0 0 0 0 0 0 1 13150.6 13150.6 13150.6 13150.6
-15 0 1 -15 0 0.999986 0 0 0 0 0 5.84439e-05 -0 0 0 -0 0 0 0 0 0 0 0 0 0 0 0 0 0 1 13150.7 13150.7 13150.7 13150.7
-15 0 1 -15 0 0.999986 0 0 0 0 0 5.84439e-05 -0 0 0 -0 0 0 0 0 0 0 0 0 0 0 0 0 0 1 13150.7 13150.7 13150.7 13150.7
-15 0 1 -15 0 0.999986 0 0 0 0 0 5.73949e-05 -0 0 0 -0 0 0 0 0 0 0 0 0 0 0 0 0 0 1 13150.7 13150.7 13150.7 13150.7
-15 0 1 -15 0 0.999986 0 0 0 0 0 5.69184e-05 -0 0 0 -0 0 0 0 0 0 0 0 0 0 0 0 0 0 1 13150.7 13150.7 13150.7 13150.7
-15 0 1 -15 0 0.999987 0 0 0 0 0 5.61727e-05 -0 0 0 -0 0 0 0 0 0 0 0 0 0 0 0 0 0 1 13150.7 13150.7 13150.7 13150.7
-15 0 1 -15 0 0.999987 0 0 0 0 0 5.54258e-05 -0 0 0 -0 0 0 0 0 0 0 0 0 0 0 0 0 0 1 13150.7 13150.7 13150.7 13150.7
-15 0 1 -15 0 0.999987 0 0 0 0 0 5.46751e-05 -0 0 0 -0 0 0 0 0 0 0 0 0 0 0 0 0 0 1 13150.7 13150.7 13150.7 13150.7
-15 0 1 -15 0 0.999988 0 0 0 0 0 5.32079e-05 -0 0 0 -0 0 0 0 0 0 0 0 0 0 0 0 0 0 1 13150.7 13150.7 13150.7 13150.7
-15 0 1 -15 0 0.999988 0 0 0 0 0 5.32079e-05 -0 0 0 -0 0 0 0 0 0 0 0 0 0 0 0 0 0 1 13150.7 13150.7 13150.7 13150.7
-15 0 1 -15 0 0.999988 0 0 0 0 0 5.17785e-05 -0 0 0 -0 0 0 0 0 0 0 0 0 0 0 0 0 0 1 13150.7 13150.7 13150.7 13150.7
-15 0 1 -15 0 0.999988 0 0 0 0 0 5.17785e-05 -0 0 0 -0 0 0 0 0 0 0 0 0 0 0 0 0 0 1 13150.7 13150.7 13150.7 13150.7
-15 0 1 -15 0 0.999989 0 0 0 0 0 5.0349e-05 -0 0 0 -0 0 0 0 0 0 0 0 0 0 0 0 0 0 1 13150.7 13150.7 13150.7 13150.7
-15 0 1 -15 0 0.999989 0 0 0 0 0 5.0349e-05 -0 0 0 -0 0 0 0 0 0 0 0 0 0 0 0 0 0 1 13150.7 13150.7 13150.7 13150.7
-15 0 1 -15 0 0.999989 0 0 0 0 0 4.96456e-05 -0 0 0 -0 0 0 0 0 0 0 0 0 0 0 0 0 0 1 13150.7 13150.7 13150.7 13150.7
-15 0 1 -15 0 0.99999 0 0 0 0 0 4.82735e-05 -0 0 0 -0 0 0 0 0 0 0 0 0 0 0 0 0 0 1 13150.7 13150.7 13150.7 13150.7
-15 0 1 -15 0 0.99999 0 0 0 0 0 4.82735e-05 -0 0 0 -0 0 0 0 0 0 0 0 0 0 0 0 0 0 1 13150.7 13150.7 13150.7 13150.7
-15 0 1 -15 0 0.99999 0 0 0 0 0 4.75973e-05 -0 0 0 -0 0 0 0 0 0 0 0 0 0 0 0 0 0 1 13150.7 13150.7 13150.7 13150.7
-15 0 1 -15 0 0.99999 0 0 0 0 0 4.69139e-05 -0 0 0 -0 0 0 0 0 0 0 0 0 0 0 0 0 0 1 13150.7 13150.7 13150.7 13150.7
-15 0 1 -15 0 0.99999 0 0 0 0 0 4.62462e-05 -0 0 0 -0 0 0 0 0 0 0 0 0 0 0 0 0 0 1 13150.7 13150.7 13150.7 13150.7
-15 0 1 -15 0 0.999991 0 0 0 0 0 4.557e-05 -0 0 0 -0 0 0 0 0 0 0 0 0 0 0 0 0 0 1 13150.7 13150.7 13150.7 13150.7
-15 0 1 -15 0 0.999991 0 0 0 0 0 4.49139e-05 -0 0 0 -0 0 0 0 0 0 0 0 0 0 0 0 0 0 1 13150.7 13150.7 13150.7 13150.7
-15 0 1 -15 0 0.999991 0 0 0 0 0 4.42597e-05 -0 0 0 -0 0 0 0 0 0 0 0 0 0 0 0 0 0 1 13150.7 13150.7 13150.7 13150.7
-15 0 1 -15 0 0.999991 0 0 0 0 0 4.36039e-05 -0 0 0 -0 0 0 0 0 0 0 0 0 0 0 0 0 0 1 13150.7 13150.7 13150.7 13150.7
-15 0 1 -15 0 0.999991 0 0 0 0 0 4.29504e-05 -0 0 0 -0 0 0 0 0 0 0 0 0 0 0 0 0 0 1 13150.7 13150.7 13150.7 13150.7
-15 0 1 -15 0 0.999992 0 0 0 0 0 4.16908e-05 -0 0 0 -0 0 0 0 0 0 0 0 0 0 0 0 0 0 1 13150.7 13150.7 13150.7 13150.7
-15 0 1 -15 0 0.999992 0 0 0 0 0 4.16908e-05 -0 0 0 -0 0 0 0 0 0 0 0 0 0 0 0 0 0 1 13150.7 13150.7 13150.7 13150.7
-15 0 1 -15 0 0.999992 0 0 0 0 0 4.10395e-05 -0 0 0 -0 0 0 0 0 0 0 0 0 0 0 0 0 0 1 13150.7 13150.7 13150.7 13150.7
-15 0 1 -15 0 0.999992 0 0 0 0 0 4.04475e-05 -0 0 0 -0 0 0 0 0 0 0 0 0 0 0 0 0 0 1 13150.7 13150.7 13150.7 13150.7
-15 0 1 -15 0 0.999993 0 0 0 0 0 3.9217e-05 -0 0 0 -0 0 0 0 0 0 0 0 0 0 0 0 0 0 1 13150.7 13150.7 13150.7 13150.7
-15 0 1 -15 0 0.999993 0 0 0 0 0 3.9217e-05 -0 0 0 -0 0 0 0 0 0 0 0 0 0 0 0 0 0 1 13150.7 13150.7 13150.7 13150.7
-15 0 1 -15 0 0.999993 0 0 0 0 0 3.80245e-05 -0 0 0 -0 0 0 0 0 0 0 0 0 0 0 0 0 0 1 13150.7 13150.7 13150.7 13150.7
-15 0 1 -15 0 0.999993 0 0 0 0 0 3.80245e-05 -0 0 0 -0 0 0 0 0 0 0 0 0 0 0 0 0 0 1 13150.7 13150.7 13150.7 13150.7
-15 0 1 -15 0 0.999993 0 0 0 0 0 3.743e-05 -0 0 0 -0 0 0 0 0 0 0 0 0 0 0 0 0 0 1 13150.7 13150.7 13150.7 13150.7
-15 0 1 -15 0 0.999993 0 0 0 0 0 3.683e-05 -0 0 0 -0 0 0 0 0 0 0 0 0 0 0 0 0 0 1 13150.7 13150.7 13150.7 13150.7
-15 0 1 -15 0 0.999994 0 0 0 0 0 3.62543e-05 -0 0 0 -0 0 0 0 0 0 0 0 0 0 0 0 0 0 1 13150.7 13150.7 13150.7 13150.7
-15 0 1 -15 0 0.999994 0 0 0 0 0 3.51104e-05 -0 0 0 -0 0 0 0 0 0 0 0 0 0 0 0 0 0 1 13150.7 13150.7 13150.7 13150.7
-15 0 1 -15 0 0.999994 0 0 0 0 0 3.51104e-05 -0 0 0 -0 0 0 0 0 0 0 0 0 0 0 0 0 0 1 13150.7 13150.7 13150.7 13150.7
-15 0 1 -15 0 0.999994 0 0 0 0 0 3.45525e-05 -0 0 0 -0 0 0 0 0 0 0 0 0 0 0 0 0 0 1 13150.7 13150.7 13150.7 13150.7
-15 0 1 -15 0 0.999994 0 0 0 0 0 3.34483e-05 -0 0 0 -0 0 0 0 0 0 0 0 0 0 0 0 0 0 1 13150.7 13150.7 13150.7 13150.7
-15 0 1 -15 0 0.999994 0 0 0 0 0 3.34483e-05 -0 0 0 -0 0 0 0 0 0 0 0 0 0 0 0 0 0 1 13150.7 13150.7 13150.7 13150.7
-15 0 1 -15 0 0.999995 0 0 0 0 0 3.23675e-05 -0 0 0 -0 0 0 0 0 0 0 0 0 0 0 0 0 0 1 13150.7 13150.7 13150.7 13150.7
-15 0 1 -15 0 0.999995 0 0 0 0 0 3.18295e-05 -0 0 0 -0 0 0 0 0 0 0 0 0 0 0 0 0 0 1 13150.7 13150.7 13150.7 13150.7
-15 0 1 -15 0 0.999995 0 0 0 0 0 3.18295e-05 -0 0 0 -0 0 0 0 0 0 0 0 0 0 0 0 0 0 1 13150.7 13150.7 13150.7 13150.7
-15 0 1 -15 0 0.999995 0 0 0 0 0 3.07794e-05 -0 0 0 -0 0 0 0 0 0 0 0 0 0 0 0 0 0 1 13150.7 13150.7 13150.7 13150.7
-15 0 1 -15 0 0.999995 0 0 0 0 0 3.02654e-05 -0 0 0 -0 0 0 0 0 0 0 0 0 0 0 0 0 0 1 13150.7 13150.7 13150.7 13150.7
-15 0 1 -15 0 0.999996 0 0 0 0 0 2.97631e-05 -0 0 0 -0 0 0 0 0 0 0 0 0 0 0 0 0 0 1 13150.7 13150.7 13150.7 13150.7
-15 0 1 -15 0 0.999996 0 0 0 0 0 2.97631e-05 -0 0 0 -0 0 0 0 0 0 0 0 0 0 0 0 0 0 1 13150.7 13150.7 13150.7 13150.7
-15 0 1 -15 0 0.999996 0 0 0 0 0 2.92515e-05 -0 0 0 -0 0 0 0 0 0 0 0 0 0 0 0 0 0 1 13150.7 13150.7 13150.7 13150.7
-15 0 1 -15 0 0.999996 0 0 0 0 0 2.87496e-05 -0 0 0 -0 0 0 0 0 0 0 0 0 0 0 0 0 0 1 13150.7 13150.7 13150.7 13150.7
-15 0 1 -15 0 0.999996 0 0 0 0 0 2.77607e-05 -0 0 0 -0 0 0 0 0 0 0 0 0 0 0 0 0 0 1 13150.7 13150.7 13150.7 13150.7
-15 0 1 -15 0 0.999996 0 0 0 0 0 2.77607e-05 -0 0 0 -0 0 0 0 0 0 0 0 0 0 0 0 0 0 1 13150.7 13150.7 13150.7 13150.7
-15 0 1 -15 0 0.999996 0 0 0 0 0 2.72696e-05 -0 0 0 -0 0 0 0 0 0 0 0 0 0 0 0 0 0 1 13150.7 13150.7 13150.7 13150.7
-15 0 1 -15 0 0.999997 0 0 0 0 0 2.63235e-05 -0 0 0 -0 0 0 0 0 0 0 0 0 0 0 0 0 0 1 13150.7 13150.7 13150.7 13150.7
-15 0 1 -15 0 0.999997 0 0 0 0 0 2.58595e-05 -0 0 0 -0 0 0 0 0 0 0 0 0 0 0 0 0 0 1 13150.7 13150.7 13150.7 13150.7
-15 0 1 -15 0 0.999997 0 0 0 0 0 2.54019e-05 -0 0 0 -0 0 0 0 0 0 0 0 0 0 0 0 0 0 1 13150.7 13150.7 13150.7 13150.7
-15 0 1 -15 0 0.999997 0 0 0 0 0 2.49441e-05 -0 0 0 -0 0 0 0 0 0 0 0 0 0 0 0 0 0 1 13150.7 13150.7 13150.7 13150.7
-15 0 1 -15 0 0.999997 0 0 0 0 0 2.49441e-05 -0 0 0 -0 0 0 0 0 0 0 0 0 0 0 0 0 0 1 13150.7 13150.7 13150.7 13150.7
-15 0 1 -15 0 0.999997 0 0 0 0 0 2.44892e-05 -0 0 0 -0 0 0 0 0 0 0 0 0 0 0 0 0 0 1 13150.7 13150.7 13150.7 13150.7
-15 0 1 -15 0 0.999997 0 0 0 0 0 2.36059e-05 -0 0 0 -0 0 0 0 0 0 0 0 0 0 0 0 0 0 1 13150.7 13150.7 13150.7 13150.7
-15 0 1 -15 0 0.999997 0 0 0 0 0 2.36059e-05 -0 0 0 -0 0 0 0 0 0 0 0 0 0 0 0 0 0 1 13150.7 13150.7 13150.7 13150.7
-15 0 1 -15 0 0.999998 0 0 0 0 0 2.27434e-05 -0 0 0 -0 0 0 0 0 0 0 0 0 0 0 0 0 0 1 13150.7 13150.7 13150.7 13150.7
-15 0 1 -15 0 0.999998 0 0 0 0 0 2.23126e-05 -0 0 0 -0 0 0 0 0 0 0 0 0 0 0 0 0 0 1 13150.7 13150.7 13150.7 13150.7
-15 0 1 -15 0 0.999998 0 0 0 0 0 2.18977e-05 -0 0 0 -0 0 0 0 0 0 0 0 0 0 0 0 0 0 1 13150.7 13150.7 13150.7 13150.7
-15 0 1 -15 0 0.999998 0 0 0 0 0 2.14899e-05 -0 0 0 -0 0 0 0 0 0 0 0 0 0 0 0 0 0 1 13150.7 13150.7 13150.7 13150.7
-15 0 1 -15 0 0.999998 0 0 0 0 0 2.14899e-05 -0 0 0 -0 0 0 0 0 0 0 0 0 0 0 0 0 0 1 13150.7 13150.7 13150.7 13150.7
-15 0 1 -15 0 0.999998 0 0 0 0 0 2.10712e-05 -0 0 0 -0 0 0 0 0 0 0 0 0 0 0 0 0 0 1 13150.7 13150.7 13150.7 13150.7
-15 0 1 -15 0 0.999998 0 0 0 0 0 2.06533e-05 -0 0 0 -0 0 0 0 0 0 0 0 0 0 0 0 0 0 1 13150.7 13150.7 13150.7 13150.7
-15 0 1 -15 0 0.999998 0 0 0 0 0 2.02556e-05 -0 0 0 -0 0 0 0 0 0 0 0 0 0 0 0 0 0 1 13150.7 13150.7 13150.7 13150.7
-15 0 1 -15 0 0.999998 0 0 0 0 0 1.9478e-05 -0 0 0 -0 0 0 0 0 0 0 0 0 0 0 0 0 0 1 13150.7 13150.7 13150.7 13150.7
-15 0 1 -15 0 0.999998 0 0 0 0 0 1.9478e-05 -0 0 0 -0 0 0 0 0 0 0 0 0 0 0 0 0 0 1 13150.7 13150.7 13150.7 13150.7
-15 0 1 -15 0 0.999999 0 0 0 0 0 1.90938e-05 -0 0 0 -0 0 0 0 0 0 0 0 0 0 0 0 0 0 1 13150.7 13150.7 13150.7 13150.7
-15 0 1 -15 0 0.999999 0 0 0 0 0 1.87095e-05 -0 0 0 -0 0 0 0 0 0 0 0 0 0 0 0 0 0 1 13150.7 13150.7 13150.7 13150.7
-15 0 1 -15 0 0.999999 0 0 0 0 0 1.833e-05 -0 0 0 -0 0 0 0 0 0 0 0 0 0 0 0 0 0 1 13150.7 13150.7 13150.7 13150.7
-15 0 1 -15 0 0.999999 0 0 0 0 0 1.79567e-05 -0 0 0 -0 0 0 0 0 0 0 0 0 0 0 0 0 0 1 13150.7 13150.7 13150.7 13150.7
-15 0 1 -15 0 0.999999 0 0 0 0 0 1.75929e-05 -0 0 0 -0 0 0 0 0 0 0 0 0 0 0 0 0 0 1 13150.7 13150.7 13150.7 13150.7
-15 0 1 -15 0 0.999999 0 0 0 0 0 1.72231e-05 -0 0 0 -0 0 0 0 0 0 0 0 0 0 0 0 0 0 1 13150.7 13150.7 13150.7 13150.7
-15 0 1 -15 0 0.999999 0 0 0 0 0 1.68607e-05 -0 0 0 -0 0 0 0 0 0 0 0 0 0 0 0 0 0 1 13150.7 13150.7 13150.7 13150.7
-15 0 1 -15 0 0.999999 0 0 0 0 0 1.65075e-05 -0 0 0 -0 0 0 0 0 0 0 0 0 0 0 0 0 0 1 13150.7 13150.7 13150.7 13150.7
-15 0 1 -15 0 0.999999 0 0 0 0 0 1.6155e-05 -0 0 0 -0 0 0 0 0 0 0 0 0 0 0 0 0 0 1 13150.7 13150.7 13150.7 13150.7
-15 0 1 -15 0 0.999999 0 0 0 0 0 1.58114e-05 -0 0 0 -0 0 0 0 0 0 0 0 0 0 0 0 0 0 1 13150.7 13150.7 13150.7 13150.7
-15 0 1 -15 0 0.999999 0 0 0 0 0 1.54814e-05 -0 0 0 -0 0 0 0 0 0 0 0 0 0 0 0 0 0 1 13150.7 13150.7 13150.7 13150.7
-15 0 1 -15 0 0.999999 0 0 0 0 0 1.50991e-05 -0 0 0 -0 0 0 0 0 0 0 0 0 0 0 0 0 0 1 13150.7 13150.7 13150.7 13150.7
-15 0 1 -15 0 1 0 0 0 0 0 1.48003e-05 -0 0 0 -0 0 0 0 0 0 0 0 0 0 0 0 0 0 1 13150.7 13150.7 13150.7 13150.7
-15 0 1 -15 0 1 0 0 0 0 0 1.44745e-05 -0 0 0 -0 0 0 0 0 0 0 0 0 0 0 0 0 0 1 13150.7 13150.7 13150.7 13150.7
-15 0 1 -15 0 1 0 0 0 0 0 1.41511e-05 -0 0 0 -0 0 0 0 0 0 0 0 0 0 0 0 0 0 1 13150.7 13150.7 13150.7 13150.7
-15 0 1 -15 0 1 0 0 0 0 0 1.38516e-05 -0 0 0 -0 0 0 0 0 0 0 0 0 0 0 0 0 0 1 13150.7 13150.7 13150.7 13150.7
-15 0 1 -15 0 1 0 0 0 0 0 1.35252e-05 -0 0 0 -0 0 0 0 0 0 0 0 0 0 0 0 0 0 1 13150.7 13150.7 13150.7 13150.7
-15 0 1 -15 0 1 0 0 0 0 0 1.3227e-05 -0 0 0 -0 0 0 0 0 0 0 0 0 0 0 0 0 0 1 13150.7 13150.7 13150.7 13150.7
-15 0 1 -15 0 1 0 0 0 0 0 1.29155e-05 -0 0 0 -0 0 0 0 0 0 0 0 0 0 0 0 0 0 1 13150.7 13150.7 13150.7 13150.7
-15 0 1 -15 0 1 0 0 0 0 0 1.23238e-05 -0 0 0 -0 0 0 0 0 0 0 0 0 0 0 0 0 0 1 13150.7 13150.7 13150.7 13150.7
-15 0 1 -15 0 1 0 0 0 0 0 1.23238e-05 -0 0 0 -0 0 0 0 0 0 0 0 0 0 0 0 0 0 1 13150.7 13150.7 13150.7 13150.7
-15 0 1 -15 0 1 0 0 0 0 0 1.20358e-05 -0 0 0 -0 0 0 0 0 0 0 0 0 0 0 0 0 0 1 13150.7 13150.7 13150.7 13150.7
-15 0 1 -15 0 1 0 0 0 0 0 1.17483e-05 -0 0 0 -0 0 0 0 0 0 0 0 0 0 0 0 0 0 1 13150.7 13150.7 13150.7 13150.7
-15 0 1 -15 0 1 0 0 0 0 0 1.11858e-05 -0 0 0 -0 0 0 0 0 0 0 0 0 0 0 0 0 0 1 13150.7 13150.7 13150.7 13150.7
-15 0 1 -15 0 1 0 0 0 0 0 1.11858e-05 -0 0 0 -0 0 0 0 0 0 0 0 0 0 0 0 0 0 1 13150.7 13150.7 13150.7 13150.7
-15 0 1 -15 0 1 0 0 0 0 0 1.09149e-05 -0 0 0 -0 0 0 0 0 0 0 0 0 0 0 0 0 0 1 13150.7 13150.7 13150.7 13150.7
-15 0 1 -15 0 1 0 0 0 0 0 1.03785e-05 -0 0 0 -0 0 0 0 0 0 0 0 0 0 0 0 0 0 1 13150.7 13150.7 13150.7 13150.7
-15 0 1 -15 0 1 0 0 0 0 0 1.03785e-05 -0 0 0 -0 0 0 0 0 0 0 0 0 0 0 0 0 0 1 13150.7 13150.7 13150.7 13150.7
-15 0 1 -15 0 1 0 0 0 0 0 9.86359e-06 -0 0 0 -0 0 0 0 0 0 0 0 0 0 0 0 0 0 1 13150.7 13150.7 13150.7 13150.7
-15 0 1 -15 0 1 0 0 0 0 0 9.86359e-06 -0 0 0 -0 0 0 0 0 0 0 0 0 0 0 0 0 0 1 13150.7 13150.7 13150.7 13150.7
-15 0 1 -15 0 1 0 0 0 0 0 9.61166e-06 -0 0 0 -0 0 0 0 0 0 0 0 0 0 0 0 0 0 1 13150.7 13150.7 13150.7 13150.7
-15 0 1 -15 0 1 0 0 0 0 0 9.11358e-06 -0 0 0 -0 0 0 0 0 0 0 0 0 0 0 0 0 0 1 13150.7 13150.7 13150.7 13150.7
-15 0 1 -15 0 1 0 0 0 0 0 9.11358e-06 -0 0 0 -0 0 0 0 0 0 0 0 0 0 0 0 0 0 1 13150.7 13150.7 13150.7 13150.7
-15 0 1 -15 0 1 0 0 0 0 0 8.87029e-06 -0 0 0 -0 0 0 0 0 0 0 0 0 0 0 0 0 0 1 13150.7 13150.7 13150.7 13150.7
-15 0 1 -15 0 1 0 0 0 0 0 8.62145e-06 -0 0 0 -0 0 0 0 0 0 0 0 0 0 0 0 0 0 1 13150.7 13150.7 13150.7 13150.7
-15 0 1 -15 0 1 0 0 0 0 0 8.39135e-06 -0 0 0 -0 0 0 0 0 0 0 0 0 0 0 0 0 0 1 13150.7 13150.7 13150.7 13150.7
-15 0 1 -15 0 1 0 0 0 0 0 7.92901e-06 -0 0 0 -0 0 0 0 0 0 0 0 0 0 0 0 0 0 1 13150.7 13150.7 13150.7 13150.7
-15 0 1 -15 0 1 0 0 0 0 0 7.92901e-06 -0 0 0 -0 0 0 0 0 0 0 0 0 0 0 0 0 0 1 13150.7 13150.7 13150.7 13150.7
-15 0 1 -15 0 1 0 0 0 0 0 7.70965e-06 -0 0 0 -0 0 0 0 0 0 0 0 0 0 0 0 0 0 1 13150.7 13150.7 13150.7 13150.7
-15 0 1 -15 0 1 0 0 0 0 0 7.48852e-06 -0 0 0 -0 0 0 0 0 0 0 0 0 0 0 0 0 0 1 13150.7 13150.7 13150.7 13150.7
-15 0 1 -15 0 1 0 0 0 0 0 7.2675e-06 -0 0 0 -0 0 0 0 0 0 0 0 0 0 0 0 0 0 1 13150.7 13150.7 13150.7 13150.7
-15 0 1 -15 0 1 0 0 0 0 0 7.05029e-06 -0 0 0 -0 0 0 0 0 0 0 0 0 0 0 0 0 0 1 13150.7 13150.7 13150.7 13150.7
-15 0 1 -15 0 1 0 0 0 0 0 6.84059e-06 -0 0 0 -0 0 0 0 0 0 0 0 0 0 0 0 0 0 1 13150.7 13150.7 13150.7 13150.7
-15 0 1 -15 0 1 0 0 0 0 0 6.63422e-06 -0 0 0 -0 0 0 0 0 0 0 0 0 0 0 0 0 0 1 13150.7 13150.7 13150.7 13150.7
-15 0 1 -15 0 1 0 0 0 0 0 6.42349e-06 -0 0 0 -0 0 0 0 0 0 0 0 0 0 0 0 0 0 1 13150.7 13150.7 13150.7 13150.7
-15 0 1 -15 0 1 0 0 0 0 0 6.2298e-06 -0 0 0 -0 0 0 0 0 0 0 0 0 0 0 0 0 0 1 13150.7 13150.7 13150.7 13150.7
-15 0 1 -15 0 1 0 0 0 0 0 5.83076e-06 -0 0 0 -0 0 0 0 0 0 0 0 0 0 0 0 0 0 1 13150.7 13150.7 13150.7 13150.7
-15 0 1 -15 0 1 0 0 0 0 0 5.83076e-06 -0 0 0 -0 0 0 0 0 0 0 0 0 0 0 0 0 0 1 13150.7 13150.7 13150.7 13150.7
-15 0 1 -15 0 1 0 0 0 0 0 5.63876e-06 -0 0 0 -0 0 0 0 0 0 0 0 0 0 0 0 0 0 1 13150.7 13150.7 13150.7 13150.7
-15 0 1 -15 0 1 0 0 0 0 0 5.44768e-06 -0 0 0 -0 0 0 0 0 0 0 0 0 0 0 0 0 0 1 13150.7 13150.7 13150.7 13150.7
-15 0 1 -15 0 1 0 0 0 0 0 5.26063e-06 -0 0 0 -0 0 0 0 0 0 0 0 0 0 0 0 0 0 1 13150.7 13150.7 13150.7 13150.7
-15 0 1 -15 0 1 0 0 0 0 0 5.0796e-06 -0 0 0 -0 0 0 0 0 0 0 0 0 0 0 0 0 0 1 13150.7 13150.7 13150.7 13150.7
-15 0 1 -15 0 1 0 0 0 0 0 4.90309e-06 -0 0 0 -0 0 0 0 0 0 0 0 0 0 0 0 0 0 1 13150.7 13150.7 13150.7 13150.7
-15 0 1 -15 0 1 0 0 0 0 0 4.55712e-06 -0 0 0 -0 0 0 0 0 0 0 0 0 0 0 0 0 0 1 13150.7 13150.7 13150.7 13150.7
-15 0 1 -15 0 1 0 0 0 0 0 4.38673e-06 -0 0 0 -0 0 0 0 0 0 0 0 0 0 0 0 0 0 1 13150.7 13150.7 13150.7 13150.7
-15 0 1 -15 0 1 0 0 0 0 0 4.38673e-06 -0 0 0 -0 0 0 0 0 0 0 0 0 0 0 0 0 0 1 13150.7 13150.7 13150.7 13150.7
-15 0 1 -15 0 1 0 0 0 0 0 4.22265e-06 -0 0 0 -0 0 0 0 0 0 0 0 0 0 0 0 0 0 1 13150.7 13150.7 13150.7 13150.7
-15 0 1 -15 0 1 0 0 0 0 0 4.06114e-06 -0 0 0 -0 0 0 0 0 0 0 0 0 0 0 0 0 0 1 13150.7 13150.7 13150.7 13150.7
-15 0 1 -15 0 1 0 0 0 0 0 3.89888e-06 -0 0 0 -0 0 0 0 0 0 0 0 0 0 0 0 0 0 1 13150.7 13150.7 13150.7 13150.7
-15 0 1 -15 0 1 0 0 0 0 0 3.73653e-06 -0 0 0 -0 0 0 0 0 0 0 0 0 0 0 0 0 0 1 13150.7 13150.7 13150.7 13150.7
-15 0 1 -15 0 1 0 0 0 0 0 3.5879e-06 -0 0 0 -0 0 0 0 0 0 0 0 0 0 0 0 0 0 1 13150.7 13150.7 13150.7 13150.7
-15 0 1 -15 0 1 0 0 0 0 0 3.28495e-06 -0 0 0 -0 0 0 0 0 0 0 0 0 0 0 0 0 0 1 13150.7 13150.7 13150.7 13150.7
-15 0 1 -15 0 1 0 0 0 0 0 3.28495e-06 -0 0 0 -0 0 0 0 0 0 0 0 0 0 0 0 0 0 1 13150.7 13150.7 13150.7 13150.7
-15 0 1 -15 0 1 0 0 0 0 0 2.98984e-06 -0 0 0 -0 0 0 0 0 0 0 0 0 0 0 0 0 0 1 13150.7 13150.7 13150.7 13150.7
-15 0 1 -15 0 1 0 0 0 0 0 2.98984e-06 -0 0 0 -0 0 0 0 0 0 0 0 0 0 0 0 0 0 1 13150.7 13150.7 13150.7 13150.7
-15 0 1 -15 0 1 0 0 0 0 0 2.84579e-06 -0 0 0 -0 0 0 0 0 0 0 0 0 0 0 0 0 0 1 13150.7 13150.7 13150.7 13150.7
-15 0 1 -15 0 1 0 0 0 0 0 2.70776e-06 -0 0 0 -0 0 0 0 0 0 0 0 0 0 0 0 0 0 1 13150.7 13150.7 13150.7 13150.7
-15 0 1 -15 0 1 0 0 0 0 0 2.44182e-06 -0 0 0 -0 0 0 0 0 0 0 0 0 0 0 0 0 0 1 13150.7 13150.7 13150.7 13150.7
-15 0 1 -15 0 1 0 0 0 0 0 2.44182e-06 -0 0 0 -0 0 0 0 0 0 0 0 0 0 0 0 0 0 1 13150.7 13150.7 13150.7 13150.7
-15 0 1 -15 0 1 0 0 0 0 0 2.3154e-06 -0 0 0 -0 0 0 0 0 0 0 0 0 0 0 0 0 0 1 13150.7 13150.7 13150.7 13150.7
-15 0 1 -15 0 1 0 0 0 0 0 2.19026e-06 -0 0 0 -0 0 0 0 0 0 0 0 0 0 0 0 0 0 1 13150.7 13150.7 13150.7 13150.7
-15 0 1 -15 0 1 0 0 0 0 0 2.06394e-06 -0 0 0 -0 0 0 0 0 0 0 0 0 0 0 0 0 0 1 13150.7 13150.7 13150.7 13150.7
-15 0 1 -15 0 1 0 0 0 0 0 1.9344e-06 -0 0 0 -0 0 0 0 0 0 0 0 0 0 0 0 0 0 1 13150.7 13150.7 13150.7 13150.7
-15 0 1 -15 0 1 0 0 0 0 0 1.69983e-06 -0 0 0 -0 0 0 0 0 0 0 0 0 0 0 0 0 0 1 13150.7 13150.7 13150.7 13150.7
-15 0 1 -15 0 1 0 0 0 0 0 1.69983e-06 -0 0 0 -0 0 0 0 0 0 0 0 0 0 0 0 0 0 1 13150.7 13150.7 13150.7 13150.7
-15 0 1 -15 0 1 0 0 0 0 0 1.58216e-06 -0 0 0 -0 0 0 0 0 0 0 0 0 0 0 0 0 0 1 13150.7 13150.7 13150.7 13150.7
-15 0 1 -15 0 1 0 0 0 0 0 1.46997e-06 -0 0 0 -0 0 0 0 0 0 0 0 0 0 0 0 0 0 1 13150.7 13150.7 13150.7 13150.7
-15 0 1 -15 0 1 0 0 0 0 0 1.35771e-06 -0 0 0 -0 0 0 0 0 0 0 0 0 0 0 0 0 0 1 13150.7 13150.7 13150.7 13150.7
-15 0 1 -15 0 1 0 0 0 0 0 1.24275e-06 -0 0 0 -0 0 0 0 0 0 0 0 0 0 0 0 0 0 1 13150.7 13150.7 13150.7 13150.7
-15 0 1 -15 0 1 0 0 0 0 0 1.03798e-06 -0 0 0 -0 0 0 0 0 0 0 0 0 0 0 0 0 0 1 13150.7 13150.7 13150.7 13150.7
-15 0 1 -15 0 1 0 0 0 0 0 1.03798e-06 -0 0 0 -0 0 0 0 0 0 0 0 0 0 0 0 0 0 1 13150.7 13150.7 13150.7 13150.7
-15 0 1 -15 0 1 0 0 0 0 0 9.30984e-07 -0 0 0 -0 0 0 0 0 0 0 0 0 0 0 0 0 0 1 13150.7 13150.7 13150.7 13150.7
-15 0 1 -15 0 1 0 0 0 0 0 8.30335e-07 -0 0 0 -0 0 0 0 0 0 0 0 0 0 0 0 0 0 1 13150.7 13150.7 13150.7 13150.7
-15 0 1 -15 0 1 0 0 0 0 0 7.33146e-07 -0 0 0 -0 0 0 0 0 0 0 0 0 0 0 0 0 0 1 13150.7 13150.7 13150.7 13150.7
-15 0 1 -15 0 1 0 0 0 0 0 6.35083e-07 -0 0 0 -0 0 0 0 0 0 0 0 0 0 0 0 0 0 1 13150.7 13150.7 13150.7 13150.7
-15 0 1 -15 0 1 0 0 0 0 0 4.48012e-07 -0 0 0 -0 0 0 0 0 0 0 0 0 0 0 0 0 0 1 13150.7 13150.7 13150.7 13150.7
-15 0 1 -15 0 1 0 0 0 0 0 4.48012e-07 -0 0 0 -0 0 0 0 0 0 0 0 0 0 0 0 0 0 1 13150.7 13150.7 13150.7 13150.7
-15 0 1 -15 0 1 0 0 0 0 0 3.58637e-07 -0 0 0 -0 0 0 0 0 0 0 0 0 0 0 0 0 0 1 13150.7 13150.7 13150.7 13150.7
-15 0 1 -15 0 1 0 0 0 0 0 1.81163e-07 -0 0 0 -0 0 0 0 0 0 0 0 0 0 0 0 0 0 1 13150.7 13150.7 13150.7 13150.7
-15 0 1 -15 0 1 0 0 0 0 0 1.81163e-07 -0 0 0 -0 0 0 0 0 0 0 0 0 0 0 0 0 0 1 13150.7 13150.7 13150.7 13150.7
-15 0 1 -15 0 1 0 0 0 0 0 1.65678e-08 -0 0 0 -0 0 0 0 0 0 0 0 0 0 0 0 0 0 1 13150.7 13150.7 13150.7 13150.7
-15 0 1 -15 0 1 0 0 0 0 0 1.65678e-08 -0 0 0 -0 0 0 0 0 0 0 0 0 0 0 0 0 0 1 13150.7 13150.7 13150.7 13150.7
-15 0 1 -15 0 1 0 0 0 0 0 -5.87826e-08 -0 0 0 -0 0 0 0 0 0 0 0 0 0 0 0 0 0 1 13150.7 13150.7 13150.7 13150.7
-15 0 1 -15 0 1 0 0 0 0 0 -1.35895e-07 -0 0 0 -0 0 0 0 0 0 0 0 0 0 0 0 0 0 1 13150.7 13150.7 13150.7 13150.7
-15 0 1 -15 0 1 0 0 0 0 0 -2.09166e-07 -0 0 0 -0 0 0 0 0 0 0 0 0 0 0 0 0 0 1 13150.7 13150.7 13150.7 13150.7
-15 0 1 -15 0 1 0 0 0 0 0 -2.83756e-07 -0 0 0 -0 0 0 0 0 0 0 0 0 0 0 0 0 0 1 13150.7 13150.7 13150.7 13150.7
-15 0 1 -15 0 1 0 0 0 0 0 -3.61515e-07 -0 0 0 -0 0 0 0 0 0 0 0 0 0 0 0 0 0 1 13150.7 13150.7 13150.7 13150.7
-15 0 1 -15 0 1 0 0 0 0 0 -4.34622e-07 -0 0 0 -0 0 0 0 0 0 0 0 0 0 0 0 0 0 1 13150.7 13150.7 13150.7 13150.7
-15 0 1 -15 0 1 0 0 0 0 0 -5.01914e-07 -0 0 0 -0 0 0 0 0 0 0 0 0 0 0 0 0 0 1 13150.7 13150.7 13150.7 13150.7
-15 0 1 -15 0 1 0 0 0 0 0 -5.70045e-07 -0 0 0 -0 0 0 0 0 0 0 0 0 0 0 0 0 0 1 13150.7 13150.7 13150.7 13150.7
-15 0 1 -15 0 1 0 0 0 0 0 -7.04915e-07 -0 0 0 -0 0 0 0 0 0 0 0 0 0 0 0 0 0 1 13150.7 13150.7 13150.7 13150.7
-15 0 1 -15 0 1 0 0 0 0 0 -7.04915e-07 -0 0 0 -0 0 0 0 0 0 0 0 0 0 0 0 0 0 1 13150.7 13150.7 13150.7 13150.7
-15 0 1 -15 0 1 0 0 0 0 0 -7.65579e-07 -0 0 0 -0 0 0 0 0 0 0 0 0 0 0 0 0 0 1 13150.7 13150.7 13150.7 13150.7
-15 0 1 -15 0 1 0 0 0 0 0 -8.28111e-07 -0 0 0 -0 0 0 0 0 0 0 0 0 0 0 0 0 0 1 13150.7 13150.7 13150.7 13150.7
-15 0 1 -15 0 1 0 0 0 0 0 -8.88379e-07 -0 0 0 -0 0 0 0 0 0 0 0 0 0 0 0 0 0 1 13150.7 13150.7 13150.7 13150.7
-15 0 1 -15 0 1 0 0 0 0 0 -9.46857e-07 -0 0 0 -0 0 0 0 0 0 0 0 0 0 0 0 0 0 1 13150.7 13150.7 13150.7 13150.7
-15 0 1 -15 0 1 0 0 0 0 0 -1.00005e-06 -0 0 0 -0 0 0 0 0 0 0 0 0 0 0 0 0 0 1 13150.7 13150.7 13150.7 13150.7
-15 0 1 -15 0 1 0 0 0 0 0 -1.05329e-06 -0 0 0 -0 0 0 0 0 0 0 0 0 0 0 0 0 0 1 13150.7 13150.7 13150.7 13150.7
-15 0 1 -15 0 1 0 0 0 0 0 -1.15989e-06 -0 0 0 -0 0 0 0 0 0 0 0 0 0 0 0 0 0 1 13150.7 13150.7 13150.7 13150.7
-15 0 1 -15 0 1 0 0 0 0 0 -1.15989e-06 -0 0 0 -0 0 0 0 0 0 0 0 0 0 0 0 0 0 1 13150.7 13150.7 13150.7 13150.7
-15 0 1 -15 0 1 0 0 0 0 0 -1.20586e-06 -0 0 0 -0 0 0 0 0 0 0 0 0 0 0 0 0 0 1 13150.7 13150.7 13150.7 13150.7
-15 0 1 -15 0 1 0 0 0 0 0 -1.25142e-06 -0 0 0 -0 0 0 0 0 0 0 0 0 0 0 0 0 0 1 13150.7 13150.7 13150.7 13150.7
-15 0 1 -15 0 1 0 0 0 0 0 -1.34322e-06 -0 0 0 -0 0 0 0 0 0 0 0 0 0 0 0 0 0 1 13150.7 13150.7 13150.7 13150.7
-15 0 1 -15 0 1 0 0 0 0 0 -1.34322e-06 -0 0 0 -0 0 0 0 0 0 0 0 0 0 0 0 0 0 1 13150.7 13150.7 13150.7 13150.7
-15 0 1 -15 0 1 0 0 0 0 0 -1.38959e-06 -0 0 0 -0 0 0 0 0 0 0 0 0 0 0 0 0 0 1 13150.7 13150.7 13150.7 13150.7
-15 0 1 -15 0 1 0 0 0 0 0 -1.48096e-06 -0 0 0 -0 0 0 0 0 0 0 0 0 0 0 0 0 0 1 13150.7 13150.7 13150.7 13150.7
-15 0 1 -15 0 1 0 0 0 0 0 -1.51946e-06 -0 0 0 -0 0 0 0 0 0 0 0 0 0 0 0 0 0 1 13150.7 13150.7 13150.7 13150.7
-15 0 1 -15 0 1 0 0 0 0 0 -1.51946e-06 -0 0 0 -0 0 0 0 0 0 0 0 0 0 0 0 0 0 1 13150.7 13150.7 13150.7 13150.7
-15 0 1 -15 0 1 0 0 0 0 0 -1.55828e-06 -0 0 0 -0 0 0 0 0 0 0 0 0 0 0 0 0 0 1 13150.7 13150.7 13150.7 13150.7
-15 0 1 -15 0 1 0 0 0 0 0 -1.63524e-06 -0 0 0 -0 0 0 0 0 0 0 0 0 0 0 0 0 0 1 13150.7 13150.7 13150.7 13150.7
-15 0 1 -15 0 1 0 0 0 0 0 -1.63524e-06 -0 0 0 -0 0 0 0 0 0 0 0 0 0 0 0 0 0 1 13150.7 13150.7 13150.7 13150.7
-15 0 1 -15 0 1 0 0 0 0 0 -1.71242e-06 -0 0 0 -0 0 0 0 0 0 0 0 0 0 0 0 0 0 1 13150.7 13150.7 13150.7 13150.7
-15 0 1 -15 0 1 0 0 0 0 0 -1.71242e-06 -0 0 0 -0 0 0 0 0 0 0 0 0 0 0 0 0 0 1 13150.7 13150.7 13150.7 13150.7
-15 0 1 -15 0 1 0 0 0 0 0 -1.74384e-06 -0 0 0 -0 0 0 0 0 0 0 0 0 0 0 0 0 0 1 13150.7 13150.7 13150.7 13150.7
-15 0 1 -15 0 1 0 0 0 0 0 -1.7757e-06 -0 0 0 -0 0 0 0 0 0 0 0 0 0 0 0 0 0 1 13150.7 13150.7 13150.7 13150.7
-15 0 1 -15 0 1 0 0 0 0 0 -1.83807e-06 -0 0 0 -0 0 0 0 0 0 0 0 0 0 0 0 0 0 1 13150.7 13150.7 13150.7 13150.7
-15 0 1 -15 0 1 0 0 0 0 0 -1.83807e-06 -0 0 0 -0 0 0 0 0 0 0 0 0 0 0 0 0 0 1 13150.7 13150.7 13150.7 13150.7
-15 0 1 -15 0 1 0 0 0 0 0 -1.87011e-06 -0 0 0 -0 0 0 0 0 0 0 0 0 0 0 0 0 0 1 13150.7 13150.7 13150.7 13150.7
-15 0 1 -15 0 1 0 0 0 0 0 -1.92442e-06 -0 0 0 -0 0 0 0 0 0 0 0 0 0 0 0 0 0 1 13150.7 13150.7 13150.7 13150.7
-15 0 1 -15 0 1 0 0 0 0 0 -1.92442e-06 -0 0 0 -0 0 0 0 0 0 0 0 0 0 0 0 0 0 1 13150.7 13150.7 13150.7 13150.7
-15 0 1 -15 0 1 0 0 0 0 0 -1.94871e-06 -0 0 0 -0 0 0 0 0 0 0 0 0 0 0 0 0 0 1 13150.7 13150.7 13150.7 13150.7
-15 0 1 -15 0 1 0 0 0 0 0 -1.97254e-06 -0 0 0 -0 0 0 0 0 0 0 0 0 0 0 0 0 0 1 13150.7 13150.7 13150.7 13150.7
-15 0 1 -15 0 1 0 0 0 0 0 -1.99685e-06 -0 0 0 -0 0 0 0 0 0 0 0 0 0 0 0 0 0 1 13150.7 13150.7 13150.7 13150.7
-15 0 1 -15 0 1 0 0 0 0 0 -2.02085e-06 -0 0 0 -0 0 0 0 0 0 0 0 0 0 0 0 0 0 1 13150.7 13150.7 13150.7 13150.7
-15 0 1 -15 0 1 0 0 0 0 0 -2.04476e-06 -0 0 0 -0 0 0 0 0 0 0 0 0 0 0 0 0 0 1 13150.7 13150.7 13150.7 13150.7
-15 0 1 -15 0 1 0 0 0 0 0 -2.0688e-06 -0 0 0 -0 0 0 0 0 0 0 0 0 0 0 0 0 0 1 13150.7 13150.7 13150.7 13150.7
-15 0 1 -15 0 1 0 0 0 0 0 -2.08557e-06 -0 0 0 -0 0 0 0 0 0 0 0 0 0 0 0 0 0 1 13150.7 13150.7 13150.7 13150.7
-15 0 1 -15 0 1 0 0 0 0 0 -2.10291e-06 -0 0 0 -0 0 0 0 0 0 0 0 0 0 0 0 0 0 1 13150.7 13150.7 13150.7 13150.7
-15 0 1 -15 0 1 0 0 0 0 0 -2.11913e-06 -0 0 0 -0 0 0 0 0 0 0 0 0 0 0 0 0 0 1 13150.7 13150.7 13150.7 13150.7
-15 0 1 -15 0 1 0 0 0 0 0 -2.13621e-06 -0 0 0 -0 0 0 0 0 0 0 0 0 0 0 0 0 0 1 13150.8 13150.8 13150.8 13150.8
-15 0 1 -15 0 1 0 0 0 0 0 -2.15278e-06 -0 0 0 -0 0 0 0 0 0 0 0 0 0 0 0 0 0 1 13150.8 13150.8 13150.8 13150.8
-15 0 1 -15 0 1 0 0 0 0 0 -2.16951e-06 -0 0 0 -0 0 0 0 0 0 0 0 0 0 0 0 0 0 1 13150.8 13150.8 13150.8 13150.8
-15 0 1 -15 0 1 0 0 0 0 0 -2.18613e-06 -0 0 0 -0 0 0 0 0 0 0 0 0 0 0 0 0 0 1 13150.8 13150.8 13150.8 13150.8
-15 0 1 -15 0 1 0 0 0 0 0 -2.20308e-06 -0 0 0 -0 0 0 0 0 0 0 0 0 0 0 0 0 0 1 13150.8 13150.8 13150.8 13150.8
-15 0 1 -15 0 1 0 0 0 0 0 -2.21984e-06 -0 0 0 -0 0 0 0 0 0 0 0 0 0 0 0 0 0 1 13150.8 13150.8 13150.8 13150.8
-15 0 1 -15 0 1 0 0 0 0 0 -2.23867e-06 -0 0 0 -0 0 0 0 0 0 0 0 0 0 0 0 0 0 1 13150.8 13150.8 13150.8 13150.8
-15 0 1 -15 0 1 0 0 0 0 0 -2.23867e-06 -0 0 0 -0 0 0 0 0 0 0 0 0 0 0 0 0 0 1 13150.8 13150.8 13150.8 13150.8
-15 0 1 -15 0 1 0 0 0 0 0 -2.24848e-06 -0 0 0 -0 0 0 0 0 0 0 0 0 0 0 0 0 0 1 13150.8 13150.8 13150.8 13150.8
-15 0 1 -15 0 1 0 0 0 0 0 -2.26707e-06 -0 0 0 -0 0 0 0 0 0 0 0 0 0 0 0 0 0 1 13150.8 13150.8 13150.8 13150.8
-15 0 1 -15 0 1 0 0 0 0 0 -2.26707e-06 -0 0 0 -0 0 0 0 0 0 0 0 0 0 0 0 0 0 1 13150.8 13150.8 13150.8 13150.8
-15 0 1 -15 0 1 0 0 0 0 0 -2.28625e-06 -0 0 0 -0 0 0 0 0 0 0 0 0 0 0 0 0 0 1 13150.8 13150.8 13150.8 13150.8
-15 0 1 -15 0 1 0 0 0 0 0 -2.28625e-06 -0 0 0 -0 0 0 0 0 0 0 0 0 0 0 0 0 0 1 13150.8 13150.8 13150.8 13150.8
-15 0 1 -15 0 1 0 0 0 0 0 -2.29561e-06 -0 0 0 -0 0 0 0 0 0 0 0 0 0 0 0 0 0 1 13150.8 13150.8 13150.8 13150.8
-15 0 1 -15 0 1 0 0 0 0 0 -2.30503e-06 -0 0 0 -0 0 0 0 0 0 0 0 0 0 0 0 0 0 1 13150.8 13150.8 13150.8 13150.8
-15 0 1 -15 0 1 0 0 0 0 0 -2.31455e-06 -0 0 0 -0 0 0 0 0 0 0 0 0 0 0 0 0 0 1 13150.8 13150.8 13150.8 13150.8
-15 0 1 -15 0 1 0 0 0 0 0 -2.31683e-06 -0 0 0 -0 0 0 0 0 0 0 0 0 0 0 0 0 0 1 13150.8 13150.8 13150.8 13150.8
-15 0 1 -15 0 1 0 0 0 0 0 -2.3189e-06 -0 0 0 -0 0 0 0 0 0 0 0 0 0 0 0 0 0 1 13150.8 13150.8 13150.8 13150.8
-15 0 1 -15 0 1 0 0 0 0 0 -2.3233e-06 -0 0 0 -0 0 0 0 0 0 0 0 0 0 0 0 0 0 1 13150.8 13150.8 13150.8 13150.8
-15 0 1 -15 0 1 0 0 0 0 0 -2.3233e-06 -0 0 0 -0 0 0 0 0 0 0 0 0 0 0 0 0 0 1 13150.8 13150.8 13150.8 13150.8
-15 0 1 -15 0 1 0 0 0 0 0 -2.3233e-06 -0 0 0 -0 0 0 0 0 0 0 0 0 0 0 0 0 0 1 13150.8 13150.8 13150.8 13150.8
-15 0 1 -15 0 1 0 0 0 0 0 -2.3293e-06 -0 0 0 -0 0 0 0 0 0 0 0 0 0 0 0 0 0 1 13150.8 13150.8 13150.8 13150.8
-15 0 1 -15 0 1 0 0 0 0 0 -2.32985e-06 -0 0 0 -0 0 0 0 0 0 0 0 0 0 0 0 0 0 1 13150.8 13150.8 13150.8 13150.8
-15 0 1 -15 0 1 0 0 0 0 0 -2.33207e-06 -0 0 0 -0 0 0 0 0 0 0 0 0 0 0 0 0 0 1 13150.8 13150.8 13150.8 13150.8
-15 0 1 -15 0 1 0 0 0 0 0 -2.33526e-06 -0 0 0 -0 0 0 0 0 0 0 0 0 0 0 0 0 0 1 13150.8 13150.8 13150.8 13150.8
-15 0 1 -15 0 1 0 0 0 0 0 -2.33644e-06 -0 0 0 -0 0 0 0 0 0 0 0 0 0 0 0 0 0 1 13150.8 13150.8 13150.8 13150.8
-15 0 1 -15 0 1 0 0 0 0 0 -2.33862e-06 -0 0 0 -0 0 0 0 0 0 0 0 0 0 0 0 0 0 1 13150.8 13150.8 13150.8 13150.8
-15 0 1 -15 0 1 0 0 0 0 0 -2.34084e-06 -0 0 0 -0 0 0 0 0 0 0 0 0 0 0 0 0 0 1 13150.8 13150.8 13150.8 13150.8
-15 0 1 -15 0 1 0 0 0 0 0 -2.34303e-06 -0 0 0 -0 0 0 0 0 0 0 0 0 0 0 0 0 0 1 13150.8 13150.8 13150.8 13150.8
-15 0 1 -15 0 1 0 0 0 0 0 -2.3452e-06 -0 0 0 -0 0 0 0 0 0 0 0 0 0 0 0 0 0 1 13150.8 13150.8 13150.8 13150.8
-15 0 1 -15 0 1 0 0 0 0 0 -2.34012e-06 -0 0 0 -0 0 0 0 0 0 0 0 0 0 0 0 0 0 1 13150.8 13150.8 13150.8 13150.8
-15 0 1 -15 0 1 0 0 0 0 0 -2.33494e-06 -0 0 0 -0 0 0 0 0 0 0 0 0 0 0 0 0 0 1 13150.8 13150.8 13150.8 13150.8
-15 0 1 -15 0 1 0 0 0 0 0 -2.32993e-06 -0 0 0 -0 0 0 0 0 0 0 0 0 0 0 0 0 0 1 13150.8 13150.8 13150.8 13150.8
-15 0 1 -15 0 1 0 0 0 0 0 -2.32389e-06 -0 0 0 -0 0 0 0 0 0 0 0 0 0 0 0 0 0 1 13150.8 13150.8 13150.8 13150.8
-15 0 1 -15 0 1 0 0 0 0 0 -2.31958e-06 -0 0 0 -0 0 0 0 0 0 0 0 0 0 0 0 0 0 1 13150.8 13150.8 13150.8 13150.8
-15 0 1 -15 0 1 0 0 0 0 0 -2.31465e-06 -0 0 0 -0 0 0 0 0 0 0 0 0 0 0 0 0 0 1 13150.8 13150.8 13150.8 13150.8
-15 0 1 -15 0 1 0 0 0 0 0 -2.30953e-06 -0 0 0 -0 0 0 0 0 0 0 0 0 0 0 0 0 0 1 13150.8 13150.8 13150.8 13150.8
-15 0 1 -15 0 1 0 0 0 0 0 -2.30439e-06 -0 0 0 -0 0 0 0 0 0 0 0 0 0 0 0 0 0 1 13150.8 13150.8 13150.8 13150.8
-15 0 1 -15 0 1 0 0 0 0 0 -2.29426e-06 -0 0 0 -0 0 0 0 0 0 0 0 0 0 0 0 0 0 1 13150.8 13150.8 13150.8 13150.8
-15 0 1 -15 0 1 0 0 0 0 0 -2.28918e-06 -0 0 0 -0 0 0 0 0 0 0 0 0 0 0 0 0 0 1 13150.8 13150.8 13150.8 13150.8
-15 0 1 -15 0 1 0 0 0 0 0 -2.28918e-06 -0 0 0 -0 0 0 0 0 0 0 0 0 0 0 0 0 0 1 13150.8 13150.8 13150.8 13150.8
-15 0 1 -15 0 1 0 0 0 0 0 -2.28403e-06 -0 0 0 -0 0 0 0 0 0 0 0 0 0 0 0 0 0 1 13150.8 13150.8 13150.8 13150.8
-15 0 1 -15 0 1 0 0 0 0 0 -2.27389e-06 -0 0 0 -0 0 0 0 0 0 0 0 0 0 0 0 0 0 1 13150.8 13150.8 13150.8 13150.8
-15 0 1 -15 0 1 0 0 0 0 0 -2.27389e-06 -0 0 0 -0 0 0 0 0 0 0 0 0 0 0 0 0 0 1 13150.8 13150.8 13150.8 13150.8
-15 0 1 -15 0 1 0 0 0 0 0 -2.26875e-06 -0 0 0 -0 0 0 0 0 0 0 0 0 0 0 0 0 0 1 13150.8 13150.8 13150.8 13150.8
-15 0 1 -15 0 1 0 0 0 0 0 -2.26352e-06 -0 0 0 -0 0 0 0 0 0 0 0 0 0 0 0 0 0 1 13150.8 13150.8 13150.8 13150.8
-15 0 1 -15 0 1 0 0 0 0 0 -2.2586e-06 -0 0 0 -0 0 0 0 0 0 0 0 0 0 0 0 0 0 1 13150.8 13150.8 13150.8 13150.8
-15 0 1 -15 0 1 0 0 0 0 0 -2.25344e-06 -0 0 0 -0 0 0 0 0 0 0 0 0 0 0 0 0 0 1 13150.8 13150.8 13150.8 13150.8
-15 0 1 -15 0 1 0 0 0 0 0 -2.2361e-06 -0 0 0 -0 0 0 0 0 0 0 0 0 0 0 0 0 0 1 13150.8 13150.8 13150.8 13150.8
-15 0 1 -15 0 1 0 0 0 0 0 -2.2361e-06 -0 0 0 -0 0 0 0 0 0 0 0 0 0 0 0 0 0 1 13150.8 13150.8 13150.8 13150.8
-15 0 1 -15 0 1 0 0 0 0 0 -2.22345e-06 -0 0 0 -0 0 0 0 0 0 0 0 0 0 0 0 0 0 1 13150.8 13150.8 13150.8 13150.8
-15 0 1 -15 0 1 0 0 0 0 0 -2.21137e-06 -0 0 0 -0 0 0 0 0 0 0 0 0 0 0 0 0 0 1 13150.8 13150.8 13150.8 13150.8
-15 0 1 -15 0 1 0 0 0 0 0 -2.19761e-06 -0 0 0 -0 0 0 0 0 0 0 0 0 0 0 0 0 0 1 13150.8 13150.8 13150.8 13150.8
-15 0 1 -15 0 1 0 0 0 0 0 -2.18624e-06 -0 0 0 -0 0 0 0 0 0 0 0 0 0 0 0 0 0 1 13150.8 13150.8 13150.8 13150.8
-15 0 1 -15 0 1 0 0 0 0 0 -2.17409e-06 -0 0 0 -0 0 0 0 0 0 0 0 0 0 0 0 0 0 1 13150.8 13150.8 13150.8 13150.8
-15 0 1 -15 0 1 0 0 0 0 0 -2.16194e-06 -0 0 0 -0 0 0 0 0 0 0 0 0 0 0 0 0 0 1 13150.8 13150.8 13150.8 13150.8
-15 0 1 -15 0 1 0 0 0 0 0 -2.14911e-06 -0 0 0 -0 0 0 0 0 0 0 0 0 0 0 0 0 0 1 13150.8 13150.8 13150.8 13150.8
-15 0 1 -15 0 1 0 0 0 0 0 -2.13704e-06 -0 0 0 -0 0 0 0 0 0 0 0 0 0 0 0 0 0 1 13150.8 13150.8 13150.8 13150.8
-15 0 1 -15 0 1 0 0 0 0 0 -2.12449e-06 -0 0 0 -0 0 0 0 0 0 0 0 0 0 0 0 0 0 1 13150.8 13150.8 13150.8 13150.8
-15 0 1 -15 0 1 0 0 0 0 0 -2.11234e-06 -0 0 0 -0 0 0 0 0 0 0 0 0 0 0 0 0 0 1 13150.8 13150.8 13150.8 13150.8
-15 0 1 -15 0 1 0 0 0 0 0 -2.08766e-06 -0 0 0 -0 0 0 0 0 0 0 0 0 0 0 0 0 0 1 13150.8 13150.8 13150.8 13150.8
-15 0 1 -15 0 1 0 0 0 0 0 -2.07521e-06 -0 0 0 -0 0 0 0 0 0 0 0 0 0 0 0 0 0 1 13150.8 13150.8 13150.8 13150.8
-15 0 1 -15 0 1 0 0 0 0 0 -2.07521e-06 -0 0 0 -0 0 0 0 0 0 0 0 0 0 0 0 0 0 1 13150.8 13150.8 13150.8 13150.8
-15 0 1 -15 0 1 0 0 0 0 0 -2.06261e-06 -0 0 0 -0 0 0 0 0 0 0 0 0 0 0 0 0 0 1 13150.8 13150.8 13150.8 13150.8
-15 0 1 -15 0 1 0 0 0 0 0 -2.05014e-06 -0 0 0 -0 0 0 0 0 0 0 0 0 0 0 0 0 0 1 13150.8 13150.8 13150.8 13150.8
-15 0 1 -15 0 1 0 0 0 0 0 -2.02542e-06 -0 0 0 -0 0 0 0 0 0 0 0 0 0 0 0 0 0 1 13150.8 13150.8 13150.8 13150.8
-15 0 1 -15 0 1 0 0 0 0 0 -2.02542e-06 -0 0 0 -0 0 0 0 0 0 0 0 0 0 0 0 0 0 1 13150.8 13150.8 13150.8 13150.8
-15 0 1 -15 0 1 0 0 0 0 0 -2.00099e-06 -0 0 0 -0 0 0 0 0 0 0 0 0 0 0 0 0 0 1 13150.8 13150.8 13150.8 13150.8
-15 0 1 -15 0 1 0 0 0 0 0 -1.98854e-06 -0 0 0 -0 0 0 0 0 0 0 0 0 0 0 0 0 0 1 13150.8 13150.8 13150.8 13150.8
-15 0 1 -15 0 1 0 0 0 0 0 -1.97617e-06 -0 0 0 -0 0 0 0 0 0 0 0 0 0 0 0 0 0 1 13150.8 13150.8 13150.8 13150.8
-15 0 1 -15 0 1 0 0 0 0 0 -1.97617e-06 -0 0 0 -0 0 0 0 0 0 0 0 0 0 0 0 0 0 1 13150.8 13150.8 13150.8 13150.8
-15 0 1 -15 0 1 0 0 0 0 0 -1.96374e-06 -0 0 0 -0 0 0 0 0 0 0 0 0 0 0 0 0 0 1 13150.8 13150.8 13150.8 13150.8
-15 0 1 -15 0 1 0 0 0 0 0 -1.95117e-06 -0 0 0 -0 0 0 0 0 0 0 0 0 0 0 0 0 0 1 13150.8 13150.8 13150.8 13150.8
-15 0 1 -15 0 1 0 0 0 0 0 -1.93468e-06 -0 0 0 -0 0 0 0 0 0 0 0 0 0 0 0 0 0 1 13150.8 13150.8 13150.8 13150.8
-15 0 1 -15 0 1 0 0 0 0 0 -1.92647e-06 -0 0 0 -0 0 0 0 0 0 0 0 0 0 0 0 0 0 1 13150.8 13150.8 13150.8 13150.8
-15 0 1 -15 0 1 0 0 0 0 0 -1.91395e-06 -0 0 0 -0 0 0 0 0 0 0 0 0 0 0 0 0 0 1 13150.8 13150.8 13150.8 13150.8
-15 0 1 -15 0 1 0 0 0 0 0 -1.90166e-06 -0 0 0 -0 0 0 0 0 0 0 0 0 0 0 0 0 0 1 13150.8 13150.8 13150.8 13150.8
-15 0 1 -15 0 1 0 0 0 0 0 -1.889e-06 -0 0 0 -0 0 0 0 0 0 0 0 0 0 0 0 0 0 1 13150.8 13150.8 13150.8 13150.8
-15 0 1 -15 0 1 0 0 0 0 0 -1.87658e-06 -0 0 0 -0 0 0 0 0 0 0 0 0 0 0 0 0 0 1 13150.8 13150.8 13150.8 13150.8
-15 0 1 -15 0 1 0 0 0 0 0 -1.86459e-06 -0 0 0 -0 0 0 0 0 0 0 0 0 0 0 0 0 0 1 13150.8 13150.8 13150.8 13150.8
-15 0 1 -15 0 1 0 0 0 0 0 -1.85206e-06 -0 0 0 -0 0 0 0 0 0 0 0 0 0 0 0 0 0 1 13150.8 13150.8 13150.8 13150.8
-15 0 1 -15 0 1 0 0 0 0 0 -1.82768e-06 -0 0 0 -0 0 0 0 0 0 0 0 0 0 0 0 0 0 1 13150.8 13150.8 13150.8 13150.8
-15 0 1 -15 0 1 0 0 0 0 0 -1.81511e-06 -0 0 0 -0 0 0 0 0 0 0 0 0 0 0 0 0 0 1 13150.8 13150.8 13150.8 13150.8
-15 0 1 -15 0 1 0 0 0 0 0 -1.80291e-06 -0 0 0 -0 0 0 0 0 0 0 0 0 0 0 0 0 0 1 13150.8 13150.8 13150.8 13150.8
-15 0 1 -15 0 1 0 0 0 0 0 -1.80291e-06 -0 0 0 -0 0 0 0 0 0 0 0 0 0 0 0 0 0 1 13150.8 13150.8 13150.8 13150.8
-15 0 1 -15 0 1 0 0 0 0 0 -1.77814e-06 -0 0 0 -0 0 0 0 0 0 0 0 0 0 0 0 0 0 1 13150.8 13150.8 13150.8 13150.8
-15 0 1 -15 0 1 0 0 0 0 0 -1.77814e-06 -0 0 0 -0 0 0 0 0 0 0 0 0 0 0 0 0 0 1 13150.8 13150.8 13150.8 13150.8
-15 0 1 -15 0 1 0 0 0 0 0 -1.7657e-06 -0 0 0 -0 0 0 0 0 0 0 0 0 0 0 0 0 0 1 13150.8 13150.8 13150.8 13150.8
-15 0 1 -15 0 1 0 0 0 0 0 -1.75336e-06 -0 0 0 -0 0 0 0 0 0 0 0 0 0 0 0 0 0 1 13150.8 13150.8 13150.8 13150.8
-15 0 1 -15 0 1 0 0 0 0 0 -1.72844e-06 -0 0 0 -0 0 0 0 0 0 0 0 0 0 0 0 0 0 1 13150.8 13150.8 13150.8 13150.8
-15 0 1 -15 0 1 0 0 0 0 0 -1.72844e-06 -0 0 0 -0 0 0 0 0 0 0 0 0 0 0 0 0 0 1 13150.8 13150.8 13150.8 13150.8
-15 0 1 -15 0 1 0 0 0 0 0 -1.7161e-06 -0 0 0 -0 0 0 0 0 0 0 0 0 0 0 0 0 0 1 13150.8 13150.8 13150.8 13150.8
-15 0 1 -15 0 1 0 0 0 0 0 -1.70385e-06 -0 0 0 -0 0 0 0 0 0 0 0 0 0 0 0 0 0 1 13150.8 13150.8 13150.8 13150.8
-15 0 1 -15 0 1 0 0 0 0 0 -1.69127e-06 -0 0 0 -0 0 0 0 0 0 0 0 0 0 0 0 0 0 1 13150.8 13150.8 13150.8 13150.8
-15 0 1 -15 0 1 0 0 0 0 0 -1.67676e-06 -0 0 0 -0 0 0 0 0 0 0 0 0 0 0 0 0 0 1 13150.8 13150.8 13150.8 13150.8
-15 0 1 -15 0 1 0 0 0 0 0 -1.6667e-06 -0 0 0 -0 0 0 0 0 0 0 0 0 0 0 0 0 0 1 13150.8 13150.8 13150.8 13150.8
-15 0 1 -15 0 1 0 0 0 0 0 -1.65439e-06 -0 0 0 -0 0 0 0 0 0 0 0 0 0 0 0 0 0 1 13150.8 13150.8 13150.8 13150.8
-15 0 1 -15 0 1 0 0 0 0 0 -1.64182e-06 -0 0 0 -0 0 0 0 0 0 0 0 0 0 0 0 0 0 1 13150.8 13150.8 13150.8 13150.8
-15 0 1 -15 0 1 0 0 0 0 0 -1.62924e-06 -0 0 0 -0 0 0 0 0 0 0 0 0 0 0 0 0 0 1 13150.8 13150.8 13150.8 13150.8
-15 0 1 -15 0 1 0 0 0 0 0 -1.61709e-06 -0 0 0 -0 0 0 0 0 0 0 0 0 0 0 0 0 0 1 13150.8 13150.8 13150.8 13150.8
-15 0 1 -15 0 1 0 0 0 0 0 -1.60451e-06 -0 0 0 -0 0 0 0 0 0 0 0 0 0 0 0 0 0 1 13150.8 13150.8 13150.8 13150.8
-15 0 1 -15 0 1 0 0 0 0 0 -1.57995e-06 -0 0 0 -0 0 0 0 0 0 0 0 0 0 0 0 0 0 1 13150.8 13150.8 13150.8 13150.8
-15 0 1 -15 0 1 0 0 0 0 0 -1.57995e-06 -0 0 0 -0 0 0 0 0 0 0 0 0 0 0 0 0 0 1 13150.8 13150.8 13150.8 13150.8
-15 0 1 -15 0 1 0 0 0 0 0 -1.5676e-06 -0 0 0 -0 0 0 0 0 0 0 0 0 0 0 0 0 0 1 13150.8 13150.8 13150.8 13150.8
-15 0 1 -15 0 1 0 0 0 0 0 -1.55533e-06 -0 0 0 -0 0 0 0 0 0 0 0 0 0 0 0 0 0 1 13150.8 13150.8 13150.8 13150.8
-15 0 1 -15 0 1 0 0 0 0 0 -1.5427e-06 -0 0 0 -0 0 0 0 0 0 0 0 0 0 0 0 0 0 1 13150.8 13150.8 13150.8 13150.8
-15 0 1 -15 0 1 0 0 0 0 0 -1.51815e-06 -0 0 0 -0 0 0 0 0 0 0 0 0 0 0 0 0 0 1 13150.8 13150.8 13150.8 13150.8
-15 0 1 -15 0 1 0 0 0 0 0 -1.5058e-06 -0 0 0 -0 0 0 0 0 0 0 0 0 0 0 0 0 0 1 13150.8 13150.8 13150.8 13150.8
-15 0 1 -15 0 1 0 0 0 0 0 -1.4933e-06 -0 0 0 -0 0 0 0 0 0 0 0 0 0 0 0 0 0 1 13150.8 13150.8 13150.8 13150.8
-15 0 1 -15 0 1 0 0 0 0 0 -1.4933e-06 -0 0 0 -0 0 0 0 0 0 0 0 0 0 0 0 0 0 1 13150.8 13150.8 13150.8 13150.8
-15 0 1 -15 0 1 0 0 0 0 0 -1.46867e-06 -0 0 0 -0 0 0 0 0 0 0 0 0 0 0 0 0 0 1 13150.8 13150.8 13150.8 13150.8
-15 0 1 -15 0 1 0 0 0 0 0 -1.46867e-06 -0 0 0 -0 0 0 0 0 0 0 0 0 0 0 0 0 0 1 13150.8 13150.8 13150.8 13150.8
-15 0 1 -15 0 1 0 0 0 0 0 -1.45624e-06 -0 0 0 -0 0 0 0 0 0 0 0 0 0 0 0 0 0 1 13150.8 13150.8 13150.8 13150.8
-15 0 1 -15 0 1 0 0 0 0 0 -1.44378e-06 -0 0 0 -0 0 0 0 0 0 0 0 0 0 0 0 0 0 1 13150.8 13150.8 13150.8 13150.8
-15 0 1 -15 0 1 0 0 0 0 0 -1.43115e-06 -0 0 0 -0 0 0 0 0 0 0 0 0 0 0 0 0 0 1 13150.8 13150.8 13150.8 13150.8
-15 0 1 -15 0 1 0 0 0 0 0 -1.41902e-06 -0 0 0 -0 0 0 0 0 0 0 0 0 0 0 0 0 0 1 13150.8 13150.8 13150.8 13150.8
-15 0 1 -15 0 1 0 0 0 0 0 -1.40666e-06 -0 0 0 -0 0 0 0 0 0 0 0 0 0 0 0 0 0 1 13150.8 13150.8 13150.8 13150.8
-15 0 1 -15 0 1 0 0 0 0 0 -1.39372e-06 -0 0 0 -0 0 0 0 0 0 0 0 0 0 0 0 0 0 1 13150.8 13150.8 13150.8 13150.8
-15 0 1 -15 0 1 0 0 0 0 0 -1.36942e-06 -0 0 0 -0 0 0 0 0 0 0 0 0 0 0 0 0 0 1 13150.8 13150.8 13150.8 13150.8
-15 0 1 -15 0 1 0 0 0 0 0 -1.36942e-06 -0 0 0 -0 0 0 0 0 0 0 0 0 0 0 0 0 0 1 13150.8 13150.8 13150.8 13150.8
-15 0 1 -15 0 1 0 0 0 0 0 -1.34475e-06 -0 0 0 -0 0 0 0 0 0 0 0 0 0 0 0 0 0 1 13150.8 13150.8 13150.8 13150.8
-15 0 1 -15 0 1 0 0 0 0 0 -1.33247e-06 -0 0 0 -0 0 0 0 0 0 0 0 0 0 0 0 0 0 1 13150.8 13150.8 13150.8 13150.8
-15 0 1 -15 0 1 0 0 0 0 0 -1.33247e-06 -0 0 0 -0 0 0 0 0 0 0 0 0 0 0 0 0 0 1 13150.8 13150.8 13150.8 13150.8
-15 0 1 -15 0 1 0 0 0 0 0 -1.31991e-06 -0 0 0 -0 0 0 0 0 0 0 0 0 0 0 0 0 0 1 13150.8 13150.8 13150.8 13150.8
-15 0 1 -15 0 1 0 0 0 0 0 -1.2953e-06 -0 0 0 -0 0 0 0 0 0 0 0 0 0 0 0 0 0 1 13150.8 13150.8 13150.8 13150.8
-15 0 1 -15 0 1 0 0 0 0 0 -1.2953e-06 -0 0 0 -0 0 0 0 0 0 0 0 0 0 0 0 0 0 1 13150.8 13150.8 13150.8 13150.8
-15 0 1 -15 0 1 0 0 0 0 0 -1.27028e-06 -0 0 0 -0 0 0 0 0 0 0 0 0 0 0 0 0 0 1 13150.8 13150.8 13150.8 13150.8
-15 0 1 -15 0 1 0 0 0 0 0 -1.27028e-06 -0 0 0 -0 0 0 0 0 0 0 0 0 0 0 0 0 0 1 13150.8 13150.8 13150.8 13150.8
-15 0 1 -15 0 1 0 0 0 0 0 -1.24572e-06 -0 0 0 -0 0 0 0 0 0 0 0 0 0 0 0 0 0 1 13150.8 13150.8 13150.8 13150.8
-15 0 1 -15 0 1 0 0 0 0 0 -1.24572e-06 -0 0 0 -0 0 0 0 0 0 0 0 0 0 0 0 0 0 1 13150.8 13150.8 13150.8 13150.8
-15 0 1 -15 0 1 0 0 0 0 0 -1.23318e-06 -0 0 0 -0 0 0 0 0 0 0 0 0 0 0 0 0 0 1 13150.8 13150.8 13150.8 13150.8
-15 0 1 -15 0 1 0 0 0 0 0 -1.22089e-06 -0 0 0 -0 0 0 0 0 0 0 0 0 0 0 0 0 0 1 13150.8 13150.8 13150.8 13150.8
-15 0 1 -15 0 1 0 0 0 0 0 -1.20863e-06 -0 0 0 -0 0 0 0 0 0 0 0 0 0 0 0 0 0 1 13150.8 13150.8 13150.8 13150.8
-15 0 1 -15 0 1 0 0 0 0 0 -1.18377e-06 -0 0 0 -0 0 0 0 0 0 0 0 0 0 0 0 0 0 1 13150.8 13150.8 13150.8 13150.8
-15 0 1 -15 0 1 0 0 0 0 0 -1.18377e-06 -0 0 0 -0 0 0 0 0 0 0 0 0 0 0 0 0 0 1 13150.8 13150.8 13150.8 13150.8
-15 0 1 -15 0 1 0 0 0 0 0 -1.15919e-06 -0 0 0 -0 0 0 0 0 0 0 0 0 0 0 0 0 0 1 13150.8 13150.8 13150.8 13150.8
-15 0 1 -15 0 1 0 0 0 0 0 -1.15919e-06 -0 0 0 -0 0 0 0 0 0 0 0 0 0 0 0 0 0 1 13150.8 13150.8 13150.8 13150.8
-15 0 1 -15 0 1 0 0 0 0 0 -1.14644e-06 -0 0 0 -0 0 0 0 0 0 0 0 0 0 0 0 0 0 1 13150.8 13150.8 13150.8 13150.8
-15 0 1 -15 0 1 0 0 0 0 0 -1.13422e-06 -0 0 0 -0 0 0 0 0 0 0 0 0 0 0 0 0 0 1 13150.8 13150.8 13150.8 13150.8
-15 0 1 -15 0 1 0 0 0 0 0 -1.10963e-06 -0 0 0 -0 0 0 0 0 0 0 0 0 0 0 0 0 0 1 13150.8 13150.8 13150.8 13150.8
-15 0 1 -15 0 1 0 0 0 0 0 -1.10963e-06 -0 0 0 -0 0 0 0 0 0 0 0 0 0 0 0 0 0 1 13150.8 13150.8 13150.8 13150.8
-15 0 1 -15 0 1 0 0 0 0 0 -1.09712e-06 -0 0 0 -0 0 0 0 0 0 0 0 0 0 0 0 0 0 1 13150.8 13150.8 13150.8 13150.8
-15 0 1 -15 0 1 0 0 0 0 0 -1.08451e-06 -0 0 0 -0 0 0 0 0 0 0 0 0 0 0 0 0 0 1 13150.8 13150.8 13150.8 13150.8
-15 0 1 -15 0 1 0 0 0 0 0 -1.07237e-06 -0 0 0 -0 0 0 0 0 0 0 0 0 0 0 0 0 0 1 13150.8 13150.8 13150.8 13150.8
-15 0 1 -15 0 1 0 0 0 0 0 -1.06008e-06 -0 0 0 -0 0 0 0 0 0 0 0 0 0 0 0 0 0 1 13150.8 13150.8 13150.8 13150.8
-15 0 1 -15 0 1 0 0 0 0 0 -1.0472e-06 -0 0 0 -0 0 0 0 0 0 0 0 0 0 0 0 0 0 1 13150.8 13150.8 13150.8 13150.8
-15 0 1 -15 0 1 0 0 0 0 0 -1.03473e-06 -0 0 0 -0 0 0 0 0 0 0 0 0 0 0 0 0 0 1 13150.8 13150.8 13150.8 13150.8
-15 0 1 -15 0 1 0 0 0 0 0 -1.0226e-06 -0 0 0 -0 0 0 0 0 0 0 0 0 0 0 0 0 0 1 13150.8 13150.8 13150.8 13150.8
-15 0 1 -15 0 1 0 0 0 0 0 -9.97991e-07 -0 0 0 -0 0 0 0 0 0 0 0 0 0 0 0 0 0 1 13150.8 13150.8 13150.8 13150.8
-15 0 1 -15 0 1 0 0 0 0 0 -9.97991e-07 -0 0 0 -0 0 0 0 0 0 0 0 0 0 0 0 0 0 1 13150.8 13150.8 13150.8 13150.8
-15 0 1 -15 0 1 0 0 0 0 0 -9.85691e-07 -0 0 0 -0 0 0 0 0 0 0 0 0 0 0 0 0 0 1 13150.8 13150.8 13150.8 13150.8
-15 0 1 -15 0 1 0 0 0 0 0 -9.60821e-07 -0 0 0 -0 0 0 0 0 0 0 0 0 0 0 0 0 0 1 13150.8 13150.8 13150.8 13150.8
-15 0 1 -15 0 1 0 0 0 0 0 -9.60821e-07 -0 0 0 -0 0 0 0 0 0 0 0 0 0 0 0 0 0 1 13150.8 13150.8 13150.8 13150.8
-15 0 1 -15 0 1 0 0 0 0 0 -9.48309e-07 -0 0 0 -0 0 0 0 0 0 0 0 0 0 0 0 0 0 1 13150.8 13150.8 13150.8 13150.8
-15 0 1 -15 0 1 0 0 0 0 0 -9.34986e-07 -0 0 0 -0 0 0 0 0 0 0 0 0 0 0 0 0 0 1 13150.8 13150.8 13150.8 13150.8
-15 0 1 -15 0 1 0 0 0 0 0 -9.234e-07 -0 0 0 -0 0 0 0 0 0 0 0 0 0 0 0 0 0 1 13150.8 13150.8 13150.8 13150.8
-15 0 1 -15 0 1 0 0 0 0 0 -9.1151e-07 -0 0 0 -0 0 0 0 0 0 0 0 0 0 0 0 0 0 1 13150.8 13150.8 13150.8 13150.8
-15 0 1 -15 0 1 0 0 0 0 0 -8.98893e-07 -0 0 0 -0 0 0 0 0 0 0 0 0 0 0 0 0 0 1 13150.8 13150.8 13150.8 13150.8
-15 0 1 -15 0 1 0 0 0 0 0 -8.86303e-07 -0 0 0 -0 0 0 0 0 0 0 0 0 0 0 0 0 0 1 13150.8 13150.8 13150.8 13150.8
-15 0 1 -15 0 1 0 0 0 0 0 -8.73917e-07 -0 0 0 -0 0 0 0 0 0 0 0 0 0 0 0 0 0 1 13150.8 13150.8 13150.8 13150.8
-15 0 1 -15 0 1 0 0 0 0 0 -8.61909e-07 -0 0 0 -0 0 0 0 0 0 0 0 0 0 0 0 0 0 1 13150.8 13150.8 13150.8 13150.8
-15 0 1 -15 0 1 0 0 0 0 0 -8.49291e-07 -0 0 0 -0 0 0 0 0 0 0 0 0 0 0 0 0 0 1 13150.8 13150.8 13150.8 13150.8
-15 0 1 -15 0 1 0 0 0 0 0 -8.37239e-07 -0 0 0 -0 0 0 0 0 0 0 0 0 0 0 0 0 0 1 13150.8 13150.8 13150.8 13150.8
-15 0 1 -15 0 1 0 0 0 0 0 -8.24785e-07 -0 0 0 -0 0 0 0 0 0 0 0 0 0 0 0 0 0 1 13150.8 13150.8 13150.8 13150.8
-15 0 1 -15 0 1 0 0 0 0 0 -8.00088e-07 -0 0 0 -0 0 0 0 0 0 0 0 0 0 0 0 0 0 1 13150.8 13150.8 13150.8 13150.8
-15 0 1 -15 0 1 0 0 0 0 0 -7.87624e-07 -0 0 0 -0 0 0 0 0 0 0 0 0 0 0 0 0 0 1 13150.8 13150.8 13150.8 13150.8
-15 0 1 -15 0 1 0 0 0 0 0 -7.87624e-07 -0 0 0 -0 0 0 0 0 0 0 0 0 0 0 0 0 0 1 13150.8 13150.8 13150.8 13150.8
-15 0 1 -15 0 1 0 0 0 0 0 -7.7494e-07 -0 0 0 -0 0 0 0 0 0 0 0 0 0 0 0 0 0 1 13150.8 13150.8 13150.8 13150.8
-15 0 1 -15 0 1 0 0 0 0 0 -7.62594e-07 -0 0 0 -0 0 0 0 0 0 0 0 0 0 0 0 0 0 1 13150.8 13150.8 13150.8 13150.8
-15 0 1 -15 0 1 0 0 0 0 0 -7.50519e-07 -0 0 0 -0 0 0 0 0 0 0 0 0 0 0 0 0 0 1 13150.8 13150.8 13150.8 13150.8
-15 0 1 -15 0 1 0 0 0 0 0 -7.25867e-07 -0 0 0 -0 0 0 0 0 0 0 0 0 0 0 0 0 0 1 13150.8 13150.8 13150.8 13150.8
-15 0 1 -15 0 1 0 0 0 0 0 -7.25867e-07 -0 0 0 -0 0 0 0 0 0 0 0 0 0 0 0 0 0 1 13150.8 13150.8 13150.8 13150.8
-15 0 1 -15 0 1 0 0 0 0 0 -7.13468e-07 -0 0 0 -0 0 0 0 0 0 0 0 0 0 0 0 0 0 1 13150.8 13150.8 13150.8 13150.8
-15 0 1 -15 0 1 0 0 0 0 0 -6.88743e-07 -0 0 0 -0 0 0 0 0 0 0 0 0 0 0 0 0 0 1 13150.8 13150.8 13150.8 13150.8
-15 0 1 -15 0 1 0 0 0 0 0 -6.7638e-07 -0 0 0 -0 0 0 0 0 0 0 0 0 0 0 0 0 0 1 13150.8 13150.8 13150.8 13150.8
-15 0 1 -15 0 1 0 0 0 0 0 -6.7638e-07 -0 0 0 -0 0 0 0 0 0 0 0 0 0 0 0 0 0 1 13150.8 13150.8 13150.8 13150.8
-15 0 1 -15 0 1 0 0 0 0 0 -6.51531e-07 -0 0 0 -0 0 0 0 0 0 0 0 0 0 0 0 0 0 1 13150.8 13150.8 13150.8 13150.8
-15 0 1 -15 0 1 0 0 0 0 0 -6.51531e-07 -0 0 0 -0 0 0 0 0 0 0 0 0 0 0 0 0 0 1 13150.8 13150.8 13150.8 13150.8
-15 0 1 -15 0 1 0 0 0 0 0 -6.26736e-07 -0 0 0 -0 0 0 0 0 0 0 0 0 0 0 0 0 0 1 13150.8 13150.8 13150.8 13150.8
-15 0 1 -15 0 1 0 0 0 0 0 -6.26736e-07 -0 0 0 -0 0 0 0 0 0 0 0 0 0 0 0 0 0 1 13150.8 13150.8 13150.8 13150.8
-15 0 1 -15 0 1 0 0 0 0 0 -6.14145e-07 -0 0 0 -0 0 0 0 0 0 0 0 0 0 0 0 0 0 1 13150.8 13150.8 13150.8 13150.8
-15 0 1 -15 0 1 0 0 0 0 0 -6.01425e-07 -0 0 0 -0 0 0 0 0 0 0 0 0 0 0 0 0 0 1 13150.8 13150.8 13150.8 13150.8
-15 0 1 -15 0 1 0 0 0 0 0 -5.89605e-07 -0 0 0 -0 0 0 0 0 0 0 0 0 0 0 0 0 0 1 13150.8 13150.8 13150.8 13150.8
-15 0 1 -15 0 1 0 0 0 0 0 -5.76607e-07 -0 0 0 -0 0 0 0 0 0 0 0 0 0 0 0 0 0 1 13150.8 13150.8 13150.8 13150.8
-15 0 1 -15 0 1 0 0 0 0 0 -5.64676e-07 -0 0 0 -0 0 0 0 0 0 0 0 0 0 0 0 0 0 1 13150.8 13150.8 13150.8 13150.8
-15 0 1 -15 0 1 0 0 0 0 0 -5.52301e-07 -0 0 0 -0 0 0 0 0 0 0 0 0 0 0 0 0 0 1 13150.8 13150.8 13150.8 13150.8
-15 0 1 -15 0 1 0 0 0 0 0 -5.39549e-07 -0 0 0 -0 0 0 0 0 0 0 0 0 0 0 0 0 0 1 13150.8 13150.8 13150.8 13150.8
-15 0 1 -15 0 1 0 0 0 0 0 -5.27545e-07 -0 0 0 -0 0 0 0 0 0 0 0 0 0 0 0 0 0 1 13150.8 13150.8 13150.8 13150.8
-15 0 1 -15 0 1 0 0 0 0 0 -5.15162e-07 -0 0 0 -0 0 0 0 0 0 0 0 0 0 0 0 0 0 1 13150.8 13150.8 13150.8 13150.8
-15 0 1 -15 0 1 0 0 0 0 0 -4.9062e-07 -0 0 0 -0 0 0 0 0 0 0 0 0 0 0 0 0 0 1 13150.8 13150.8 13150.8 13150.8
-15 0 1 -15 0 1 0 0 0 0 0 -4.9062e-07 -0 0 0 -0 0 0 0 0 0 0 0 0 0 0 0 0 0 1 13150.8 13150.8 13150.8 13150.8
-15 0 1 -15 0 1 0 0 0 0 0 -4.65853e-07 -0 0 0 -0 0 0 0 0 0 0 0 0 0 0 0 0 0 1 13150.8 13150.8 13150.8 13150.8
-15 0 1 -15 0 1 0 0 0 0 0 -4.65853e-07 -0 0 0 -0 0 0 0 0 0 0 0 0 0 0 0 0 0 1 13150.8 13150.8 13150.8 13150.8
-15 0 1 -15 0 1 0 0 0 0 0 -4.55548e-07 -0 0 0 -0 0 0 0 0 0 0 0 0 0 0 0 0 0 1 13150.8 13150.8 13150.8 13150.8
-15 0 1 -15 0 1 0 0 0 0 0 -4.55548e-07 -0 0 0 -0 0 0 0 0 0 0 0 0 0 0 0 0 0 1 13150.8 13150.8 13150.8 13150.8
-15 0 1 -15 0 1 0 0 0 0 0 -4.50524e-07 -0 0 0 -0 0 0 0 0 0 0 0 0 0 0 0 0 0 1 13150.8 13150.8 13150.8 13150.8
-15 0 1 -15 0 1 0 0 0 0 0 -4.40337e-07 -0 0 0 -0 0 0 0 0 0 0 0 0 0 0 0 0 0 1 13150.8 13150.8 13150.8 13150.8
-15 0 1 -15 0 1 0 0 0 0 0 -4.40337e-07 -0 0 0 -0 0 0 0 0 0 0 0 0 0 0 0 0 0 1 13150.8 13150.8 13150.8 13150.8
-15 0 1 -15 0 1 0 0 0 0 0 -4.35264e-07 -0 0 0 -0 0 0 0 0 0 0 0 0 0 0 0 0 0 1 13150.8 13150.8 13150.8 13150.8
-15 0 1 -15 0 1 0 0 0 0 0 -4.30095e-07 -0 0 0 -0 0 0 0 0 0 0 0 0 0 0 0 0 0 1 13150.8 13150.8 13150.8 13150.8
-15 0 1 -15 0 1 0 0 0 0 0 -4.25091e-07 -0 0 0 -0 0 0 0 0 0 0 0 0 0 0 0 0 0 1 13150.8 13150.8 13150.8 13150.8
-15 0 1 -15 0 1 0 0 0 0 0 -4.19942e-07 -0 0 0 -0 0 0 0 0 0 0 0 0 0 0 0 0 0 1 13150.8 13150.8 13150.8 13150.8
-15 0 1 -15 0 1 0 0 0 0 0 -4.09824e-07 -0 0 0 -0 0 0 0 0 0 0 0 0 0 0 0 0 0 1 13150.8 13150.8 13150.8 13150.8
-15 0 1 -15 0 1 0 0 0 0 0 -4.09824e-07 -0 0 0 -0 0 0 0 0 0 0 0 0 0 0 0 0 0 1 13150.8 13150.8 13150.8 13150.8
-15 0 1 -15 0 1 0 0 0 0 0 -4.04629e-07 -0 0 0 -0 0 0 0 0 0 0 0 0 0 0 0 0 0 1 13150.8 13150.8 13150.8 13150.8
-15 0 1 -15 0 1 0 0 0 0 0 -3.99586e-07 -0 0 0 -0 0 0 0 0 0 0 0 0 0 0 0 0 0 1 13150.8 13150.8 13150.8 13150.8
-15 0 1 -15 0 1 0 0 0 0 0 -3.94497e-07 -0 0 0 -0 0 0 0 0 0 0 0 0 0 0 0 0 0 1 13150.8 13150.8 13150.8 13150.8
-15 0 1 -15 0 1 0 0 0 0 0 -3.84339e-07 -0 0 0 -0 0 0 0 0 0 0 0 0 0 0 0 0 0 1 13150.8 13150.8 13150.8 13150.8
-15 0 1 -15 0 1 0 0 0 0 0 -3.79252e-07 -0 0 0 -0 0 0 0 0 0 0 0 0 0 0 0 0 0 1 13150.8 13150.8 13150.8 13150.8
-15 0 1 -15 0 1 0 0 0 0 0 -3.79252e-07 -0 0 0 -0 0 0 0 0 0 0 0 0 0 0 0 0 0 1 13150.8 13150.8 13150.8 13150.8
-15 0 1 -15 0 1 0 0 0 0 0 -3.74096e-07 -0 0 0 -0 0 0 0 0 0 0 0 0 0 0 0 0 0 1 13150.8 13150.8 13150.8 13150.8
-15 0 1 -15 0 1 0 0 0 0 0 -3.6395e-07 -0 0 0 -0 0 0 0 0 0 0 0 0 0 0 0 0 0 1 13150.8 13150.8 13150.8 13150.8
-15 0 1 -15 0 1 0 0 0 0 0 -3.6395e-07 -0 0 0 -0 0 0 0 0 0 0 0 0 0 0 0 0 0 1 13150.8 13150.8 13150.8 13150.8
-15 0 1 -15 0 1 0 0 0 0 0 -3.58699e-07 -0 0 0 -0 0 0 0 0 0 0 0 0 0 0 0 0 0 1 13150.8 13150.8 13150.8 13150.8
-15 0 1 -15 0 1 0 0 0 0 0 -3.53733e-07 -0 0 0 -0 0 0 0 0 0 0 0 0 0 0 0 0 0 1 13150.8 13150.8 13150.8 13150.8
-15 0 1 -15 0 1 0 0 0 0 0 -3.4353e-07 -0 0 0 -0 0 0 0 0 0 0 0 0 0 0 0 0 0 1 13150.8 13150.8 13150.8 13150.8
-15 0 1 -15 0 1 0 0 0 0 0 -3.4353e-07 -0 0 0 -0 0 0 0 0 0 0 0 0 0 0 0 0 0 1 13150.8 13150.8 13150.8 13150.8
-15 0 1 -15 0 1 0 0 0 0 0 -3.38151e-07 -0 0 0 -0 0 0 0 0 0 0 0 0 0 0 0 0 0 1 13150.8 13150.8 13150.8 13150.8
-15 0 1 -15 0 1 0 0 0 0 0 -3.33344e-07 -0 0 0 -0 0 0 0 0 0 0 0 0 0 0 0 0 0 1 13150.8 13150.8 13150.8 13150.8
-15 0 1 -15 0 1 0 0 0 0 0 -3.28248e-07 -0 0 0 -0 0 0 0 0 0 0 0 0 0 0 0 0 0 1 13150.8 13150.8 13150.8 13150.8
-15 0 1 -15 0 1 0 0 0 0 0 -3.23048e-07 -0 0 0 -0 0 0 0 0 0 0 0 0 0 0 0 0 0 1 13150.8 13150.8 13150.8 13150.8
-15 0 1 -15 0 1 0 0 0 0 0 -3.12996e-07 -0 0 0 -0 0 0 0 0 0 0 0 0 0 0 0 0 0 1 13150.8 13150.8 13150.8 13150.8
-15 0 1 -15 0 1 0 0 0 0 0 -3.12996e-07 -0 0 0 -0 0 0 0 0 0 0 0 0 0 0 0 0 0 1 13150.8 13150.8 13150.8 13150.8
-15 0 1 -15 0 1 0 0 0 0 0 -3.0788e-07 -0 0 0 -0 0 0 0 0 0 0 0 0 0 0 0 0 0 1 13150.8 13150.8 13150.8 13150.8
-15 0 1 -15 0 1 0 0 0 0 0 -3.02759e-07 -0 0 0 -0 0 0 0 0 0 0 0 0 0 0 0 0 0 1 13150.8 13150.8 13150.8 13150.8
-15 0 1 -15 0 1 0 0 0 0 0 -2.97724e-07 -0 0 0 -0 0 0 0 0 0 0 0 0 0 0 0 0 0 1 13150.8 13150.8 13150.8 13150.8
-15 0 1 -15 0 1 0 0 0 0 0 -2.92609e-07 -0 0 0 -0 0 0 0 0 0 0 0 0 0 0 0 0 0 1 13150.8 13150.8 13150.8 13150.8
-15 0 1 -15 0 1 0 0 0 0 0 -2.82448e-07 -0 0 0 -0 0 0 0 0 0 0 0 0 0 0 0 0 0 1 13150.8 13150.8 13150.8 13150.8
-15 0 1 -15 0 1 0 0 0 0 0 -2.82448e-07 -0 0 0 -0 0 0 0 0 0 0 0 0 0 0 0 0 0 1 13150.8 13150.8 13150.8 13150.8
-15 0 1 -15 0 1 0 0 0 0 0 -2.72177e-07 -0 0 0 -0 0 0 0 0 0 0 0 0 0 0 0 0 0 1 13150.8 13150.8 13150.8 13150.8
-15 0 1 -15 0 1 0 0 0 0 0 -2.72177e-07 -0 0 0 -0 0 0 0 0 0 0 0 0 0 0 0 0 0 1 13150.8 13150.8 13150.8 13150.8
-15 0 1 -15 0 1 0 0 0 0 0 -2.6706e-07 -0 0 0 -0 0 0 0 0 0 0 0 0 0 0 0 0 0 1 13150.8 13150.8 13150.8 13150.8
-15 0 1 -15 0 1 0 0 0 0 0 -2.62052e-07 -0 0 0 -0 0 0 0 0 0 0 0 0 0 0 0 0 0 1 13150.8 13150.8 13150.8 13150.8
-15 0 1 -15 0 1 0 0 0 0 0 -2.5674e-07 -0 0 0 -0 0 0 0 0 0 0 0 0 0 0 0 0 0 1 13150.8 13150.8 13150.8 13150.8
-15 0 1 -15 0 1 0 0 0 0 0 -2.51681e-07 -0 0 0 -0 0 0 0 0 0 0 0 0 0 0 0 0 0 1 13150.8 13150.8 13150.8 13150.8
-15 0 1 -15 0 1 0 0 0 0 0 -2.46708e-07 -0 0 0 -0 0 0 0 0 0 0 0 0 0 0 0 0 0 1 13150.8 13150.8 13150.8 13150.8
-15 0 1 -15 0 1 0 0 0 0 0 -2.41647e-07 -0 0 0 -0 0 0 0 0 0 0 0 0 0 0 0 0 0 1 13150.8 13150.8 13150.8 13150.8
-15 0 1 -15 0 1 0 0 0 0 0 -2.31462e-07 -0 0 0 -0 0 0 0 0 0 0 0 0 0 0 0 0 0 1 13150.8 13150.8 13150.8 13150.8
-15 0 1 -15 0 1 0 0 0 0 0 -2.31462e-07 -0 0 0 -0 0 0 0 0 0 0 0 0 0 0 0 0 0 1 13150.8 13150.8 13150.8 13150.8
-15 0 1 -15 0 1 0 0 0 0 0 -2.26164e-07 -0 0 0 -0 0 0 0 0 0 0 0 0 0 0 0 0 0 1 13150.8 13150.8 13150.8 13150.8
-15 0 1 -15 0 1 0 0 0 0 0 -2.16207e-07 -0 0 0 -0 0 0 0 0 0 0 0 0 0 0 0 0 0 1 13150.8 13150.8 13150.8 13150.8
-15 0 1 -15 0 1 0 0 0 0 0 -2.16207e-07 -0 0 0 -0 0 0 0 0 0 0 0 0 0 0 0 0 0 1 13150.8 13150.8 13150.8 13150.8
-15 0 1 -15 0 1 0 0 0 0 0 -2.1104e-07 -0 0 0 -0 0 0 0 0 0 0 0 0 0 0 0 0 0 1 13150.8 13150.8 13150.8 13150.8
-15 0 1 -15 0 1 0 0 0 0 0 -2.0091e-07 -0 0 0 -0 0 0 0 0 0 0 0 0 0 0 0 0 0 1 13150.8 13150.8 13150.8 13150.8
-15 0 1 -15 0 1 0 0 0 0 0 -2.0091e-07 -0 0 0 -0 0 0 0 0 0 0 0 0 0 0 0 0 0 1 13150.8 13150.8 13150.8 13150.8
-15 0 1 -15 0 1 0 0 0 0 0 -1.907e-07 -0 0 0 -0 0 0 0 0 0 0 0 0 0 0 0 0 0 1 13150.8 13150.8 13150.8 13150.8
-15 0 1 -15 0 1 0 0 0 0 0 -1.907e-07 -0 0 0 -0 0 0 0 0 0 0 0 0 0 0 0 0 0 1 13150.8 13150.8 13150.8 13150.8
-15 0 1 -15 0 1 0 0 0 0 0 -1.85136e-07 -0 0 0 -0 0 0 0 0 0 0 0 0 0 0 0 0 0 1 13150.8 13150.8 13150.8 13150.8
-15 0 1 -15 0 1 0 0 0 0 0 -1.77457e-07 -0 0 0 -0 0 0 0 0 0 0 0 0 0 0 0 0 0 1 13150.8 13150.8 13150.8 13150.8
-15 0 1 -15 0 1 0 0 0 0 0 -1.75361e-07 -0 0 0 -0 0 0 0 0 0 0 0 0 0 0 0 0 0 1 13150.8 13150.8 13150.8 13150.8
-15 0 1 -15 0 1 0 0 0 0 0 -1.70212e-07 -0 0 0 -0 0 0 0 0 0 0 0 0 0 0 0 0 0 1 13150.8 13150.8 13150.8 13150.8
-15 0 1 -15 0 1 0 0 0 0 0 -1.65201e-07 -0 0 0 -0 0 0 0 0 0 0 0 0 0 0 0 0 0 1 13150.8 13150.8 13150.8 13150.8
-15 0 1 -15 0 1 0 0 0 0 0 -1.60088e-07 -0 0 0 -0 0 0 0 0 0 0 0 0 0 0 0 0 0 1 13150.8 13150.8 13150.8 13150.8
-15 0 1 -15 0 1 0 0 0 0 0 -1.55012e-07 -0 0 0 -0 0 0 0 0 0 0 0 0 0 0 0 0 0 1 13150.8 13150.8 13150.8 13150.8
-15 0 1 -15 0 1 0 0 0 0 0 -1.49815e-07 -0 0 0 -0 0 0 0 0 0 0 0 0 0 0 0 0 0 1 13150.8 13150.8 13150.8 13150.8
-15 0 1 -15 0 1 0 0 0 0 0 -1.39721e-07 -0 0 0 -0 0 0 0 0 0 0 0 0 0 0 0 0 0 1 13150.8 13150.8 13150.8 13150.8
-15 0 1 -15 0 1 0 0 0 0 0 -1.39721e-07 -0 0 0 -0 0 0 0 0 0 0 0 0 0 0 0 0 0 1 13150.8 13150.8 13150.8 13150.8
-15 0 1 -15 0 1 0 0 0 0 0 -1.29585e-07 -0 0 0 -0 0 0 0 0 0 0 0 0 0 0 0 0 0 1 13150.8 13150.8 13150.8 13150.8
-15 0 1 -15 0 1 0 0 0 0 0 -1.29585e-07 -0 0 0 -0 0 0 0 0 0 0 0 0 0 0 0 0 0 1 13150.8 13150.8 13150.8 13150.8
-15 0 1 -15 0 1 0 0 0 0 0 -1.24478e-07 -0 0 0 -0 0 0 0 0 0 0 0 0 0 0 0 0 0 1 13150.8 13150.8 13150.8 13150.8
-15 0 1 -15 0 1 0 0 0 0 0 -1.19299e-07 -0 0 0 -0 0 0 0 0 0 0 0 0 0 0 0 0 0 1 13150.8 13150.8 13150.8 13150.8
-15 0 1 -15 0 1 0 0 0 0 0 -1.09201e-07 -0 0 0 -0 0 0 0 0 0 0 0 0 0 0 0 0 0 1 13150.8 13150.8 13150.8 13150.8
-15 0 1 -15 0 1 0 0 0 0 0 -1.09201e-07 -0 0 0 -0 0 0 0 0 0 0 0 0 0 0 0 0 0 1 13150.8 13150.8 13150.8 13150.8
-15 0 1 -15 0 1 0 0 0 0 0 -1.04082e-07 -0 0 0 -0 0 0 0 0 0 0 0 0 0 0 0 0 0 1 13150.8 13150.8 13150.8 13150.8
-15 0 1 -15 0 1 0 0 0 0 0 -9.89594e-08 -0 0 0 -0 0 0 0 0 0 0 0 0 0 0 0 0 0 1 13150.8 13150.8 13150.8 13150.8
-15 0 1 -15 0 1 0 0 0 0 0 -8.88184e-08 -0 0 0 -0 0 0 0 0 0 0 0 0 0 0 0 0 0 1 13150.8 13150.8 13150.8 13150.8
-15 0 1 -15 0 1 0 0 0 0 0 -8.88184e-08 -0 0 0 -0 0 0 0 0 0 0 0 0 0 0 0 0 0 1 13150.8 13150.8 13150.8 13150.8
-15 0 1 -15 0 1 0 0 0 0 0 -8.35445e-08 -0 0 0 -0 0 0 0 0 0 0 0 0 0 0 0 0 0 1 13150.8 13150.8 13150.8 13150.8
-15 0 1 -15 0 1 0 0 0 0 0 -7.86209e-08 -0 0 0 -0 0 0 0 0 0 0 0 0 0 0 0 0 0 1 13150.8 13150.8 13150.8 13150.8
-15 0 1 -15 0 1 0 0 0 0 0 -7.34946e-08 -0 0 0 -0 0 0 0 0 0 0 0 0 0 0 0 0 0 1 13150.8 13150.8 13150.8 13150.8
-15 0 1 -15 0 1 0 0 0 0 0 -6.82559e-08 -0 0 0 -0 0 0 0 0 0 0 0 0 0 0 0 0 0 1 13150.8 13150.8 13150.8 13150.8
-15 0 1 -15 0 1 0 0 0 0 0 -5.82585e-08 -0 0 0 -0 0 0 0 0 0 0 0 0 0 0 0 0 0 1 13150.8 13150.8 13150.8 13150.8
-15 0 1 -15 0 1 0 0 0 0 0 -5.82585e-08 -0 0 0 -0 0 0 0 0 0 0 0 0 0 0 0 0 0 1 13150.8 13150.8 13150.8 13150.8
-15 0 1 -15 0 1 0 0 0 0 0 -5.30978e-08 -0 0 0 -0 0 0 0 0 0 0 0 0 0 0 0 0 0 1 13150.8 13150.8 13150.8 13150.8
-15 0 1 -15 0 1 0 0 0 0 0 -4.80558e-08 -0 0 0 -0 0 0 0 0 0 0 0 0 0 0 0 0 0 1 13150.8 13150.8 13150.8 13150.8
-15 0 1 -15 0 1 0 0 0 0 0 -4.27154e-08 -0 0 0 -0 0 0 0 0 0 0 0 0 0 0 0 0 0 1 13150.8 13150.8 13150.8 13150.8
-15 0 1 -15 0 1 0 0 0 0 0 -3.27565e-08 -0 0 0 -0 0 0 0 0 0 0 0 0 0 0 0 0 0 1 13150.8 13150.8 13150.8 13150.8
-15 0 1 -15 0 1 0 0 0 0 0 -3.27565e-08 -0 0 0 -0 0 0 0 0 0 0 0 0 0 0 0 0 0 1 13150.8 13150.8 13150.8 13150.8
-15 0 1 -15 0 1 0 0 0 0 0 -2.76115e-08 -0 0 0 -0 0 0 0 0 0 0 0 0 0 0 0 0 0 1 13150.8 13150.8 13150.8 13150.8
-15 0 1 -15 0 1 0 0 0 0 0 -2.25632e-08 -0 0 0 -0 0 0 0 0 0 0 0 0 0 0 0 0 0 1 13150.8 13150.8 13150.8 13150.8
-15 0 1 -15 0 1 0 0 0 0 0 -1.73344e-08 -0 0 0 -0 0 0 0 0 0 0 0 0 0 0 0 0 0 1 13150.8 13150.8 13150.8 13150.8
-15 0 1 -15 0 1 0 0 0 0 0 -7.29498e-09 -0 0 0 -0 0 0 0 0 0 0 0 0 0 0 0 0 0 1 13150.8 13150.8 13150.8 13150.8
-15 0 1 -15 0 1 0 0 0 0 0 -2.16805e-09 -0 0 0 -0 0 0 0 0 0 0 0 0 0 0 0 0 0 1 13150.8 13150.8 13150.8 13150.8
-15 0 1 -15 0 1 0 0 0 0 0 2.92858e-09 -0 0 0 -0 0 0 0 0 0 0 0 0 0 0 0 0 0 1 13150.8 13150.8 13150.8 13150.8
-15 0 1 -15 0 1 0 0 0 0 0 7.98635e-09 -0 0 0 -0 0 0 0 0 0 0 0 0 0 0 0 0 0 1 13150.8 13150.8 13150.8 13150.8
-15 0 1 -15 0 1 0 0 0 0 0 7.98635e-09 -0 0 0 -0 0 0 0 0 0 0 0 0 0 0 0 0 0 1 13150.8 13150.8 13150.8 13150.8
-15 0 1 -15 0 1 0 0 0 0 0 1.82654e-08 -0 0 0 -0 0 0 0 0 0 0 0 0 0 0 0 0 0 1 13150.8 13150.8 13150.8 13150.8
-15 0 1 -15 0 1 0 0 0 0 0 2.32866e-08 -0 0 0 -0 0 0 0 0 0 0 0 0 0 0 0 0 0 1 13150.8 13150.8 13150.8 13150.8
-15 0 1 -15 0 1 0 0 0 0 0 2.32866e-08 -0 0 0 -0 0 0 0 0 0 0 0 0 0 0 0 0 0 1 13150.8 13150.8 13150.8 13150.8
-15 0 1 -15 0 1 0 0 0 0 0 2.85317e-08 -0 0 0 -0 0 0 0 0 0 0 0 0 0 0 0 0 0 1 13150.8 13150.8 13150.8 13150.8
-15 0 1 -15 0 1 0 0 0 0 0 3.35281e-08 -0 0 0 -0 0 0 0 0 0 0 0 0 0 0 0 0 0 1 13150.8 13150.8 13150.8 13150.8
-15 0 1 -15 0 1 0 0 0 0 0 3.8858e-08 -0 0 0 -0 0 0 0 0 0 0 0 0 0 0 0 0 0 1 13150.8 13150.8 13150.8 13150.8
-15 0 1 -15 0 1 0 0 0 0 0 4.36666e-08 -0 0 0 -0 0 0 0 0 0 0 0 0 0 0 0 0 0 1 13150.8 13150.8 13150.8 13150.8
-15 0 1 -15 0 1 0 0 0 0 0 4.88224e-08 -0 0 0 -0 0 0 0 0 0 0 0 0 0 0 0 0 0 1 13150.8 13150.8 13150.8 13150.8
-15 0 1 -15 0 1 0 0 0 0 0 4.66486e-08 -0 0 0 -0 0 0 0 0 0 0 0 0 0 0 0 0 0 1 13150.8 13150.8 13150.8 13150.8
-15 0 1 -15 0 1 0 0 0 0 0 4.4469e-08 -0 0 0 -0 0 0 0 0 0 0 0 0 0 0 0 0 0 1 13150.8 13150.8 13150.8 13150.8
-15 0 1 -15 0 1 0 0 0 0 0 4.15626e-08 -0 0 0 -0 0 0 0 0 0 0 0 0 0 0 0 0 0 1 13150.8 13150.8 13150.8 13150.8
-15 0 1 -15 0 1 0 0 0 0 0 4.00576e-08 -0 0 0 -0 0 0 0 0 0 0 0 0 0 0 0 0 0 1 13150.8 13150.8 13150.8 13150.8
-15 0 1 -15 0 1 0 0 0 0 0 3.78667e-08 -0 0 0 -0 0 0 0 0 0 0 0 0 0 0 0 0 0 1 13150.8 13150.8 13150.8 13150.8
-15 0 1 -15 0 1 0 0 0 0 0 4.29568e-08 -0 0 0 -0 0 0 0 0 0 0 0 0 0 0 0 0 0 1 13150.8 13150.8 13150.8 13150.8
-15 0 1 -15 0 1 0 0 0 0 0 4.81366e-08 -0 0 0 -0 0 0 0 0 0 0 0 0 0 0 0 0 0 1 13150.8 13150.8 13150.8 13150.8
-15 0 1 -15 0 1 0 0 0 0 0 4.5969e-08 -0 0 0 -0 0 0 0 0 0 0 0 0 0 0 0 0 0 1 13150.8 13150.8 13150.8 13150.8
-15 0 1 -15 0 1 0 0 0 0 0 4.37185e-08 -0 0 0 -0 0 0 0 0 0 0 0 0 0 0 0 0 0 1 13150.8 13150.8 13150.8 13150.8
-15 0 1 -15 0 1 0 0 0 0 0 4.15621e-08 -0 0 0 -0 0 0 0 0 0 0 0 0 0 0 0 0 0 1 13150.8 13150.8 13150.8 13150.8
-15 0 1 -15 0 1 0 0 0 0 0 3.94472e-08 -0 0 0 -0 0 0 0 0 0 0 0 0 0 0 0 0 0 1 13150.8 13150.8 13150.8 13150.8
-15 0 1 -15 0 1 0 0 0 0 0 3.72202e-08 -0 0 0 -0 0 0 0 0 0 0 0 0 0 0 0 0 0 1 13150.8 13150.8 13150.8 13150.8
-15 0 1 -15 0 1 0 0 0 0 0 3.50334e-08 -0 0 0 -0 0 0 0 0 0 0 0 0 0 0 0 0 0 1 13150.8 13150.8 13150.8 13150.8
-15 0 1 -15 0 1 0 0 0 0 0 4.01342e-08 -0 0 0 -0 0 0 0 0 0 0 0 0 0 0 0 0 0 1 13150.8 13150.8 13150.8 13150.8
-15 0 1 -15 0 1 0 0 0 0 0 4.51287e-08 -0 0 0 -0 0 0 0 0 0 0 0 0 0 0 0 0 0 1 13150.8 13150.8 13150.8 13150.8
-15 0 1 -15 0 1 0 0 0 0 0 4.07507e-08 -0 0 0 -0 0 0 0 0 0 0 0 0 0 0 0 0 0 1 13150.8 13150.8 13150.8 13150.8
-15 0 1 -15 0 1 0 0 0 0 0 4.07507e-08 -0 0 0 -0 0 0 0 0 0 0 0 0 0 0 0 0 0 1 13150.8 13150.8 13150.8 13150.8
-15 0 1 -15 0 1 0 0 0 0 0 3.85405e-08 -0 0 0 -0 0 0 0 0 0 0 0 0 0 0 0 0 0 1 13150.8 13150.8 13150.8 13150.8
-15 0 1 -15 0 1 0 0 0 0 0 3.63643e-08 -0 0 0 -0 0 0 0 0 0 0 0 0 0 0 0 0 0 1 13150.8 13150.8 13150.8 13150.8
-15 0 1 -15 0 1 0 0 0 0 0 3.41517e-08 -0 0 0 -0 0 0 0 0 0 0 0 0 0 0 0 0 0 1 13150.8 13150.8 13150.8 13150.8
-15 0 1 -15 0 1 0 0 0 0 0 3.19275e-08 -0 0 0 -0 0 0 0 0 0 0 0 0 0 0 0 0 0 1 13150.8 13150.8 13150.8 13150.8
-15 0 1 -15 0 1 0 0 0 0 0 3.70673e-08 -0 0 0 -0 0 0 0 0 0 0 0 0 0 0 0 0 0 1 13150.8 13150.8 13150.8 13150.8
-15 0 1 -15 0 1 0 0 0 0 0 4.21351e-08 -0 0 0 -0 0 0 0 0 0 0 0 0 0 0 0 0 0 1 13150.8 13150.8 13150.8 13150.8
-15 0 1 -15 0 1 0 0 0 0 0 4.00073e-08 -0 0 0 -0 0 0 0 0 0 0 0 0 0 0 0 0 0 1 13150.8 13150.8 13150.8 13150.8
-15 0 1 -15 0 1 0 0 0 0 0 3.56304e-08 -0 0 0 -0 0 0 0 0 0 0 0 0 0 0 0 0 0 1 13150.8 13150.8 13150.8 13150.8
-15 0 1 -15 0 1 0 0 0 0 0 3.56304e-08 -0 0 0 -0 0 0 0 0 0 0 0 0 0 0 0 0 0 1 13150.8 13150.8 13150.8 13150.8
-15 0 1 -15 0 1 0 0 0 0 0 3.34131e-08 -0 0 0 -0 0 0 0 0 0 0 0 0 0 0 0 0 0 1 13150.8 13150.8 13150.8 13150.8
-15 0 1 -15 0 1 0 0 0 0 0 3.12477e-08 -0 0 0 -0 0 0 0 0 0 0 0 0 0 0 0 0 0 1 13150.8 13150.8 13150.8 13150.8
-15 0 1 -15 0 1 0 0 0 0 0 2.90407e-08 -0 0 0 -0 0 0 0 0 0 0 0 0 0 0 0 0 0 1 13150.8 13150.8 13150.8 13150.8
-15 0 1 -15 0 1 0 0 0 0 0 3.91701e-08 -0 0 0 -0 0 0 0 0 0 0 0 0 0 0 0 0 0 1 13150.8 13150.8 13150.8 13150.8
-15 0 1 -15 0 1 0 0 0 0 0 3.91701e-08 -0 0 0 -0 0 0 0 0 0 0 0 0 0 0 0 0 0 1 13150.8 13150.8 13150.8 13150.8
-15 0 1 -15 0 1 0 0 0 0 0 3.69423e-08 -0 0 0 -0 0 0 0 0 0 0 0 0 0 0 0 0 0 1 13150.8 13150.8 13150.8 13150.8
-15 0 1 -15 0 1 0 0 0 0 0 3.47553e-08 -0 0 0 -0 0 0 0 0 0 0 0 0 0 0 0 0 0 1 13150.8 13150.8 13150.8 13150.8
-15 0 1 -15 0 1 0 0 0 0 0 3.25905e-08 -0 0 0 -0 0 0 0 0 0 0 0 0 0 0 0 0 0 1 13150.8 13150.8 13150.8 13150.8
-15 0 1 -15 0 1 0 0 0 0 0 2.82178e-08 -0 0 0 -0 0 0 0 0 0 0 0 0 0 0 0 0 0 1 13150.8 13150.8 13150.8 13150.8
-15 0 1 -15 0 1 0 0 0 0 0 2.82178e-08 -0 0 0 -0 0 0 0 0 0 0 0 0 0 0 0 0 0 1 13150.8 13150.8 13150.8 13150.8
-15 0 1 -15 0 1 0 0 0 0 0 3.33414e-08 -0 0 0 -0 0 0 0 0 0 0 0 0 0 0 0 0 0 1 13150.8 13150.8 13150.8 13150.8
-15 0 1 -15 0 1 0 0 0 0 0 3.63183e-08 -0 0 0 -0 0 0 0 0 0 0 0 0 0 0 0 0 0 1 13150.8 13150.8 13150.8 13150.8
-15 0 1 -15 0 1 0 0 0 0 0 3.41173e-08 -0 0 0 -0 0 0 0 0 0 0 0 0 0 0 0 0 0 1 13150.8 13150.8 13150.8 13150.8
-15 0 1 -15 0 1 0 0 0 0 0 3.41173e-08 -0 0 0 -0 0 0 0 0 0 0 0 0 0 0 0 0 0 1 13150.8 13150.8 13150.8 13150.8
-15 0 1 -15 0 1 0 0 0 0 0 3.11134e-08 -0 0 0 -0 0 0 0 0 0 0 0 0 0 0 0 0 0 1 13150.8 13150.8 13150.8 13150.8
-15 0 1 -15 0 1 0 0 0 0 0 2.96958e-08 -0 0 0 -0 0 0 0 0 0 0 0 0 0 0 0 0 0 1 13150.8 13150.8 13150.8 13150.8
-15 0 1 -15 0 1 0 0 0 0 0 2.75527e-08 -0 0 0 -0 0 0 0 0 0 0 0 0 0 0 0 0 0 1 13150.8 13150.8 13150.8 13150.8
-15 0 1 -15 0 1 0 0 0 0 0 2.53493e-08 -0 0 0 -0 0 0 0 0 0 0 0 0 0 0 0 0 0 1 13150.8 13150.8 13150.8 13150.8
-15 0 1 -15 0 1 0 0 0 0 0 3.55172e-08 -0 0 0 -0 0 0 0 0 0 0 0 0 0 0 0 0 0 1 13150.8 13150.8 13150.8 13150.8
-15 0 1 -15 0 1 0 0 0 0 0 3.55172e-08 -0 0 0 -0 0 0 0 0 0 0 0 0 0 0 0 0 0 1 13150.8 13150.8 13150.8 13150.8
-15 0 1 -15 0 1 0 0 0 0 0 3.33169e-08 -0 0 0 -0 0 0 0 0 0 0 0 0 0 0 0 0 0 1 13150.8 13150.8 13150.8 13150.8
-15 0 1 -15 0 1 0 0 0 0 0 3.10779e-08 -0 0 0 -0 0 0 0 0 0 0 0 0 0 0 0 0 0 1 13150.8 13150.8 13150.8 13150.8
-15 0 1 -15 0 1 0 0 0 0 0 2.89568e-08 -0 0 0 -0 0 0 0 0 0 0 0 0 0 0 0 0 0 1 13150.8 13150.8 13150.8 13150.8
-15 0 1 -15 0 1 0 0 0 0 0 2.67515e-08 -0 0 0 -0 0 0 0 0 0 0 0 0 0 0 0 0 0 1 13150.8 13150.8 13150.8 13150.8
-15 0 1 -15 0 1 0 0 0 0 0 2.2383e-08 -0 0 0 -0 0 0 0 0 0 0 0 0 0 0 0 0 0 1 13150.8 13150.8 13150.8 13150.8
-15 0 1 -15 0 1 0 0 0 0 0 2.2383e-08 -0 0 0 -0 0 0 0 0 0 0 0 0 0 0 0 0 0 1 13150.8 13150.8 13150.8 13150.8
-15 0 1 -15 0 1 0 0 0 0 0 2.75063e-08 -0 0 0 -0 0 0 0 0 0 0 0 0 0 0 0 0 0 1 13150.8 13150.8 13150.8 13150.8
-15 0 1 -15 0 1 0 0 0 0 0 3.26263e-08 -0 0 0 -0 0 0 0 0 0 0 0 0 0 0 0 0 0 1 13150.8 13150.8 13150.8 13150.8
-15 0 1 -15 0 1 0 0 0 0 0 3.04631e-08 -0 0 0 -0 0 0 0 0 0 0 0 0 0 0 0 0 0 1 13150.8 13150.8 13150.8 13150.8
-15 0 1 -15 0 1 0 0 0 0 0 2.82525e-08 -0 0 0 -0 0 0 0 0 0 0 0 0 0 0 0 0 0 1 13150.8 13150.8 13150.8 13150.8
-15 0 1 -15 0 1 0 0 0 0 0 2.6061e-08 -0 0 0 -0 0 0 0 0 0 0 0 0 0 0 0 0 0 1 13150.8 13150.8 13150.8 13150.8
-15 0 1 -15 0 1 0 0 0 0 0 2.38955e-08 -0 0 0 -0 0 0 0 0 0 0 0 0 0 0 0 0 0 1 13150.8 13150.8 13150.8 13150.8
-15 0 1 -15 0 1 0 0 0 0 0 1.95193e-08 -0 0 0 -0 0 0 0 0 0 0 0 0 0 0 0 0 0 1 13150.8 13150.8 13150.8 13150.8
-15 0 1 -15 0 1 0 0 0 0 0 1.95193e-08 -0 0 0 -0 0 0 0 0 0 0 0 0 0 0 0 0 0 1 13150.8 13150.8 13150.8 13150.8
-15 0 1 -15 0 1 0 0 0 0 0 2.4904e-08 -0 0 0 -0 0 0 0 0 0 0 0 0 0 0 0 0 0 1 13150.8 13150.8 13150.8 13150.8
-15 0 1 -15 0 1 0 0 0 0 0 2.97313e-08 -0 0 0 -0 0 0 0 0 0 0 0 0 0 0 0 0 0 1 13150.8 13150.8 13150.8 13150.8
-15 0 1 -15 0 1 0 0 0 0 0 2.75468e-08 -0 0 0 -0 0 0 0 0 0 0 0 0 0 0 0 0 0 1 13150.8 13150.8 13150.8 13150.8
-15 0 1 -15 0 1 0 0 0 0 0 2.53477e-08 -0 0 0 -0 0 0 0 0 0 0 0 0 0 0 0 0 0 1 13150.8 13150.8 13150.8 13150.8
-15 0 1 -15 0 1 0 0 0 0 0 2.31682e-08 -0 0 0 -0 0 0 0 0 0 0 0 0 0 0 0 0 0 1 13150.8 13150.8 13150.8 13150.8
-15 0 1 -15 0 1 0 0 0 0 0 1.87651e-08 -0 0 0 -0 0 0 0 0 0 0 0 0 0 0 0 0 0 1 13150.8 13150.8 13150.8 13150.8
-15 0 1 -15 0 1 0 0 0 0 0 1.87651e-08 -0 0 0 -0 0 0 0 0 0 0 0 0 0 0 0 0 0 1 13150.8 13150.8 13150.8 13150.8
-15 0 1 -15 0 1 0 0 0 0 0 2.3927e-08 -0 0 0 -0 0 0 0 0 0 0 0 0 0 0 0 0 0 1 13150.8 13150.8 13150.8 13150.8
-15 0 1 -15 0 1 0 0 0 0 0 2.89572e-08 -0 0 0 -0 0 0 0 0 0 0 0 0 0 0 0 0 0 1 13150.8 13150.8 13150.8 13150.8
-15 0 1 -15 0 1 0 0 0 0 0 2.67746e-08 -0 0 0 -0 0 0 0 0 0 0 0 0 0 0 0 0 0 1 13150.8 13150.8 13150.8 13150.8
-15 0 1 -15 0 1 0 0 0 0 0 2.46039e-08 -0 0 0 -0 0 0 0 0 0 0 0 0 0 0 0 0 0 1 13150.8 13150.8 13150.8 13150.8
-15 0 1 -15 0 1 0 0 0 0 0 2.2352e-08 -0 0 0 -0 0 0 0 0 0 0 0 0 0 0 0 0 0 1 13150.8 13150.8 13150.8 13150.8
-15 0 1 -15 0 1 0 0 0 0 0 1.80332e-08 -0 0 0 -0 0 0 0 0 0 0 0 0 0 0 0 0 0 1 13150.8 13150.8 13150.8 13150.8
-15 0 1 -15 0 1 0 0 0 0 0 1.80332e-08 -0 0 0 -0 0 0 0 0 0 0 0 0 0 0 0 0 0 1 13150.8 13150.8 13150.8 13150.8
-15 0 1 -15 0 1 0 0 0 0 0 2.31294e-08 -0 0 0 -0 0 0 0 0 0 0 0 0 0 0 0 0 0 1 13150.8 13150.8 13150.8 13150.8
-15 0 1 -15 0 1 0 0 0 0 0 2.82244e-08 -0 0 0 -0 0 0 0 0 0 0 0 0 0 0 0 0 0 1 13150.8 13150.8 13150.8 13150.8
-15 0 1 -15 0 1 0 0 0 0 0 2.60039e-08 -0 0 0 -0 0 0 0 0 0 0 0 0 0 0 0 0 0 1 13150.8 13150.8 13150.8 13150.8
-15 0 1 -15 0 1 0 0 0 0 0 2.38049e-08 -0 0 0 -0 0 0 0 0 0 0 0 0 0 0 0 0 0 1 13150.8 13150.8 13150.8 13150.8
-15 0 1 -15 0 1 0 0 0 0 0 2.16411e-08 -0 0 0 -0 0 0 0 0 0 0 0 0 0 0 0 0 0 1 13150.8 13150.8 13150.8 13150.8
-15 0 1 -15 0 1 0 0 0 0 0 1.94673e-08 -0 0 0 -0 0 0 0 0 0 0 0 0 0 0 0 0 0 1 13150.8 13150.8 13150.8 13150.8
-15 0 1 -15 0 1 0 0 0 0 0 1.5097e-08 -0 0 0 -0 0 0 0 0 0 0 0 0 0 0 0 0 0 1 13150.8 13150.8 13150.8 13150.8
-15 0 1 -15 0 1 0 0 0 0 0 1.5097e-08 -0 0 0 -0 0 0 0 0 0 0 0 0 0 0 0 0 0 1 13150.8 13150.8 13150.8 13150.8
-15 0 1 -15 0 1 0 0 0 0 0 2.0268e-08 -0 0 0 -0 0 0 0 0 0 0 0 0 0 0 0 0 0 1 13150.8 13150.8 13150.8 13150.8
-15 0 1 -15 0 1 0 0 0 0 0 2.53211e-08 -0 0 0 -0 0 0 0 0 0 0 0 0 0 0 0 0 0 1 13150.8 13150.8 13150.8 13150.8
-15 0 1 -15 0 1 0 0 0 0 0 2.31112e-08 -0 0 0 -0 0 0 0 0 0 0 0 0 0 0 0 0 0 1 13150.8 13150.8 13150.8 13150.8
-15 0 1 -15 0 1 0 0 0 0 0 2.08933e-08 -0 0 0 -0 0 0 0 0 0 0 0 0 0 0 0 0 0 1 13150.8 13150.8 13150.8 13150.8
-15 0 1 -15 0 1 0 0 0 0 0 1.65709e-08 -0 0 0 -0 0 0 0 0 0 0 0 0 0 0 0 0 0 1 13150.8 13150.8 13150.8 13150.8
-15 0 1 -15 0 1 0 0 0 0 0 1.65709e-08 -0 0 0 -0 0 0 0 0 0 0 0 0 0 0 0 0 0 1 13150.8 13150.8 13150.8 13150.8
-15 0 1 -15 0 1 0 0 0 0 0 2.17158e-08 -0 0 0 -0 0 0 0 0 0 0 0 0 0 0 0 0 0 1 13150.8 13150.8 13150.8 13150.8
-15 0 1 -15 0 1 0 0 0 0 0 2.4782e-08 -0 0 0 -0 0 0 0 0 0 0 0 0 0 0 0 0 0 1 13150.8 13150.8 13150.8 13150.8
-15 0 1 -15 0 1 0 0 0 0 0 2.4782e-08 -0 0 0 -0 0 0 0 0 0 0 0 0 0 0 0 0 0 1 13150.8 13150.8 13150.8 13150.8
-15 0 1 -15 0 1 0 0 0 0 0 2.25878e-08 -0 0 0 -0 0 0 0 0 0 0 0 0 0 0 0 0 0 1 13150.8 13150.8 13150.8 13150.8
-15 0 1 -15 0 1 0 0 0 0 0 2.03575e-08 -0 0 0 -0 0 0 0 0 0 0 0 0 0 0 0 0 0 1 13150.8 13150.8 13150.8 13150.8
-15 0 1 -15 0 1 0 0 0 0 0 1.81878e-08 -0 0 0 -0 0 0 0 0 0 0 0 0 0 0 0 0 0 1 13150.8 13150.8 13150.8 13150.8
-15 0 1 -15 0 1 0 0 0 0 0 1.59985e-08 -0 0 0 -0 0 0 0 0 0 0 0 0 0 0 0 0 0 1 13150.8 13150.8 13150.8 13150.8
-15 0 1 -15 0 1 0 0 0 0 0 1.37816e-08 -0 0 0 -0 0 0 0 0 0 0 0 0 0 0 0 0 0 1 13150.8 13150.8 13150.8 13150.8
-15 0 1 -15 0 1 0 0 0 0 0 1.87975e-08 -0 0 0 -0 0 0 0 0 0 0 0 0 0 0 0 0 0 1 13150.8 13150.8 13150.8 13150.8
-15 0 1 -15 0 1 0 0 0 0 0 2.39219e-08 -0 0 0 -0 0 0 0 0 0 0 0 0 0 0 0 0 0 1 13150.8 13150.8 13150.8 13150.8
-15 0 1 -15 0 1 0 0 0 0 0 2.17174e-08 -0 0 0 -0 0 0 0 0 0 0 0 0 0 0 0 0 0 1 13150.8 13150.8 13150.8 13150.8
-15 0 1 -15 0 1 0 0 0 0 0 1.95649e-08 -0 0 0 -0 0 0 0 0 0 0 0 0 0 0 0 0 0 1 13150.8 13150.8 13150.8 13150.8
-15 0 1 -15 0 1 0 0 0 0 0 1.73464e-08 -0 0 0 -0 0 0 0 0 0 0 0 0 0 0 0 0 0 1 13150.8 13150.8 13150.8 13150.8
-15 0 1 -15 0 1 0 0 0 0 0 1.3004e-08 -0 0 0 -0 0 0 0 0 0 0 0 0 0 0 0 0 0 1 13150.8 13150.8 13150.8 13150.8
-15 0 1 -15 0 1 0 0 0 0 0 1.3004e-08 -0 0 0 -0 0 0 0 0 0 0 0 0 0 0 0 0 0 1 13150.8 13150.8 13150.8 13150.8
-15 0 1 -15 0 1 0 0 0 0 0 2.32564e-08 -0 0 0 -0 0 0 0 0 0 0 0 0 0 0 0 0 0 1 13150.8 13150.8 13150.8 13150.8
-15 0 1 -15 0 1 0 0 0 0 0 2.32564e-08 -0 0 0 -0 0 0 0 0 0 0 0 0 0 0 0 0 0 1 13150.8 13150.8 13150.8 13150.8
-15 0 1 -15 0 1 0 0 0 0 0 2.10298e-08 -0 0 0 -0 0 0 0 0 0 0 0 0 0 0 0 0 0 1 13150.8 13150.8 13150.8 13150.8
-15 0 1 -15 0 1 0 0 0 0 0 1.67108e-08 -0 0 0 -0 0 0 0 0 0 0 0 0 0 0 0 0 0 1 13150.8 13150.8 13150.8 13150.8
-15 0 1 -15 0 1 0 0 0 0 0 1.45237e-08 -0 0 0 -0 0 0 0 0 0 0 0 0 0 0 0 0 0 1 13150.8 13150.8 13150.8 13150.8
-15 0 1 -15 0 1 0 0 0 0 0 1.45237e-08 -0 0 0 -0 0 0 0 0 0 0 0 0 0 0 0 0 0 1 13150.8 13150.8 13150.8 13150.8
-15 0 1 -15 0 1 0 0 0 0 0 1.01426e-08 -0 0 0 -0 0 0 0 0 0 0 0 0 0 0 0 0 0 1 13150.8 13150.8 13150.8 13150.8
-15 0 1 -15 0 1 0 0 0 0 0 1.01426e-08 -0 0 0 -0 0 0 0 0 0 0 0 0 0 0 0 0 0 1 13150.8 13150.8 13150.8 13150.8
-15 0 1 -15 0 1 0 0 0 0 0 1.53965e-08 -0 0 0 -0 0 0 0 0 0 0 0 0 0 0 0 0 0 1 13150.8 13150.8 13150.8 13150.8
-15 0 1 -15 0 1 0 0 0 0 0 2.03594e-08 -0 0 0 -0 0 0 0 0 0 0 0 0 0 0 0 0 0 1 13150.8 13150.8 13150.8 13150.8
-15 0 1 -15 0 1 0 0 0 0 0 1.8173e-08 -0 0 0 -0 0 0 0 0 0 0 0 0 0 0 0 0 0 1 13150.8 13150.8 13150.8 13150.8
-15 0 1 -15 0 1 0 0 0 0 0 1.59849e-08 -0 0 0 -0 0 0 0 0 0 0 0 0 0 0 0 0 0 1 13150.8 13150.8 13150.8 13150.8
-15 0 1 -15 0 1 0 0 0 0 0 1.37741e-08 -0 0 0 -0 0 0 0 0 0 0 0 0 0 0 0 0 0 1 13150.8 13150.8 13150.8 13150.8
-15 0 1 -15 0 1 0 0 0 0 0 1.16058e-08 -0 0 0 -0 0 0 0 0 0 0 0 0 0 0 0 0 0 1 13150.8 13150.8 13150.8 13150.8
-15 0 1 -15 0 1 0 0 0 0 0 9.41591e-09 -0 0 0 -0 0 0 0 0 0 0 0 0 0 0 0 0 0 1 13150.8 13150.8 13150.8 13150.8
-15 0 1 -15 0 1 0 0 0 0 0 1.4516e-08 -0 0 0 -0 0 0 0 0 0 0 0 0 0 0 0 0 0 1 13150.8 13150.8 13150.8 13150.8
-15 0 1 -15 0 1 0 0 0 0 0 1.9592e-08 -0 0 0 -0 0 0 0 0 0 0 0 0 0 0 0 0 0 1 13150.8 13150.8 13150.8 13150.8
-15 0 1 -15 0 1 0 0 0 0 0 1.72683e-08 -0 0 0 -0 0 0 0 0 0 0 0 0 0 0 0 0 0 1 13150.8 13150.8 13150.8 13150.8
-15 0 1 -15 0 1 0 0 0 0 0 1.52016e-08 -0 0 0 -0 0 0 0 0 0 0 0 0 0 0 0 0 0 1 13150.8 13150.8 13150.8 13150.8
-15 0 1 -15 0 1 0 0 0 0 0 1.07707e-08 -0 0 0 -0 0 0 0 0 0 0 0 0 0 0 0 0 0 1 13150.8 13150.8 13150.8 13150.8
-15 0 1 -15 0 1 0 0 0 0 0 1.07707e-08 -0 0 0 -0 0 0 0 0 0 0 0 0 0 0 0 0 0 1 13150.8 13150.8 13150.8 13150.8
-15 0 1 -15 0 1 0 0 0 0 0 1.5698e-08 -0 0 0 -0 0 0 0 0 0 0 0 0 0 0 0 0 0 1 13150.8 13150.8 13150.8 13150.8
-15 0 1 -15 0 1 0 0 0 0 0 2.08307e-08 -0 0 0 -0 0 0 0 0 0 0 0 0 0 0 0 0 0 1 13150.8 13150.8 13150.8 13150.8
-15 0 1 -15 0 1 0 0 0 0 0 1.64585e-08 -0 0 0 -0 0 0 0 0 0 0 0 0 0 0 0 0 0 1 13150.8 13150.8 13150.8 13150.8
-15 0 1 -15 0 1 0 0 0 0 0 1.64585e-08 -0 0 0 -0 0 0 0 0 0 0 0 0 0 0 0 0 0 1 13150.8 13150.8 13150.8 13150.8
-15 0 1 -15 0 1 0 0 0 0 0 1.20778e-08 -0 0 0 -0 0 0 0 0 0 0 0 0 0 0 0 0 0 1 13150.8 13150.8 13150.8 13150.8
-15 0 1 -15 0 1 0 0 0 0 0 1.20778e-08 -0 0 0 -0 0 0 0 0 0 0 0 0 0 0 0 0 0 1 13150.8 13150.8 13150.8 13150.8
-15 0 1 -15 0 1 0 0 0 0 0 7.68687e-09 -0 0 0 -0 0 0 0 0 0 0 0 0 0 0 0 0 0 1 13150.8 13150.8 13150.8 13150.8
-15 0 1 -15 0 1 0 0 0 0 0 7.68687e-09 -0 0 0 -0 0 0 0 0 0 0 0 0 0 0 0 0 0 1 13150.8 13150.8 13150.8 13150.8
-15 0 1 -15 0 1 0 0 0 0 0 1.28218e-08 -0 0 0 -0 0 0 0 0 0 0 0 0 0 0 0 0 0 1 13150.8 13150.8 13150.8 13150.8
-15 0 1 -15 0 1 0 0 0 0 0 1.57326e-08 -0 0 0 -0 0 0 0 0 0 0 0 0 0 0 0 0 0 1 13150.8 13150.8 13150.8 13150.8
-15 0 1 -15 0 1 0 0 0 0 0 1.35337e-08 -0 0 0 -0 0 0 0 0 0 0 0 0 0 0 0 0 0 1 13150.8 13150.8 13150.8 13150.8
-15 0 1 -15 0 1 0 0 0 0 0 1.35337e-08 -0 0 0 -0 0 0 0 0 0 0 0 0 0 0 0 0 0 1 13150.8 13150.8 13150.8 13150.8
-15 0 1 -15 0 1 0 0 0 0 0 1.13318e-08 -0 0 0 -0 0 0 0 0 0 0 0 0 0 0 0 0 0 1 13150.8 13150.8 13150.8 13150.8
-15 0 1 -15 0 1 0 0 0 0 0 6.96471e-09 -0 0 0 -0 0 0 0 0 0 0 0 0 0 0 0 0 0 1 13150.8 13150.8 13150.8 13150.8
-15 0 1 -15 0 1 0 0 0 0 0 6.96471e-09 -0 0 0 -0 0 0 0 0 0 0 0 0 0 0 0 0 0 1 13150.8 13150.8 13150.8 13150.8
-15 0 1 -15 0 1 0 0 0 0 0 1.20641e-08 -0 0 0 -0 0 0 0 0 0 0 0 0 0 0 0 0 0 1 13150.8 13150.8 13150.8 13150.8
-15 0 1 -15 0 1 0 0 0 0 0 1.7169e-08 -0 0 0 -0 0 0 0 0 0 0 0 0 0 0 0 0 0 1 13150.8 13150.8 13150.8 13150.8
-15 0 1 -15 0 1 0 0 0 0 0 1.49889e-08 -0 0 0 -0 0 0 0 0 0 0 0 0 0 0 0 0 0 1 13150.8 13150.8 13150.8 13150.8
-15 0 1 -15 0 1 0 0 0 0 0 1.27871e-08 -0 0 0 -0 0 0 0 0 0 0 0 0 0 0 0 0 0 1 13150.8 13150.8 13150.8 13150.8
-15 0 1 -15 0 1 0 0 0 0 0 8.39945e-09 -0 0 0 -0 0 0 0 0 0 0 0 0 0 0 0 0 0 1 13150.8 13150.8 13150.8 13150.8
-15 0 1 -15 0 1 0 0 0 0 0 8.39945e-09 -0 0 0 -0 0 0 0 0 0 0 0 0 0 0 0 0 0 1 13150.8 13150.8 13150.8 13150.8
-15 0 1 -15 0 1 0 0 0 0 0 1.35949e-08 -0 0 0 -0 0 0 0 0 0 0 0 0 0 0 0 0 0 1 13150.8 13150.8 13150.8 13150.8
-15 0 1 -15 0 1 0 0 0 0 0 1.89763e-08 -0 0 0 -0 0 0 0 0 0 0 0 0 0 0 0 0 0 1 13150.8 13150.8 13150.8 13150.8
-15 0 1 -15 0 1 0 0 0 0 0 1.69644e-08 -0 0 0 -0 0 0 0 0 0 0 0 0 0 0 0 0 0 1 13150.8 13150.8 13150.8 13150.8
-15 0 1 -15 0 1 0 0 0 0 0 1.25941e-08 -0 0 0 -0 0 0 0 0 0 0 0 0 0 0 0 0 0 1 13150.8 13150.8 13150.8 13150.8
-15 0 1 -15 0 1 0 0 0 0 0 1.04043e-08 -0 0 0 -0 0 0 0 0 0 0 0 0 0 0 0 0 0 1 13150.8 13150.8 13150.8 13150.8
-15 0 1 -15 0 1 0 0 0 0 0 1.04043e-08 -0 0 0 -0 0 0 0 0 0 0 0 0 0 0 0 0 0 1 13150.8 13150.8 13150.8 13150.8
-15 0 1 -15 0 1 0 0 0 0 0 8.20936e-09 -0 0 0 -0 0 0 0 0 0 0 0 0 0 0 0 0 0 1 13150.8 13150.8 13150.8 13150.8
-15 0 1 -15 0 1 0 0 0 0 0 1.11541e-08 -0 0 0 -0 0 0 0 0 0 0 0 0 0 0 0 0 0 1 13150.8 13150.8 13150.8 13150.8
-15 0 1 -15 0 1 0 0 0 0 0 1.11541e-08 -0 0 0 -0 0 0 0 0 0 0 0 0 0 0 0 0 0 1 13150.8 13150.8 13150.8 13150.8
-15 0 1 -15 0 1 0 0 0 0 0 6.76923e-09 -0 0 0 -0 0 0 0 0 0 0 0 0 0 0 0 0 0 1 13150.8 13150.8 13150.8 13150.8
-15 0 1 -15 0 1 0 0 0 0 0 6.76923e-09 -0 0 0 -0 0 0 0 0 0 0 0 0 0 0 0 0 0 1 13150.8 13150.8 13150.8 13150.8
-15 0 1 -15 0 1 0 0 0 0 0 1.19582e-08 -0 0 0 -0 0 0 0 0 0 0 0 0 0 0 0 0 0 1 13150.8 13150.8 13150.8 13150.8
-15 0 1 -15 0 1 0 0 0 0 0 1.47538e-08 -0 0 0 -0 0 0 0 0 0 0 0 0 0 0 0 0 0 1 13150.8 13150.8 13150.8 13150.8
-15 0 1 -15 0 1 0 0 0 0 0 1.25696e-08 -0 0 0 -0 0 0 0 0 0 0 0 0 0 0 0 0 0 1 13150.8 13150.8 13150.8 13150.8
-15 0 1 -15 0 1 0 0 0 0 0 1.25696e-08 -0 0 0 -0 0 0 0 0 0 0 0 0 0 0 0 0 0 1 13150.8 13150.8 13150.8 13150.8
-15 0 1 -15 0 1 0 0 0 0 0 1.03742e-08 -0 0 0 -0 0 0 0 0 0 0 0 0 0 0 0 0 0 1 13150.8 13150.8 13150.8 13150.8
-15 0 1 -15 0 1 0 0 0 0 0 8.19185e-09 -0 0 0 -0 0 0 0 0 0 0 0 0 0 0 0 0 0 1 13150.8 13150.8 13150.8 13150.8
-15 0 1 -15 0 1 0 0 0 0 0 5.99613e-09 -0 0 0 -0 0 0 0 0 0 0 0 0 0 0 0 0 0 1 13150.8 13150.8 13150.8 13150.8
-15 0 1 -15 0 1 0 0 0 0 0 3.78678e-09 -0 0 0 -0 0 0 0 0 0 0 0 0 0 0 0 0 0 1 13150.8 13150.8 13150.8 13150.8
-15 0 1 -15 0 1 0 0 0 0 0 8.95583e-09 -0 0 0 -0 0 0 0 0 0 0 0 0 0 0 0 0 0 1 13150.8 13150.8 13150.8 13150.8
-15 0 1 -15 0 1 0 0 0 0 0 1.3981e-08 -0 0 0 -0 0 0 0 0 0 0 0 0 0 0 0 0 0 1 13150.8 13150.8 13150.8 13150.8
-15 0 1 -15 0 1 0 0 0 0 0 9.6137e-09 -0 0 0 -0 0 0 0 0 0 0 0 0 0 0 0 0 0 1 13150.8 13150.8 13150.8 13150.8
-15 0 1 -15 0 1 0 0 0 0 0 7.44303e-09 -0 0 0 -0 0 0 0 0 0 0 0 0 0 0 0 0 0 1 13150.8 13150.8 13150.8 13150.8
-15 0 1 -15 0 1 0 0 0 0 0 5.26385e-09 -0 0 0 -0 0 0 0 0 0 0 0 0 0 0 0 0 0 1 13150.8 13150.8 13150.8 13150.8
-15 0 1 -15 0 1 0 0 0 0 0 5.26385e-09 -0 0 0 -0 0 0 0 0 0 0 0 0 0 0 0 0 0 1 13150.8 13150.8 13150.8 13150.8
-15 0 1 -15 0 1 0 0 0 0 0 1.0447e-08 -0 0 0 -0 0 0 0 0 0 0 0 0 0 0 0 0 0 1 13150.8 13150.8 13150.8 13150.8
-15 0 1 -15 0 1 0 0 0 0 0 1.55169e-08 -0 0 0 -0 0 0 0 0 0 0 0 0 0 0 0 0 0 1 13150.8 13150.8 13150.8 13150.8
-15 0 1 -15 0 1 0 0 0 0 0 1.33065e-08 -0 0 0 -0 0 0 0 0 0 0 0 0 0 0 0 0 0 1 13150.8 13150.8 13150.8 13150.8
-15 0 1 -15 0 1 0 0 0 0 0 8.94979e-09 -0 0 0 -0 0 0 0 0 0 0 0 0 0 0 0 0 0 1 13150.8 13150.8 13150.8 13150.8
-15 0 1 -15 0 1 0 0 0 0 0 8.94979e-09 -0 0 0 -0 0 0 0 0 0 0 0 0 0 0 0 0 0 1 13150.8 13150.8 13150.8 13150.8
-15 0 1 -15 0 1 0 0 0 0 0 6.67703e-09 -0 0 0 -0 0 0 0 0 0 0 0 0 0 0 0 0 0 1 13150.8 13150.8 13150.8 13150.8
-15 0 1 -15 0 1 0 0 0 0 0 2.3786e-09 -0 0 0 -0 0 0 0 0 0 0 0 0 0 0 0 0 0 1 13150.8 13150.8 13150.8 13150.8
-15 0 1 -15 0 1 0 0 0 0 0 2.3786e-09 -0 0 0 -0 0 0 0 0 0 0 0 0 0 0 0 0 0 1 13150.8 13150.8 13150.8 13150.8
-15 0 1 -15 0 1 0 0 0 0 0 7.45493e-09 -0 0 0 -0 0 0 0 0 0 0 0 0 0 0 0 0 0 1 13150.8 13150.8 13150.8 13150.8
-15 0 1 -15 0 1 0 0 0 0 0 1.2598e-08 -0 0 0 -0 0 0 0 0 0 0 0 0 0 0 0 0 0 1 13150.8 13150.8 13150.8 13150.8
-15 0 1 -15 0 1 0 0 0 0 0 1.03652e-08 -0 0 0 -0 0 0 0 0 0 0 0 0 0 0 0 0 0 1 13150.8 13150.8 13150.8 13150.8
-15 0 1 -15 0 1 0 0 0 0 0 8.12725e-09 -0 0 0 -0 0 0 0 0 0 0 0 0 0 0 0 0 0 1 13150.8 13150.8 13150.8 13150.8
-15 0 1 -15 0 1 0 0 0 0 0 6.05622e-09 -0 0 0 -0 0 0 0 0 0 0 0 0 0 0 0 0 0 1 13150.8 13150.8 13150.8 13150.8
-15 0 1 -15 0 1 0 0 0 0 0 3.81179e-09 -0 0 0 -0 0 0 0 0 0 0 0 0 0 0 0 0 0 1 13150.8 13150.8 13150.8 13150.8
-15 0 1 -15 0 1 0 0 0 0 0 1.6658e-09 -0 0 0 -0 0 0 0 0 0 0 0 0 0 0 0 0 0 1 13150.8 13150.8 13150.8 13150.8
-15 0 1 -15 0 1 0 0 0 0 0 6.84525e-09 -0 0 0 -0 0 0 0 0 0 0 0 0 0 0 0 0 0 1 13150.8 13150.8 13150.8 13150.8
-15 0 1 -15 0 1 0 0 0 0 0 1.19317e-08 -0 0 0 -0 0 0 0 0 0 0 0 0 0 0 0 0 0 1 13150.8 13150.8 13150.8 13150.8
-15 0 1 -15 0 1 0 0 0 0 0 7.59137e-09 -0 0 0 -0 0 0 0 0 0 0 0 0 0 0 0 0 0 1 13150.8 13150.8 13150.8 13150.8
-15 0 1 -15 0 1 0 0 0 0 0 7.59137e-09 -0 0 0 -0 0 0 0 0 0 0 0 0 0 0 0 0 0 1 13150.8 13150.8 13150.8 13150.8
-15 0 1 -15 0 1 0 0 0 0 0 5.37278e-09 -0 0 0 -0 0 0 0 0 0 0 0 0 0 0 0 0 0 1 13150.8 13150.8 13150.8 13150.8
-15 0 1 -15 0 1 0 0 0 0 0 3.16892e-09 -0 0 0 -0 0 0 0 0 0 0 0 0 0 0 0 0 0 1 13150.8 13150.8 13150.8 13150.8
-15 0 1 -15 0 1 0 0 0 0 0 8.28481e-09 -0 0 0 -0 0 0 0 0 0 0 0 0 0 0 0 0 0 1 13150.8 13150.8 13150.8 13150.8
-15 0 1 -15 0 1 0 0 0 0 0 1.33372e-08 -0 0 0 -0 0 0 0 0 0 0 0 0 0 0 0 0 0 1 13150.8 13150.8 13150.8 13150.8
-15 0 1 -15 0 1 0 0 0 0 0 1.10729e-08 -0 0 0 -0 0 0 0 0 0 0 0 0 0 0 0 0 0 1 13150.8 13150.8 13150.8 13150.8
-15 0 1 -15 0 1 0 0 0 0 0 8.92526e-09 -0 0 0 -0 0 0 0 0 0 0 0 0 0 0 0 0 0 1 13150.8 13150.8 13150.8 13150.8
-15 0 1 -15 0 1 0 0 0 0 0 6.76308e-09 -0 0 0 -0 0 0 0 0 0 0 0 0 0 0 0 0 0 1 13150.8 13150.8 13150.8 13150.8
-15 0 1 -15 0 1 0 0 0 0 0 4.55808e-09 -0 0 0 -0 0 0 0 0 0 0 0 0 0 0 0 0 0 1 13150.8 13150.8 13150.8 13150.8
-15 0 1 -15 0 1 0 0 0 0 0 2.38722e-09 -0 0 0 -0 0 0 0 0 0 0 0 0 0 0 0 0 0 1 13150.8 13150.8 13150.8 13150.8
-15 0 1 -15 0 1 0 0 0 0 0 7.59625e-09 -0 0 0 -0 0 0 0 0 0 0 0 0 0 0 0 0 0 1 13150.8 13150.8 13150.8 13150.8
-15 0 1 -15 0 1 0 0 0 0 0 1.08765e-08 -0 0 0 -0 0 0 0 0 0 0 0 0 0 0 0 0 0 1 13150.8 13150.8 13150.8 13150.8
-15 0 1 -15 0 1 0 0 0 0 0 1.08765e-08 -0 0 0 -0 0 0 0 0 0 0 0 0 0 0 0 0 0 1 13150.8 13150.8 13150.8 13150.8
-15 0 1 -15 0 1 0 0 0 0 0 8.4584e-09 -0 0 0 -0 0 0 0 0 0 0 0 0 0 0 0 0 0 1 13150.8 13150.8 13150.8 13150.8
-15 0 1 -15 0 1 0 0 0 0 0 6.48596e-09 -0 0 0 -0 0 0 0 0 0 0 0 0 0 0 0 0 0 1 13150.8 13150.8 13150.8 13150.8
-15 0 1 -15 0 1 0 0 0 0 0 4.28008e-09 -0 0 0 -0 0 0 0 0 0 0 0 0 0 0 0 0 0 1 13150.8 13150.8 13150.8 13150.8
-15 0 1 -15 0 1 0 0 0 0 0 2.08968e-09 -0 0 0 -0 0 0 0 0 0 0 0 0 0 0 0 0 0 1 13150.8 13150.8 13150.8 13150.8
-15 0 1 -15 0 1 0 0 0 0 0 7.16106e-09 -0 0 0 -0 0 0 0 0 0 0 0 0 0 0 0 0 0 1 13150.8 13150.8 13150.8 13150.8
-15 0 1 -15 0 1 0 0 0 0 0 1.24037e-08 -0 0 0 -0 0 0 0 0 0 0 0 0 0 0 0 0 0 1 13150.8 13150.8 13150.8 13150.8
-15 0 1 -15 0 1 0 0 0 0 0 1.02311e-08 -0 0 0 -0 0 0 0 0 0 0 0 0 0 0 0 0 0 1 13150.8 13150.8 13150.8 13150.8
-15 0 1 -15 0 1 0 0 0 0 0 8.04899e-09 -0 0 0 -0 0 0 0 0 0 0 0 0 0 0 0 0 0 1 13150.8 13150.8 13150.8 13150.8
-15 0 1 -15 0 1 0 0 0 0 0 5.85528e-09 -0 0 0 -0 0 0 0 0 0 0 0 0 0 0 0 0 0 1 13150.8 13150.8 13150.8 13150.8
-15 0 1 -15 0 1 0 0 0 0 0 3.72664e-09 -0 0 0 -0 0 0 0 0 0 0 0 0 0 0 0 0 0 1 13150.8 13150.8 13150.8 13150.8
-15 0 1 -15 0 1 0 0 0 0 0 1.45169e-09 -0 0 0 -0 0 0 0 0 0 0 0 0 0 0 0 0 0 1 13150.8 13150.8 13150.8 13150.8
-15 0 1 -15 0 1 0 0 0 0 0 6.32959e-09 -0 0 0 -0 0 0 0 0 0 0 0 0 0 0 0 0 0 1 13150.8 13150.8 13150.8 13150.8
-15 0 1 -15 0 1 0 0 0 0 0 9.25556e-09 -0 0 0 -0 0 0 0 0 0 0 0 0 0 0 0 0 0 1 13150.8 13150.8 13150.8 13150.8
-15 0 1 -15 0 1 0 0 0 0 0 9.25556e-09 -0 0 0 -0 0 0 0 0 0 0 0 0 0 0 0 0 0 1 13150.8 13150.8 13150.8 13150.8
-15 0 1 -15 0 1 0 0 0 0 0 4.8819e-09 -0 0 0 -0 0 0 0 0 0 0 0 0 0 0 0 0 0 1 13150.8 13150.8 13150.8 13150.8
-15 0 1 -15 0 1 0 0 0 0 0 4.8819e-09 -0 0 0 -0 0 0 0 0 0 0 0 0 0 0 0 0 0 1 13150.8 13150.8 13150.8 13150.8
-15 0 1 -15 0 1 0 0 0 0 0 2.62372e-09 -0 0 0 -0 0 0 0 0 0 0 0 0 0 0 0 0 0 1 13150.8 13150.8 13150.8 13150.8
-15 0 1 -15 0 1 0 0 0 0 0 4.51377e-10 -0 0 0 -0 0 0 0 0 0 0 0 0 0 0 0 0 0 1 13150.8 13150.8 13150.8 13150.8
-15 0 1 -15 0 1 0 0 0 0 0 5.60827e-09 -0 0 0 -0 0 0 0 0 0 0 0 0 0 0 0 0 0 1 13150.8 13150.8 13150.8 13150.8
-15 0 1 -15 0 1 0 0 0 0 0 1.05519e-08 -0 0 0 -0 0 0 0 0 0 0 0 0 0 0 0 0 0 1 13150.8 13150.8 13150.8 13150.8
-15 0 1 -15 0 1 0 0 0 0 0 8.37603e-09 -0 0 0 -0 0 0 0 0 0 0 0 0 0 0 0 0 0 1 13150.8 13150.8 13150.8 13150.8
-15 0 1 -15 0 1 0 0 0 0 0 6.18228e-09 -0 0 0 -0 0 0 0 0 0 0 0 0 0 0 0 0 0 1 13150.8 13150.8 13150.8 13150.8
-15 0 1 -15 0 1 0 0 0 0 0 3.98512e-09 -0 0 0 -0 0 0 0 0 0 0 0 0 0 0 0 0 0 1 13150.8 13150.8 13150.8 13150.8
-15 0 1 -15 0 1 0 0 0 0 0 1.79074e-09 -0 0 0 -0 0 0 0 0 0 0 0 0 0 0 0 0 0 1 13150.8 13150.8 13150.8 13150.8
-15 0 1 -15 0 1 0 0 0 0 0 -4.00917e-10 -0 0 0 -0 0 0 0 0 0 0 0 0 0 0 0 0 0 1 13150.8 13150.8 13150.8 13150.8
-15 0 1 -15 0 1 0 0 0 0 0 9.76087e-09 -0 0 0 -0 0 0 0 0 0 0 0 0 0 0 0 0 0 1 13150.8 13150.8 13150.8 13150.8
-15 0 1 -15 0 1 0 0 0 0 0 7.57906e-09 -0 0 0 -0 0 0 0 0 0 0 0 0 0 0 0 0 0 1 13150.8 13150.8 13150.8 13150.8
-15 0 1 -15 0 1 0 0 0 0 0 7.57906e-09 -0 0 0 -0 0 0 0 0 0 0 0 0 0 0 0 0 0 1 13150.8 13150.8 13150.8 13150.8
-15 0 1 -15 0 1 0 0 0 0 0 3.18727e-09 -0 0 0 -0 0 0 0 0 0 0 0 0 0 0 0 0 0 1 13150.8 13150.8 13150.8 13150.8
-15 0 1 -15 0 1 0 0 0 0 0 3.18727e-09 -0 0 0 -0 0 0 0 0 0 0 0 0 0 0 0 0 0 1 13150.8 13150.8 13150.8 13150.8
-15 0 1 -15 0 1 0 0 0 0 0 9.89037e-10 -0 0 0 -0 0 0 0 0 0 0 0 0 0 0 0 0 0 1 13150.8 13150.8 13150.8 13150.8
-15 0 1 -15 0 1 0 0 0 0 0 -1.22729e-09 -0 0 0 -0 0 0 0 0 0 0 0 0 0 0 0 0 0 1 13150.8 13150.8 13150.8 13150.8
-15 0 1 -15 0 1 0 0 0 0 0 8.84647e-09 -0 0 0 -0 0 0 0 0 0 0 0 0 0 0 0 0 0 1 13150.8 13150.8 13150.8 13150.8
-15 0 1 -15 0 1 0 0 0 0 0 8.84647e-09 -0 0 0 -0 0 0 0 0 0 0 0 0 0 0 0 0 0 1 13150.8 13150.8 13150.8 13150.8
-15 0 1 -15 0 1 0 0 0 0 0 6.59561e-09 -0 0 0 -0 0 0 0 0 0 0 0 0 0 0 0 0 0 1 13150.8 13150.8 13150.8 13150.8
-15 0 1 -15 0 1 0 0 0 0 0 4.44811e-09 -0 0 0 -0 0 0 0 0 0 0 0 0 0 0 0 0 0 1 13150.8 13150.8 13150.8 13150.8
-15 0 1 -15 0 1 0 0 0 0 0 2.20942e-09 -0 0 0 -0 0 0 0 0 0 0 0 0 0 0 0 0 0 1 13150.8 13150.8 13150.8 13150.8
-15 0 1 -15 0 1 0 0 0 0 0 5.17345e-09 -0 0 0 -0 0 0 0 0 0 0 0 0 0 0 0 0 0 1 13150.8 13150.8 13150.8 13150.8
-15 0 1 -15 0 1 0 0 0 0 0 2.95924e-09 -0 0 0 -0 0 0 0 0 0 0 0 0 0 0 0 0 0 1 13150.8 13150.8 13150.8 13150.8
-15 0 1 -15 0 1 0 0 0 0 0 2.95924e-09 -0 0 0 -0 0 0 0 0 0 0 0 0 0 0 0 0 0 1 13150.8 13150.8 13150.8 13150.8
-15 0 1 -15 0 1 0 0 0 0 0 7.75016e-10 -0 0 0 -0 0 0 0 0 0 0 0 0 0 0 0 0 0 1 13150.8 13150.8 13150.8 13150.8
-15 0 1 -15 0 1 0 0 0 0 0 -1.43374e-09 -0 0 0 -0 0 0 0 0 0 0 0 0 0 0 0 0 0 1 13150.8 13150.8 13150.8 13150.8
-15 0 1 -15 0 1 0 0 0 0 0 3.57758e-09 -0 0 0 -0 0 0 0 0 0 0 0 0 0 0 0 0 0 1 13150.8 13150.8 13150.8 13150.8
-15 0 1 -15 0 1 0 0 0 0 0 8.68503e-09 -0 0 0 -0 0 0 0 0 0 0 0 0 0 0 0 0 0 1 13150.8 13150.8 13150.8 13150.8
-15 0 1 -15 0 1 0 0 0 0 0 6.47358e-09 -0 0 0 -0 0 0 0 0 0 0 0 0 0 0 0 0 0 1 13150.8 13150.8 13150.8 13150.8
-15 0 1 -15 0 1 0 0 0 0 0 2.12756e-09 -0 0 0 -0 0 0 0 0 0 0 0 0 0 0 0 0 0 1 13150.8 13150.8 13150.8 13150.8
-15 0 1 -15 0 1 0 0 0 0 0 2.12756e-09 -0 0 0 -0 0 0 0 0 0 0 0 0 0 0 0 0 0 1 13150.8 13150.8 13150.8 13150.8
-15 0 1 -15 0 1 0 0 0 0 0 1.2376e-08 -0 0 0 -0 0 0 0 0 0 0 0 0 0 0 0 0 0 1 13150.8 13150.8 13150.8 13150.8
-15 0 1 -15 0 1 0 0 0 0 0 1.2376e-08 -0 0 0 -0 0 0 0 0 0 0 0 0 0 0 0 0 0 1 13150.8 13150.8 13150.8 13150.8
-15 0 1 -15 0 1 0 0 0 0 0 1.01941e-08 -0 0 0 -0 0 0 0 0 0 0 0 0 0 0 0 0 0 1 13150.8 13150.8 13150.8 13150.8
-15 0 1 -15 0 1 0 0 0 0 0 7.9971e-09 -0 0 0 -0 0 0 0 0 0 0 0 0 0 0 0 0 0 1 13150.8 13150.8 13150.8 13150.8
-15 0 1 -15 0 1 0 0 0 0 0 5.76188e-09 -0 0 0 -0 0 0 0 0 0 0 0 0 0 0 0 0 0 1 13150.8 13150.8 13150.8 13150.8
-15 0 1 -15 0 1 0 0 0 0 0 3.59855e-09 -0 0 0 -0 0 0 0 0 0 0 0 0 0 0 0 0 0 1 13150.8 13150.8 13150.8 13150.8
-15 0 1 -15 0 1 0 0 0 0 0 1.43308e-09 -0 0 0 -0 0 0 0 0 0 0 0 0 0 0 0 0 0 1 13150.8 13150.8 13150.8 13150.8
-15 0 1 -15 0 1 0 0 0 0 0 -7.98183e-10 -0 0 0 -0 0 0 0 0 0 0 0 0 0 0 0 0 0 1 13150.8 13150.8 13150.8 13150.8
-15 0 1 -15 0 1 0 0 0 0 0 4.2705e-09 -0 0 0 -0 0 0 0 0 0 0 0 0 0 0 0 0 0 1 13150.8 13150.8 13150.8 13150.8
-15 0 1 -15 0 1 0 0 0 0 0 1.43486e-08 -0 0 0 -0 0 0 0 0 0 0 0 0 0 0 0 0 0 1 13150.8 13150.8 13150.8 13150.8
-15 0 1 -15 0 1 0 0 0 0 0 1.43486e-08 -0 0 0 -0 0 0 0 0 0 0 0 0 0 0 0 0 0 1 13150.8 13150.8 13150.8 13150.8
-15 0 1 -15 0 1 0 0 0 0 0 1.20841e-08 -0 0 0 -0 0 0 0 0 0 0 0 0 0 0 0 0 0 1 13150.8 13150.8 13150.8 13150.8
-15 0 1 -15 0 1 0 0 0 0 0 9.92474e-09 -0 0 0 -0 0 0 0 0 0 0 0 0 0 0 0 0 0 1 13150.8 13150.8 13150.8 13150.8
-15 0 1 -15 0 1 0 0 0 0 0 7.76412e-09 -0 0 0 -0 0 0 0 0 0 0 0 0 0 0 0 0 0 1 13150.8 13150.8 13150.8 13150.8
-15 0 1 -15 0 1 0 0 0 0 0 5.58116e-09 -0 0 0 -0 0 0 0 0 0 0 0 0 0 0 0 0 0 1 13150.8 13150.8 13150.8 13150.8
-15 0 1 -15 0 1 0 0 0 0 0 1.18994e-09 -0 0 0 -0 0 0 0 0 0 0 0 0 0 0 0 0 0 1 13150.8 13150.8 13150.8 13150.8
-15 0 1 -15 0 1 0 0 0 0 0 1.18994e-09 -0 0 0 -0 0 0 0 0 0 0 0 0 0 0 0 0 0 1 13150.8 13150.8 13150.8 13150.8
-15 0 1 -15 0 1 0 0 0 0 0 1.13529e-08 -0 0 0 -0 0 0 0 0 0 0 0 0 0 0 0 0 0 1 13150.8 13150.8 13150.8 13150.8
-15 0 1 -15 0 1 0 0 0 0 0 1.13529e-08 -0 0 0 -0 0 0 0 0 0 0 0 0 0 0 0 0 0 1 13150.8 13150.8 13150.8 13150.8
-15 0 1 -15 0 1 0 0 0 0 0 9.14403e-09 -0 0 0 -0 0 0 0 0 0 0 0 0 0 0 0 0 0 1 13150.8 13150.8 13150.8 13150.8
-15 0 1 -15 0 1 0 0 0 0 0 6.96735e-09 -0 0 0 -0 0 0 0 0 0 0 0 0 0 0 0 0 0 1 13150.8 13150.8 13150.8 13150.8
-15 0 1 -15 0 1 0 0 0 0 0 2.59611e-09 -0 0 0 -0 0 0 0 0 0 0 0 0 0 0 0 0 0 1 13150.8 13150.8 13150.8 13150.8
-15 0 1 -15 0 1 0 0 0 0 0 3.79065e-10 -0 0 0 -0 0 0 0 0 0 0 0 0 0 0 0 0 0 1 13150.8 13150.8 13150.8 13150.8
-15 0 1 -15 0 1 0 0 0 0 0 5.41586e-09 -0 0 0 -0 0 0 0 0 0 0 0 0 0 0 0 0 0 1 13150.8 13150.8 13150.8 13150.8
-15 0 1 -15 0 1 0 0 0 0 0 5.41586e-09 -0 0 0 -0 0 0 0 0 0 0 0 0 0 0 0 0 0 1 13150.8 13150.8 13150.8 13150.8
-15 0 1 -15 0 1 0 0 0 0 0 3.22457e-09 -0 0 0 -0 0 0 0 0 0 0 0 0 0 0 0 0 0 1 13150.8 13150.8 13150.8 13150.8
-15 0 1 -15 0 1 0 0 0 0 0 1.02365e-09 -0 0 0 -0 0 0 0 0 0 0 0 0 0 0 0 0 0 1 13150.8 13150.8 13150.8 13150.8
-15 0 1 -15 0 1 0 0 0 0 0 -1.17887e-09 -0 0 0 -0 0 0 0 0 0 0 0 0 0 0 0 0 0 1 13150.8 13150.8 13150.8 13150.8
-15 0 1 -15 0 1 0 0 0 0 0 3.90013e-09 -0 0 0 -0 0 0 0 0 0 0 0 0 0 0 0 0 0 1 13150.8 13150.8 13150.8 13150.8
-15 0 1 -15 0 1 0 0 0 0 0 6.84633e-09 -0 0 0 -0 0 0 0 0 0 0 0 0 0 0 0 0 0 1 13150.8 13150.8 13150.8 13150.8
-15 0 1 -15 0 1 0 0 0 0 0 4.64769e-09 -0 0 0 -0 0 0 0 0 0 0 0 0 0 0 0 0 0 1 13150.8 13150.8 13150.8 13150.8
-15 0 1 -15 0 1 0 0 0 0 0 4.64769e-09 -0 0 0 -0 0 0 0 0 0 0 0 0 0 0 0 0 0 1 13150.8 13150.8 13150.8 13150.8
-15 0 1 -15 0 1 0 0 0 0 0 2.48024e-09 -0 0 0 -0 0 0 0 0 0 0 0 0 0 0 0 0 0 1 13150.8 13150.8 13150.8 13150.8
-15 0 1 -15 0 1 0 0 0 0 0 -5.38518e-10 -0 0 0 -0 0 0 0 0 0 0 0 0 0 0 0 0 0 1 13150.8 13150.8 13150.8 13150.8
-15 0 1 -15 0 1 0 0 0 0 0 -1.99359e-09 -0 0 0 -0 0 0 0 0 0 0 0 0 0 0 0 0 0 1 13150.8 13150.8 13150.8 13150.8
-15 0 1 -15 0 1 0 0 0 0 0 3.01112e-09 -0 0 0 -0 0 0 0 0 0 0 0 0 0 0 0 0 0 1 13150.8 13150.8 13150.8 13150.8
-15 0 1 -15 0 1 0 0 0 0 0 8.01325e-09 -0 0 0 -0 0 0 0 0 0 0 0 0 0 0 0 0 0 1 13150.8 13150.8 13150.8 13150.8
-15 0 1 -15 0 1 0 0 0 0 0 3.62116e-09 -0 0 0 -0 0 0 0 0 0 0 0 0 0 0 0 0 0 1 13150.8 13150.8 13150.8 13150.8
-15 0 1 -15 0 1 0 0 0 0 0 3.62116e-09 -0 0 0 -0 0 0 0 0 0 0 0 0 0 0 0 0 0 1 13150.8 13150.8 13150.8 13150.8
-15 0 1 -15 0 1 0 0 0 0 0 1.44604e-09 -0 0 0 -0 0 0 0 0 0 0 0 0 0 0 0 0 0 1 13150.8 13150.8 13150.8 13150.8
-15 0 1 -15 0 1 0 0 0 0 0 -2.9283e-09 -0 0 0 -0 0 0 0 0 0 0 0 0 0 0 0 0 0 1 13150.8 13150.8 13150.8 13150.8
-15 0 1 -15 0 1 0 0 0 0 0 2.16127e-09 -0 0 0 -0 0 0 0 0 0 0 0 0 0 0 0 0 0 1 13150.8 13150.8 13150.8 13150.8
-15 0 1 -15 0 1 0 0 0 0 0 -5.69486e-11 -0 0 0 -0 0 0 0 0 0 0 0 0 0 0 0 0 0 1 13150.8 13150.8 13150.8 13150.8
-15 0 1 -15 0 1 0 0 0 0 0 -5.69486e-11 -0 0 0 -0 0 0 0 0 0 0 0 0 0 0 0 0 0 1 13150.8 13150.8 13150.8 13150.8
-15 0 1 -15 0 1 0 0 0 0 0 5.09179e-09 -0 0 0 -0 0 0 0 0 0 0 0 0 0 0 0 0 0 1 13150.8 13150.8 13150.8 13150.8
-15 0 1 -15 0 1 0 0 0 0 0 1.00758e-08 -0 0 0 -0 0 0 0 0 0 0 0 0 0 0 0 0 0 1 13150.8 13150.8 13150.8 13150.8
-15 0 1 -15 0 1 0 0 0 0 0 7.89096e-09 -0 0 0 -0 0 0 0 0 0 0 0 0 0 0 0 0 0 1 13150.8 13150.8 13150.8 13150.8
-15 0 1 -15 0 1 0 0 0 0 0 5.63485e-09 -0 0 0 -0 0 0 0 0 0 0 0 0 0 0 0 0 0 1 13150.8 13150.8 13150.8 13150.8
-15 0 1 -15 0 1 0 0 0 0 0 1.32475e-09 -0 0 0 -0 0 0 0 0 0 0 0 0 0 0 0 0 0 1 13150.8 13150.8 13150.8 13150.8
-15 0 1 -15 0 1 0 0 0 0 0 1.32475e-09 -0 0 0 -0 0 0 0 0 0 0 0 0 0 0 0 0 0 1 13150.8 13150.8 13150.8 13150.8
-15 0 1 -15 0 1 0 0 0 0 0 -8.92454e-10 -0 0 0 -0 0 0 0 0 0 0 0 0 0 0 0 0 0 1 13150.8 13150.8 13150.8 13150.8
-15 0 1 -15 0 1 0 0 0 0 0 -3.69419e-09 -0 0 0 -0 0 0 0 0 0 0 0 0 0 0 0 0 0 1 13150.8 13150.8 13150.8 13150.8
-15 0 1 -15 0 1 0 0 0 0 0 -2.85799e-11 -0 0 0 -0 0 0 0 0 0 0 0 0 0 0 0 0 0 1 13150.8 13150.8 13150.8 13150.8
-15 0 1 -15 0 1 0 0 0 0 0 5.09528e-09 -0 0 0 -0 0 0 0 0 0 0 0 0 0 0 0 0 0 1 13150.8 13150.8 13150.8 13150.8
-15 0 1 -15 0 1 0 0 0 0 0 8.09049e-09 -0 0 0 -0 0 0 0 0 0 0 0 0 0 0 0 0 0 1 13150.8 13150.8 13150.8 13150.8
-15 0 1 -15 0 1 0 0 0 0 0 8.09049e-09 -0 0 0 -0 0 0 0 0 0 0 0 0 0 0 0 0 0 1 13150.8 13150.8 13150.8 13150.8
-15 0 1 -15 0 1 0 0 0 0 0 5.89789e-09 -0 0 0 -0 0 0 0 0 0 0 0 0 0 0 0 0 0 1 13150.8 13150.8 13150.8 13150.8
-15 0 1 -15 0 1 0 0 0 0 0 1.52019e-09 -0 0 0 -0 0 0 0 0 0 0 0 0 0 0 0 0 0 1 13150.8 13150.8 13150.8 13150.8
-15 0 1 -15 0 1 0 0 0 0 0 -6.63306e-10 -0 0 0 -0 0 0 0 0 0 0 0 0 0 0 0 0 0 1 13150.8 13150.8 13150.8 13150.8
-15 0 1 -15 0 1 0 0 0 0 0 -6.63306e-10 -0 0 0 -0 0 0 0 0 0 0 0 0 0 0 0 0 0 1 13150.8 13150.8 13150.8 13150.8
-15 0 1 -15 0 1 0 0 0 0 0 4.5517e-09 -0 0 0 -0 0 0 0 0 0 0 0 0 0 0 0 0 0 1 13150.8 13150.8 13150.8 13150.8
-15 0 1 -15 0 1 0 0 0 0 0 9.53198e-09 -0 0 0 -0 0 0 0 0 0 0 0 0 0 0 0 0 0 1 13150.8 13150.8 13150.8 13150.8
-15 0 1 -15 0 1 0 0 0 0 0 7.33551e-09 -0 0 0 -0 0 0 0 0 0 0 0 0 0 0 0 0 0 1 13150.8 13150.8 13150.8 13150.8
-15 0 1 -15 0 1 0 0 0 0 0 5.1277e-09 -0 0 0 -0 0 0 0 0 0 0 0 0 0 0 0 0 0 1 13150.8 13150.8 13150.8 13150.8
-15 0 1 -15 0 1 0 0 0 0 0 2.93196e-09 -0 0 0 -0 0 0 0 0 0 0 0 0 0 0 0 0 0 1 13150.8 13150.8 13150.8 13150.8
-15 0 1 -15 0 1 0 0 0 0 0 7.58736e-10 -0 0 0 -0 0 0 0 0 0 0 0 0 0 0 0 0 0 1 13150.8 13150.8 13150.8 13150.8
-15 0 1 -15 0 1 0 0 0 0 0 -1.43946e-09 -0 0 0 -0 0 0 0 0 0 0 0 0 0 0 0 0 0 1 13150.8 13150.8 13150.8 13150.8
-15 0 1 -15 0 1 0 0 0 0 0 -3.60876e-09 -0 0 0 -0 0 0 0 0 0 0 0 0 0 0 0 0 0 1 13150.8 13150.8 13150.8 13150.8
-15 0 1 -15 0 1 0 0 0 0 0 1.51308e-09 -0 0 0 -0 0 0 0 0 0 0 0 0 0 0 0 0 0 1 13150.8 13150.8 13150.8 13150.8
-15 0 1 -15 0 1 0 0 0 0 0 6.59612e-09 -0 0 0 -0 0 0 0 0 0 0 0 0 0 0 0 0 0 1 13150.8 13150.8 13150.8 13150.8
-15 0 1 -15 0 1 0 0 0 0 0 4.40743e-09 -0 0 0 -0 0 0 0 0 0 0 0 0 0 0 0 0 0 1 13150.8 13150.8 13150.8 13150.8
-15 0 1 -15 0 1 0 0 0 0 0 2.16876e-09 -0 0 0 -0 0 0 0 0 0 0 0 0 0 0 0 0 0 1 13150.8 13150.8 13150.8 13150.8
-15 0 1 -15 0 1 0 0 0 0 0 -2.16305e-09 -0 0 0 -0 0 0 0 0 0 0 0 0 0 0 0 0 0 1 13150.8 13150.8 13150.8 13150.8
-15 0 1 -15 0 1 0 0 0 0 0 -2.16305e-09 -0 0 0 -0 0 0 0 0 0 0 0 0 0 0 0 0 0 1 13150.8 13150.8 13150.8 13150.8
-15 0 1 -15 0 1 0 0 0 0 0 2.91383e-09 -0 0 0 -0 0 0 0 0 0 0 0 0 0 0 0 0 0 1 13150.8 13150.8 13150.8 13150.8
-15 0 1 -15 0 1 0 0 0 0 0 5.82826e-09 -0 0 0 -0 0 0 0 0 0 0 0 0 0 0 0 0 0 1 13150.8 13150.8 13150.8 13150.8
-15 0 1 -15 0 1 0 0 0 0 0 5.82826e-09 -0 0 0 -0 0 0 0 0 0 0 0 0 0 0 0 0 0 1 13150.8 13150.8 13150.8 13150.8
-15 0 1 -15 0 1 0 0 0 0 0 3.62386e-09 -0 0 0 -0 0 0 0 0 0 0 0 0 0 0 0 0 0 1 13150.8 13150.8 13150.8 13150.8
-15 0 1 -15 0 1 0 0 0 0 0 -7.38667e-10 -0 0 0 -0 0 0 0 0 0 0 0 0 0 0 0 0 0 1 13150.8 13150.8 13150.8 13150.8
-15 0 1 -15 0 1 0 0 0 0 0 -7.38667e-10 -0 0 0 -0 0 0 0 0 0 0 0 0 0 0 0 0 0 1 13150.8 13150.8 13150.8 13150.8
-15 0 1 -15 0 1 0 0 0 0 0 9.44823e-09 -0 0 0 -0 0 0 0 0 0 0 0 0 0 0 0 0 0 1 13150.8 13150.8 13150.8 13150.8
-15 0 1 -15 0 1 0 0 0 0 0 9.44823e-09 -0 0 0 -0 0 0 0 0 0 0 0 0 0 0 0 0 0 1 13150.8 13150.8 13150.8 13150.8
-15 0 1 -15 0 1 0 0 0 0 0 5.05888e-09 -0 0 0 -0 0 0 0 0 0 0 0 0 0 0 0 0 0 1 13150.8 13150.8 13150.8 13150.8
-15 0 1 -15 0 1 0 0 0 0 0 5.05888e-09 -0 0 0 -0 0 0 0 0 0 0 0 0 0 0 0 0 0 1 13150.8 13150.8 13150.8 13150.8
-15 0 1 -15 0 1 0 0 0 0 0 6.70119e-10 -0 0 0 -0 0 0 0 0 0 0 0 0 0 0 0 0 0 1 13150.8 13150.8 13150.8 13150.8
-15 0 1 -15 0 1 0 0 0 0 0 6.70119e-10 -0 0 0 -0 0 0 0 0 0 0 0 0 0 0 0 0 0 1 13150.8 13150.8 13150.8 13150.8
-15 0 1 -15 0 1 0 0 0 0 0 -1.51974e-09 -0 0 0 -0 0 0 0 0 0 0 0 0 0 0 0 0 0 1 13150.8 13150.8 13150.8 13150.8
-15 0 1 -15 0 1 0 0 0 0 0 -3.7385e-09 -0 0 0 -0 0 0 0 0 0 0 0 0 0 0 0 0 0 1 13150.8 13150.8 13150.8 13150.8
-15 0 1 -15 0 1 0 0 0 0 0 1.28262e-09 -0 0 0 -0 0 0 0 0 0 0 0 0 0 0 0 0 0 1 13150.8 13150.8 13150.8 13150.8
-15 0 1 -15 0 1 0 0 0 0 0 6.39798e-09 -0 0 0 -0 0 0 0 0 0 0 0 0 0 0 0 0 0 1 13150.8 13150.8 13150.8 13150.8
-15 0 1 -15 0 1 0 0 0 0 0 4.13845e-09 -0 0 0 -0 0 0 0 0 0 0 0 0 0 0 0 0 0 1 13150.8 13150.8 13150.8 13150.8
-15 0 1 -15 0 1 0 0 0 0 0 -1.47522e-10 -0 0 0 -0 0 0 0 0 0 0 0 0 0 0 0 0 0 1 13150.8 13150.8 13150.8 13150.8
-15 0 1 -15 0 1 0 0 0 0 0 -1.47522e-10 -0 0 0 -0 0 0 0 0 0 0 0 0 0 0 0 0 0 1 13150.8 13150.8 13150.8 13150.8
-15 0 1 -15 0 1 0 0 0 0 0 -2.43928e-09 -0 0 0 -0 0 0 0 0 0 0 0 0 0 0 0 0 0 1 13150.8 13150.8 13150.8 13150.8
-15 0 1 -15 0 1 0 0 0 0 0 4.34711e-10 -0 0 0 -0 0 0 0 0 0 0 0 0 0 0 0 0 0 1 13150.8 13150.8 13150.8 13150.8
-15 0 1 -15 0 1 0 0 0 0 0 4.34711e-10 -0 0 0 -0 0 0 0 0 0 0 0 0 0 0 0 0 0 1 13150.8 13150.8 13150.8 13150.8
-15 0 1 -15 0 1 0 0 0 0 0 -1.79682e-09 -0 0 0 -0 0 0 0 0 0 0 0 0 0 0 0 0 0 1 13150.8 13150.8 13150.8 13150.8
-15 0 1 -15 0 1 0 0 0 0 0 -3.98713e-09 -0 0 0 -0 0 0 0 0 0 0 0 0 0 0 0 0 0 1 13150.8 13150.8 13150.8 13150.8
-15 0 1 -15 0 1 0 0 0 0 0 6.16839e-09 -0 0 0 -0 0 0 0 0 0 0 0 0 0 0 0 0 0 1 13150.8 13150.8 13150.8 13150.8
-15 0 1 -15 0 1 0 0 0 0 0 6.16839e-09 -0 0 0 -0 0 0 0 0 0 0 0 0 0 0 0 0 0 1 13150.8 13150.8 13150.8 13150.8
-15 0 1 -15 0 1 0 0 0 0 0 3.96383e-09 -0 0 0 -0 0 0 0 0 0 0 0 0 0 0 0 0 0 1 13150.8 13150.8 13150.8 13150.8
-15 0 1 -15 0 1 0 0 0 0 0 1.76676e-09 -0 0 0 -0 0 0 0 0 0 0 0 0 0 0 0 0 0 1 13150.8 13150.8 13150.8 13150.8
-15 0 1 -15 0 1 0 0 0 0 0 -3.50152e-10 -0 0 0 -0 0 0 0 0 0 0 0 0 0 0 0 0 0 1 13150.8 13150.8 13150.8 13150.8
-15 0 1 -15 0 1 0 0 0 0 0 -2.5438e-09 -0 0 0 -0 0 0 0 0 0 0 0 0 0 0 0 0 0 1 13150.8 13150.8 13150.8 13150.8
-15 0 1 -15 0 1 0 0 0 0 0 -4.82082e-09 -0 0 0 -0 0 0 0 0 0 0 0 0 0 0 0 0 0 1 13150.8 13150.8 13150.8 13150.8
-15 0 1 -15 0 1 0 0 0 0 0 2.22844e-10 -0 0 0 -0 0 0 0 0 0 0 0 0 0 0 0 0 0 1 13150.8 13150.8 13150.8 13150.8
-15 0 1 -15 0 1 0 0 0 0 0 5.27244e-09 -0 0 0 -0 0 0 0 0 0 0 0 0 0 0 0 0 0 1 13150.8 13150.8 13150.8 13150.8
-15 0 1 -15 0 1 0 0 0 0 0 3.0198e-09 -0 0 0 -0 0 0 0 0 0 0 0 0 0 0 0 0 0 1 13150.8 13150.8 13150.8 13150.8
-15 0 1 -15 0 1 0 0 0 0 0 8.87752e-10 -0 0 0 -0 0 0 0 0 0 0 0 0 0 0 0 0 0 1 13150.8 13150.8 13150.8 13150.8
-15 0 1 -15 0 1 0 0 0 0 0 -1.30336e-09 -0 0 0 -0 0 0 0 0 0 0 0 0 0 0 0 0 0 1 13150.8 13150.8 13150.8 13150.8
-15 0 1 -15 0 1 0 0 0 0 0 -3.49591e-09 -0 0 0 -0 0 0 0 0 0 0 0 0 0 0 0 0 0 1 13150.8 13150.8 13150.8 13150.8
-15 0 1 -15 0 1 0 0 0 0 0 1.60886e-09 -0 0 0 -0 0 0 0 0 0 0 0 0 0 0 0 0 0 1 13150.8 13150.8 13150.8 13150.8
-15 0 1 -15 0 1 0 0 0 0 0 6.5903e-09 -0 0 0 -0 0 0 0 0 0 0 0 0 0 0 0 0 0 1 13150.8 13150.8 13150.8 13150.8
-15 0 1 -15 0 1 0 0 0 0 0 2.20772e-09 -0 0 0 -0 0 0 0 0 0 0 0 0 0 0 0 0 0 1 13150.8 13150.8 13150.8 13150.8
-15 0 1 -15 0 1 0 0 0 0 0 2.20772e-09 -0 0 0 -0 0 0 0 0 0 0 0 0 0 0 0 0 0 1 13150.8 13150.8 13150.8 13150.8
-15 0 1 -15 0 1 0 0 0 0 0 -1.78851e-11 -0 0 0 -0 0 0 0 0 0 0 0 0 0 0 0 0 0 1 13150.8 13150.8 13150.8 13150.8
-15 0 1 -15 0 1 0 0 0 0 0 -2.16331e-09 -0 0 0 -0 0 0 0 0 0 0 0 0 0 0 0 0 0 1 13150.8 13150.8 13150.8 13150.8
-15 0 1 -15 0 1 0 0 0 0 0 -4.36074e-09 -0 0 0 -0 0 0 0 0 0 0 0 0 0 0 0 0 0 1 13150.8 13150.8 13150.8 13150.8
-15 0 1 -15 0 1 0 0 0 0 0 7.86596e-10 -0 0 0 -0 0 0 0 0 0 0 0 0 0 0 0 0 0 1 13150.8 13150.8 13150.8 13150.8
-15 0 1 -15 0 1 0 0 0 0 0 5.85441e-09 -0 0 0 -0 0 0 0 0 0 0 0 0 0 0 0 0 0 1 13150.8 13150.8 13150.8 13150.8
-15 0 1 -15 0 1 0 0 0 0 0 3.48938e-09 -0 0 0 -0 0 0 0 0 0 0 0 0 0 0 0 0 0 1 13150.8 13150.8 13150.8 13150.8
-15 0 1 -15 0 1 0 0 0 0 0 1.49883e-09 -0 0 0 -0 0 0 0 0 0 0 0 0 0 0 0 0 0 1 13150.8 13150.8 13150.8 13150.8
-15 0 1 -15 0 1 0 0 0 0 0 -7.35909e-10 -0 0 0 -0 0 0 0 0 0 0 0 0 0 0 0 0 0 1 13150.8 13150.8 13150.8 13150.8
-15 0 1 -15 0 1 0 0 0 0 0 -2.90258e-09 -0 0 0 -0 0 0 0 0 0 0 0 0 0 0 0 0 0 1 13150.8 13150.8 13150.8 13150.8
-15 0 1 -15 0 1 0 0 0 0 0 -5.0847e-09 -0 0 0 -0 0 0 0 0 0 0 0 0 0 0 0 0 0 1 13150.8 13150.8 13150.8 13150.8
-15 0 1 -15 0 1 0 0 0 0 0 5.92116e-11 -0 0 0 -0 0 0 0 0 0 0 0 0 0 0 0 0 0 1 13150.8 13150.8 13150.8 13150.8
-15 0 1 -15 0 1 0 0 0 0 0 5.14253e-09 -0 0 0 -0 0 0 0 0 0 0 0 0 0 0 0 0 0 1 13150.8 13150.8 13150.8 13150.8
-15 0 1 -15 0 1 0 0 0 0 0 2.94511e-09 -0 0 0 -0 0 0 0 0 0 0 0 0 0 0 0 0 0 1 13150.8 13150.8 13150.8 13150.8
-15 0 1 -15 0 1 0 0 0 0 0 7.71039e-10 -0 0 0 -0 0 0 0 0 0 0 0 0 0 0 0 0 0 1 13150.8 13150.8 13150.8 13150.8
-15 0 1 -15 0 1 0 0 0 0 0 -1.46757e-09 -0 0 0 -0 0 0 0 0 0 0 0 0 0 0 0 0 0 1 13150.8 13150.8 13150.8 13150.8
-15 0 1 -15 0 1 0 0 0 0 0 -3.59176e-09 -0 0 0 -0 0 0 0 0 0 0 0 0 0 0 0 0 0 1 13150.8 13150.8 13150.8 13150.8
-15 0 1 -15 0 1 0 0 0 0 0 1.63557e-09 -0 0 0 -0 0 0 0 0 0 0 0 0 0 0 0 0 0 1 13150.8 13150.8 13150.8 13150.8
-15 0 1 -15 0 1 0 0 0 0 0 6.62933e-09 -0 0 0 -0 0 0 0 0 0 0 0 0 0 0 0 0 0 1 13150.8 13150.8 13150.8 13150.8
-15 0 1 -15 0 1 0 0 0 0 0 4.45061e-09 -0 0 0 -0 0 0 0 0 0 0 0 0 0 0 0 0 0 1 13150.8 13150.8 13150.8 13150.8
-15 0 1 -15 0 1 0 0 0 0 0 2.22346e-09 -0 0 0 -0 0 0 0 0 0 0 0 0 0 0 0 0 0 1 13150.8 13150.8 13150.8 13150.8
-15 0 1 -15 0 1 0 0 0 0 0 6.96549e-11 -0 0 0 -0 0 0 0 0 0 0 0 0 0 0 0 0 0 1 13150.8 13150.8 13150.8 13150.8
-15 0 1 -15 0 1 0 0 0 0 0 -4.31007e-09 -0 0 0 -0 0 0 0 0 0 0 0 0 0 0 0 0 0 1 13150.8 13150.8 13150.8 13150.8
-15 0 1 -15 0 1 0 0 0 0 0 -4.31007e-09 -0 0 0 -0 0 0 0 0 0 0 0 0 0 0 0 0 0 1 13150.8 13150.8 13150.8 13150.8
-15 0 1 -15 0 1 0 0 0 0 0 8.91981e-10 -0 0 0 -0 0 0 0 0 0 0 0 0 0 0 0 0 0 1 13150.8 13150.8 13150.8 13150.8
-15 0 1 -15 0 1 0 0 0 0 0 5.90753e-09 -0 0 0 -0 0 0 0 0 0 0 0 0 0 0 0 0 0 1 13150.8 13150.8 13150.8 13150.8
-15 0 1 -15 0 1 0 0 0 0 0 3.69977e-09 -0 0 0 -0 0 0 0 0 0 0 0 0 0 0 0 0 0 1 13150.8 13150.8 13150.8 13150.8
-15 0 1 -15 0 1 0 0 0 0 0 1.53731e-09 -0 0 0 -0 0 0 0 0 0 0 0 0 0 0 0 0 0 1 13150.8 13150.8 13150.8 13150.8
-15 0 1 -15 0 1 0 0 0 0 0 -6.97778e-10 -0 0 0 -0 0 0 0 0 0 0 0 0 0 0 0 0 0 1 13150.8 13150.8 13150.8 13150.8
-15 0 1 -15 0 1 0 0 0 0 0 -2.86098e-09 -0 0 0 -0 0 0 0 0 0 0 0 0 0 0 0 0 0 1 13150.8 13150.8 13150.8 13150.8
-15 0 1 -15 0 1 0 0 0 0 0 -5.04102e-09 -0 0 0 -0 0 0 0 0 0 0 0 0 0 0 0 0 0 1 13150.8 13150.8 13150.8 13150.8
-15 0 1 -15 0 1 0 0 0 0 0 4.85003e-11 -0 0 0 -0 0 0 0 0 0 0 0 0 0 0 0 0 0 1 13150.8 13150.8 13150.8 13150.8
-15 0 1 -15 0 1 0 0 0 0 0 5.10412e-09 -0 0 0 -0 0 0 0 0 0 0 0 0 0 0 0 0 0 1 13150.8 13150.8 13150.8 13150.8
-15 0 1 -15 0 1 0 0 0 0 0 2.9102e-09 -0 0 0 -0 0 0 0 0 0 0 0 0 0 0 0 0 0 1 13150.8 13150.8 13150.8 13150.8
-15 0 1 -15 0 1 0 0 0 0 0 7.02258e-10 -0 0 0 -0 0 0 0 0 0 0 0 0 0 0 0 0 0 1 13150.8 13150.8 13150.8 13150.8
-15 0 1 -15 0 1 0 0 0 0 0 -1.46712e-09 -0 0 0 -0 0 0 0 0 0 0 0 0 0 0 0 0 0 1 13150.8 13150.8 13150.8 13150.8
-15 0 1 -15 0 1 0 0 0 0 0 -3.7213e-09 -0 0 0 -0 0 0 0 0 0 0 0 0 0 0 0 0 0 1 13150.8 13150.8 13150.8 13150.8
-15 0 1 -15 0 1 0 0 0 0 0 1.30404e-09 -0 0 0 -0 0 0 0 0 0 0 0 0 0 0 0 0 0 1 13150.8 13150.8 13150.8 13150.8
-15 0 1 -15 0 1 0 0 0 0 0 6.44878e-09 -0 0 0 -0 0 0 0 0 0 0 0 0 0 0 0 0 0 1 13150.8 13150.8 13150.8 13150.8
-15 0 1 -15 0 1 0 0 0 0 0 4.23984e-09 -0 0 0 -0 0 0 0 0 0 0 0 0 0 0 0 0 0 1 13150.8 13150.8 13150.8 13150.8
-15 0 1 -15 0 1 0 0 0 0 0 1.96402e-09 -0 0 0 -0 0 0 0 0 0 0 0 0 0 0 0 0 0 1 13150.8 13150.8 13150.8 13150.8
-15 0 1 -15 0 1 0 0 0 0 0 -1.07507e-10 -0 0 0 -0 0 0 0 0 0 0 0 0 0 0 0 0 0 1 13150.8 13150.8 13150.8 13150.8
-15 0 1 -15 0 1 0 0 0 0 0 -2.26681e-09 -0 0 0 -0 0 0 0 0 0 0 0 0 0 0 0 0 0 1 13150.8 13150.8 13150.8 13150.8
-15 0 1 -15 0 1 0 0 0 0 0 -4.47326e-09 -0 0 0 -0 0 0 0 0 0 0 0 0 0 0 0 0 0 1 13150.8 13150.8 13150.8 13150.8
-15 0 1 -15 0 1 0 0 0 0 0 6.8283e-10 -0 0 0 -0 0 0 0 0 0 0 0 0 0 0 0 0 0 1 13150.8 13150.8 13150.8 13150.8
-15 0 1 -15 0 1 0 0 0 0 0 5.6972e-09 -0 0 0 -0 0 0 0 0 0 0 0 0 0 0 0 0 0 1 13150.8 13150.8 13150.8 13150.8
-15 0 1 -15 0 1 0 0 0 0 0 3.52809e-09 -0 0 0 -0 0 0 0 0 0 0 0 0 0 0 0 0 0 1 13150.8 13150.8 13150.8 13150.8
-15 0 1 -15 0 1 0 0 0 0 0 1.3236e-09 -0 0 0 -0 0 0 0 0 0 0 0 0 0 0 0 0 0 1 13150.8 13150.8 13150.8 13150.8
-15 0 1 -15 0 1 0 0 0 0 0 -8.63171e-10 -0 0 0 -0 0 0 0 0 0 0 0 0 0 0 0 0 0 1 13150.8 13150.8 13150.8 13150.8
-15 0 1 -15 0 1 0 0 0 0 0 -5.24459e-09 -0 0 0 -0 0 0 0 0 0 0 0 0 0 0 0 0 0 1 13150.8 13150.8 13150.8 13150.8
-15 0 1 -15 0 1 0 0 0 0 0 -5.24459e-09 -0 0 0 -0 0 0 0 0 0 0 0 0 0 0 0 0 0 1 13150.8 13150.8 13150.8 13150.8
-15 0 1 -15 0 1 0 0 0 0 0 -1.32289e-10 -0 0 0 -0 0 0 0 0 0 0 0 0 0 0 0 0 0 1 13150.8 13150.8 13150.8 13150.8
-15 0 1 -15 0 1 0 0 0 0 0 4.90106e-09 -0 0 0 -0 0 0 0 0 0 0 0 0 0 0 0 0 0 1 13150.8 13150.8 13150.8 13150.8
-15 0 1 -15 0 1 0 0 0 0 0 2.66762e-09 -0 0 0 -0 0 0 0 0 0 0 0 0 0 0 0 0 0 1 13150.8 13150.8 13150.8 13150.8
-15 0 1 -15 0 1 0 0 0 0 0 -1.67115e-09 -0 0 0 -0 0 0 0 0 0 0 0 0 0 0 0 0 0 1 13150.8 13150.8 13150.8 13150.8
-15 0 1 -15 0 1 0 0 0 0 0 -1.67115e-09 -0 0 0 -0 0 0 0 0 0 0 0 0 0 0 0 0 0 1 13150.8 13150.8 13150.8 13150.8
-15 0 1 -15 0 1 0 0 0 0 0 3.48652e-09 -0 0 0 -0 0 0 0 0 0 0 0 0 0 0 0 0 0 1 13150.8 13150.8 13150.8 13150.8
-15 0 1 -15 0 1 0 0 0 0 0 8.68536e-09 -0 0 0 -0 0 0 0 0 0 0 0 0 0 0 0 0 0 1 13150.8 13150.8 13150.8 13150.8
-15 0 1 -15 0 1 0 0 0 0 0 6.54207e-09 -0 0 0 -0 0 0 0 0 0 0 0 0 0 0 0 0 0 1 13150.8 13150.8 13150.8 13150.8
-15 0 1 -15 0 1 0 0 0 0 0 4.36299e-09 -0 0 0 -0 0 0 0 0 0 0 0 0 0 0 0 0 0 1 13150.8 13150.8 13150.8 13150.8
-15 0 1 -15 0 1 0 0 0 0 0 2.17254e-09 -0 0 0 -0 0 0 0 0 0 0 0 0 0 0 0 0 0 1 13150.8 13150.8 13150.8 13150.8
-15 0 1 -15 0 1 0 0 0 0 0 -2.54731e-11 -0 0 0 -0 0 0 0 0 0 0 0 0 0 0 0 0 0 1 13150.8 13150.8 13150.8 13150.8
-15 0 1 -15 0 1 0 0 0 0 0 -2.20985e-09 -0 0 0 -0 0 0 0 0 0 0 0 0 0 0 0 0 0 1 13150.8 13150.8 13150.8 13150.8
-15 0 1 -15 0 1 0 0 0 0 0 -4.43229e-09 -0 0 0 -0 0 0 0 0 0 0 0 0 0 0 0 0 0 1 13150.8 13150.8 13150.8 13150.8
-15 0 1 -15 0 1 0 0 0 0 0 5.65451e-10 -0 0 0 -0 0 0 0 0 0 0 0 0 0 0 0 0 0 1 13150.8 13150.8 13150.8 13150.8
-15 0 1 -15 0 1 0 0 0 0 0 5.69166e-09 -0 0 0 -0 0 0 0 0 0 0 0 0 0 0 0 0 0 1 13150.8 13150.8 13150.8 13150.8
-15 0 1 -15 0 1 0 0 0 0 0 3.5143e-09 -0 0 0 -0 0 0 0 0 0 0 0 0 0 0 0 0 0 1 13150.8 13150.8 13150.8 13150.8
-15 0 1 -15 0 1 0 0 0 0 0 1.30971e-09 -0 0 0 -0 0 0 0 0 0 0 0 0 0 0 0 0 0 1 13150.8 13150.8 13150.8 13150.8
-15 0 1 -15 0 1 0 0 0 0 0 -3.04007e-09 -0 0 0 -0 0 0 0 0 0 0 0 0 0 0 0 0 0 1 13150.8 13150.8 13150.8 13150.8
-15 0 1 -15 0 1 0 0 0 0 0 -3.04007e-09 -0 0 0 -0 0 0 0 0 0 0 0 0 0 0 0 0 0 1 13150.8 13150.8 13150.8 13150.8
-15 0 1 -15 0 1 0 0 0 0 0 2.13624e-09 -0 0 0 -0 0 0 0 0 0 0 0 0 0 0 0 0 0 1 13150.8 13150.8 13150.8 13150.8
-15 0 1 -15 0 1 0 0 0 0 0 5.03027e-09 -0 0 0 -0 0 0 0 0 0 0 0 0 0 0 0 0 0 1 13150.8 13150.8 13150.8 13150.8
-15 0 1 -15 0 1 0 0 0 0 0 5.03027e-09 -0 0 0 -0 0 0 0 0 0 0 0 0 0 0 0 0 0 1 13150.8 13150.8 13150.8 13150.8
-15 0 1 -15 0 1 0 0 0 0 0 2.85841e-09 -0 0 0 -0 0 0 0 0 0 0 0 0 0 0 0 0 0 1 13150.8 13150.8 13150.8 13150.8
-15 0 1 -15 0 1 0 0 0 0 0 6.50532e-10 -0 0 0 -0 0 0 0 0 0 0 0 0 0 0 0 0 0 1 13150.8 13150.8 13150.8 13150.8
-15 0 1 -15 0 1 0 0 0 0 0 -1.56093e-09 -0 0 0 -0 0 0 0 0 0 0 0 0 0 0 0 0 0 1 13150.8 13150.8 13150.8 13150.8
-15 0 1 -15 0 1 0 0 0 0 0 1.29911e-09 -0 0 0 -0 0 0 0 0 0 0 0 0 0 0 0 0 0 1 13150.8 13150.8 13150.8 13150.8
-15 0 1 -15 0 1 0 0 0 0 0 1.29911e-09 -0 0 0 -0 0 0 0 0 0 0 0 0 0 0 0 0 0 1 13150.8 13150.8 13150.8 13150.8
-15 0 1 -15 0 1 0 0 0 0 0 -9.90502e-10 -0 0 0 -0 0 0 0 0 0 0 0 0 0 0 0 0 0 1 13150.8 13150.8 13150.8 13150.8
-15 0 1 -15 0 1 0 0 0 0 0 -3.07392e-09 -0 0 0 -0 0 0 0 0 0 0 0 0 0 0 0 0 0 1 13150.8 13150.8 13150.8 13150.8
-15 0 1 -15 0 1 0 0 0 0 0 -5.26246e-09 -0 0 0 -0 0 0 0 0 0 0 0 0 0 0 0 0 0 1 13150.8 13150.8 13150.8 13150.8
-15 0 1 -15 0 1 0 0 0 0 0 -5.68524e-11 -0 0 0 -0 0 0 0 0 0 0 0 0 0 0 0 0 0 1 13150.8 13150.8 13150.8 13150.8
-15 0 1 -15 0 1 0 0 0 0 0 2.73093e-09 -0 0 0 -0 0 0 0 0 0 0 0 0 0 0 0 0 0 1 13150.8 13150.8 13150.8 13150.8
-15 0 1 -15 0 1 0 0 0 0 0 5.50344e-10 -0 0 0 -0 0 0 0 0 0 0 0 0 0 0 0 0 0 1 13150.8 13150.8 13150.8 13150.8
-15 0 1 -15 0 1 0 0 0 0 0 -1.65003e-09 -0 0 0 -0 0 0 0 0 0 0 0 0 0 0 0 0 0 1 13150.8 13150.8 13150.8 13150.8
-15 0 1 -15 0 1 0 0 0 0 0 -1.65003e-09 -0 0 0 -0 0 0 0 0 0 0 0 0 0 0 0 0 0 1 13150.8 13150.8 13150.8 13150.8
-15 0 1 -15 0 1 0 0 0 0 0 3.4082e-09 -0 0 0 -0 0 0 0 0 0 0 0 0 0 0 0 0 0 1 13150.8 13150.8 13150.8 13150.8
-15 0 1 -15 0 1 0 0 0 0 0 8.55161e-09 -0 0 0 -0 0 0 0 0 0 0 0 0 0 0 0 0 0 1 13150.8 13150.8 13150.8 13150.8
-15 0 1 -15 0 1 0 0 0 0 0 6.36762e-09 -0 0 0 -0 0 0 0 0 0 0 0 0 0 0 0 0 0 1 13150.8 13150.8 13150.8 13150.8
-15 0 1 -15 0 1 0 0 0 0 0 1.9983e-09 -0 0 0 -0 0 0 0 0 0 0 0 0 0 0 0 0 0 1 13150.8 13150.8 13150.8 13150.8
-15 0 1 -15 0 1 0 0 0 0 0 1.9983e-09 -0 0 0 -0 0 0 0 0 0 0 0 0 0 0 0 0 0 1 13150.8 13150.8 13150.8 13150.8
-15 0 1 -15 0 1 0 0 0 0 0 -2.07946e-10 -0 0 0 -0 0 0 0 0 0 0 0 0 0 0 0 0 0 1 13150.8 13150.8 13150.8 13150.8
-15 0 1 -15 0 1 0 0 0 0 0 -2.39232e-09 -0 0 0 -0 0 0 0 0 0 0 0 0 0 0 0 0 0 1 13150.8 13150.8 13150.8 13150.8
-15 0 1 -15 0 1 0 0 0 0 0 -4.64612e-09 -0 0 0 -0 0 0 0 0 0 0 0 0 0 0 0 0 0 1 13150.8 13150.8 13150.8 13150.8
-15 0 1 -15 0 1 0 0 0 0 0 5.3893e-09 -0 0 0 -0 0 0 0 0 0 0 0 0 0 0 0 0 0 1 13150.8 13150.8 13150.8 13150.8
-15 0 1 -15 0 1 0 0 0 0 0 5.3893e-09 -0 0 0 -0 0 0 0 0 0 0 0 0 0 0 0 0 0 1 13150.8 13150.8 13150.8 13150.8
-15 0 1 -15 0 1 0 0 0 0 0 3.2056e-09 -0 0 0 -0 0 0 0 0 0 0 0 0 0 0 0 0 0 1 13150.8 13150.8 13150.8 13150.8
-15 0 1 -15 0 1 0 0 0 0 0 1.02125e-09 -0 0 0 -0 0 0 0 0 0 0 0 0 0 0 0 0 0 1 13150.8 13150.8 13150.8 13150.8
-15 0 1 -15 0 1 0 0 0 0 0 -3.37441e-09 -0 0 0 -0 0 0 0 0 0 0 0 0 0 0 0 0 0 1 13150.8 13150.8 13150.8 13150.8
-15 0 1 -15 0 1 0 0 0 0 0 -3.37441e-09 -0 0 0 -0 0 0 0 0 0 0 0 0 0 0 0 0 0 1 13150.8 13150.8 13150.8 13150.8
-15 0 1 -15 0 1 0 0 0 0 0 1.70004e-09 -0 0 0 -0 0 0 0 0 0 0 0 0 0 0 0 0 0 1 13150.8 13150.8 13150.8 13150.8
-15 0 1 -15 0 1 0 0 0 0 0 6.85213e-09 -0 0 0 -0 0 0 0 0 0 0 0 0 0 0 0 0 0 1 13150.8 13150.8 13150.8 13150.8
-15 0 1 -15 0 1 0 0 0 0 0 4.67266e-09 -0 0 0 -0 0 0 0 0 0 0 0 0 0 0 0 0 0 1 13150.8 13150.8 13150.8 13150.8
-15 0 1 -15 0 1 0 0 0 0 0 2.45082e-09 -0 0 0 -0 0 0 0 0 0 0 0 0 0 0 0 0 0 1 13150.8 13150.8 13150.8 13150.8
-15 0 1 -15 0 1 0 0 0 0 0 2.84834e-10 -0 0 0 -0 0 0 0 0 0 0 0 0 0 0 0 0 0 1 13150.8 13150.8 13150.8 13150.8
-15 0 1 -15 0 1 0 0 0 0 0 -1.89796e-09 -0 0 0 -0 0 0 0 0 0 0 0 0 0 0 0 0 0 1 13150.8 13150.8 13150.8 13150.8
-15 0 1 -15 0 1 0 0 0 0 0 9.84796e-10 -0 0 0 -0 0 0 0 0 0 0 0 0 0 0 0 0 0 1 13150.8 13150.8 13150.8 13150.8
-15 0 1 -15 0 1 0 0 0 0 0 9.84796e-10 -0 0 0 -0 0 0 0 0 0 0 0 0 0 0 0 0 0 1 13150.8 13150.8 13150.8 13150.8
-15 0 1 -15 0 1 0 0 0 0 0 -3.38941e-09 -0 0 0 -0 0 0 0 0 0 0 0 0 0 0 0 0 0 1 13150.8 13150.8 13150.8 13150.8
-15 0 1 -15 0 1 0 0 0 0 0 -3.38941e-09 -0 0 0 -0 0 0 0 0 0 0 0 0 0 0 0 0 0 1 13150.8 13150.8 13150.8 13150.8
-15 0 1 -15 0 1 0 0 0 0 0 1.69855e-09 -0 0 0 -0 0 0 0 0 0 0 0 0 0 0 0 0 0 1 13150.8 13150.8 13150.8 13150.8
-15 0 1 -15 0 1 0 0 0 0 0 6.78888e-09 -0 0 0 -0 0 0 0 0 0 0 0 0 0 0 0 0 0 1 13150.8 13150.8 13150.8 13150.8
-15 0 1 -15 0 1 0 0 0 0 0 4.61244e-09 -0 0 0 -0 0 0 0 0 0 0 0 0 0 0 0 0 0 1 13150.8 13150.8 13150.8 13150.8
-15 0 1 -15 0 1 0 0 0 0 0 2.38898e-09 -0 0 0 -0 0 0 0 0 0 0 0 0 0 0 0 0 0 1 13150.8 13150.8 13150.8 13150.8
-15 0 1 -15 0 1 0 0 0 0 0 1.68698e-10 -0 0 0 -0 0 0 0 0 0 0 0 0 0 0 0 0 0 1 13150.8 13150.8 13150.8 13150.8
-15 0 1 -15 0 1 0 0 0 0 0 -1.97793e-09 -0 0 0 -0 0 0 0 0 0 0 0 0 0 0 0 0 0 1 13150.8 13150.8 13150.8 13150.8
-15 0 1 -15 0 1 0 0 0 0 0 -4.15447e-09 -0 0 0 -0 0 0 0 0 0 0 0 0 0 0 0 0 0 1 13150.8 13150.8 13150.8 13150.8
-15 0 1 -15 0 1 0 0 0 0 0 1.05729e-09 -0 0 0 -0 0 0 0 0 0 0 0 0 0 0 0 0 0 1 13150.8 13150.8 13150.8 13150.8
-15 0 1 -15 0 1 0 0 0 0 0 3.98074e-09 -0 0 0 -0 0 0 0 0 0 0 0 0 0 0 0 0 0 1 13150.8 13150.8 13150.8 13150.8
-15 0 1 -15 0 1 0 0 0 0 0 3.98074e-09 -0 0 0 -0 0 0 0 0 0 0 0 0 0 0 0 0 0 1 13150.8 13150.8 13150.8 13150.8
-15 0 1 -15 0 1 0 0 0 0 0 -3.91966e-10 -0 0 0 -0 0 0 0 0 0 0 0 0 0 0 0 0 0 1 13150.8 13150.8 13150.8 13150.8
-15 0 1 -15 0 1 0 0 0 0 0 -2.58177e-09 -0 0 0 -0 0 0 0 0 0 0 0 0 0 0 0 0 0 1 13150.8 13150.8 13150.8 13150.8
-15 0 1 -15 0 1 0 0 0 0 0 -2.58177e-09 -0 0 0 -0 0 0 0 0 0 0 0 0 0 0 0 0 0 1 13150.8 13150.8 13150.8 13150.8
-15 0 1 -15 0 1 0 0 0 0 0 2.6413e-09 -0 0 0 -0 0 0 0 0 0 0 0 0 0 0 0 0 0 1 13150.8 13150.8 13150.8 13150.8
-15 0 1 -15 0 1 0 0 0 0 0 7.72094e-09 -0 0 0 -0 0 0 0 0 0 0 0 0 0 0 0 0 0 1 13150.8 13150.8 13150.8 13150.8
-15 0 1 -15 0 1 0 0 0 0 0 5.57723e-09 -0 0 0 -0 0 0 0 0 0 0 0 0 0 0 0 0 0 1 13150.8 13150.8 13150.8 13150.8
-15 0 1 -15 0 1 0 0 0 0 0 1.19011e-09 -0 0 0 -0 0 0 0 0 0 0 0 0 0 0 0 0 0 1 13150.8 13150.8 13150.8 13150.8
-15 0 1 -15 0 1 0 0 0 0 0 1.19011e-09 -0 0 0 -0 0 0 0 0 0 0 0 0 0 0 0 0 0 1 13150.8 13150.8 13150.8 13150.8
-15 0 1 -15 0 1 0 0 0 0 0 -9.98418e-10 -0 0 0 -0 0 0 0 0 0 0 0 0 0 0 0 0 0 1 13150.8 13150.8 13150.8 13150.8
-15 0 1 -15 0 1 0 0 0 0 0 -3.21825e-09 -0 0 0 -0 0 0 0 0 0 0 0 0 0 0 0 0 0 1 13150.8 13150.8 13150.8 13150.8
-15 0 1 -15 0 1 0 0 0 0 0 -5.39783e-09 -0 0 0 -0 0 0 0 0 0 0 0 0 0 0 0 0 0 1 13150.8 13150.8 13150.8 13150.8
-15 0 1 -15 0 1 0 0 0 0 0 -3.00305e-10 -0 0 0 -0 0 0 0 0 0 0 0 0 0 0 0 0 0 1 13150.8 13150.8 13150.8 13150.8
-15 0 1 -15 0 1 0 0 0 0 0 4.97099e-09 -0 0 0 -0 0 0 0 0 0 0 0 0 0 0 0 0 0 1 13150.8 13150.8 13150.8 13150.8
-15 0 1 -15 0 1 0 0 0 0 0 2.86906e-09 -0 0 0 -0 0 0 0 0 0 0 0 0 0 0 0 0 0 1 13150.8 13150.8 13150.8 13150.8
-15 0 1 -15 0 1 0 0 0 0 0 -1.50648e-09 -0 0 0 -0 0 0 0 0 0 0 0 0 0 0 0 0 0 1 13150.8 13150.8 13150.8 13150.8
-15 0 1 -15 0 1 0 0 0 0 0 -1.50648e-09 -0 0 0 -0 0 0 0 0 0 0 0 0 0 0 0 0 0 1 13150.8 13150.8 13150.8 13150.8
-15 0 1 -15 0 1 0 0 0 0 0 -5.88567e-09 -0 0 0 -0 0 0 0 0 0 0 0 0 0 0 0 0 0 1 13150.8 13150.8 13150.8 13150.8
-15 0 1 -15 0 1 0 0 0 0 0 -5.88567e-09 -0 0 0 -0 0 0 0 0 0 0 0 0 0 0 0 0 0 1 13150.8 13150.8 13150.8 13150.8
-15 0 1 -15 0 1 0 0 0 0 0 -7.49554e-10 -0 0 0 -0 0 0 0 0 0 0 0 0 0 0 0 0 0 1 13150.8 13150.8 13150.8 13150.8
-15 0 1 -15 0 1 0 0 0 0 0 4.3008e-09 -0 0 0 -0 0 0 0 0 0 0 0 0 0 0 0 0 0 1 13150.8 13150.8 13150.8 13150.8
-15 0 1 -15 0 1 0 0 0 0 0 2.10533e-09 -0 0 0 -0 0 0 0 0 0 0 0 0 0 0 0 0 0 1 13150.8 13150.8 13150.8 13150.8
-15 0 1 -15 0 1 0 0 0 0 0 -1.1196e-10 -0 0 0 -0 0 0 0 0 0 0 0 0 0 0 0 0 0 1 13150.8 13150.8 13150.8 13150.8
-15 0 1 -15 0 1 0 0 0 0 0 -2.30286e-09 -0 0 0 -0 0 0 0 0 0 0 0 0 0 0 0 0 0 1 13150.8 13150.8 13150.8 13150.8
-15 0 1 -15 0 1 0 0 0 0 0 -4.44734e-09 -0 0 0 -0 0 0 0 0 0 0 0 0 0 0 0 0 0 1 13150.8 13150.8 13150.8 13150.8
-15 0 1 -15 0 1 0 0 0 0 0 5.74766e-09 -0 0 0 -0 0 0 0 0 0 0 0 0 0 0 0 0 0 1 13150.8 13150.8 13150.8 13150.8
-15 0 1 -15 0 1 0 0 0 0 0 3.5448e-09 -0 0 0 -0 0 0 0 0 0 0 0 0 0 0 0 0 0 1 13150.8 13150.8 13150.8 13150.8
-15 0 1 -15 0 1 0 0 0 0 0 3.5448e-09 -0 0 0 -0 0 0 0 0 0 0 0 0 0 0 0 0 0 1 13150.8 13150.8 13150.8 13150.8
-15 0 1 -15 0 1 0 0 0 0 0 -8.20118e-10 -0 0 0 -0 0 0 0 0 0 0 0 0 0 0 0 0 0 1 13150.8 13150.8 13150.8 13150.8
-15 0 1 -15 0 1 0 0 0 0 0 -8.20118e-10 -0 0 0 -0 0 0 0 0 0 0 0 0 0 0 0 0 0 1 13150.8 13150.8 13150.8 13150.8
-15 0 1 -15 0 1 0 0 0 0 0 -3.03201e-09 -0 0 0 -0 0 0 0 0 0 0 0 0 0 0 0 0 0 1 13150.8 13150.8 13150.8 13150.8
-15 0 1 -15 0 1 0 0 0 0 0 -1.73492e-10 -0 0 0 -0 0 0 0 0 0 0 0 0 0 0 0 0 0 1 13150.8 13150.8 13150.8 13150.8
-15 0 1 -15 0 1 0 0 0 0 0 -2.35232e-09 -0 0 0 -0 0 0 0 0 0 0 0 0 0 0 0 0 0 1 13150.8 13150.8 13150.8 13150.8
-15 0 1 -15 0 1 0 0 0 0 0 2.78659e-09 -0 0 0 -0 0 0 0 0 0 0 0 0 0 0 0 0 0 1 13150.8 13150.8 13150.8 13150.8
-15 0 1 -15 0 1 0 0 0 0 0 5.97715e-10 -0 0 0 -0 0 0 0 0 0 0 0 0 0 0 0 0 0 1 13150.8 13150.8 13150.8 13150.8
-15 0 1 -15 0 1 0 0 0 0 0 5.97715e-10 -0 0 0 -0 0 0 0 0 0 0 0 0 0 0 0 0 0 1 13150.8 13150.8 13150.8 13150.8
-15 0 1 -15 0 1 0 0 0 0 0 -1.65465e-09 -0 0 0 -0 0 0 0 0 0 0 0 0 0 0 0 0 0 1 13150.8 13150.8 13150.8 13150.8
-15 0 1 -15 0 1 0 0 0 0 0 -3.79979e-09 -0 0 0 -0 0 0 0 0 0 0 0 0 0 0 0 0 0 1 13150.8 13150.8 13150.8 13150.8
-15 0 1 -15 0 1 0 0 0 0 0 -6.03108e-09 -0 0 0 -0 0 0 0 0 0 0 0 0 0 0 0 0 0 1 13150.8 13150.8 13150.8 13150.8
-15 0 1 -15 0 1 0 0 0 0 0 -1.10152e-09 -0 0 0 -0 0 0 0 0 0 0 0 0 0 0 0 0 0 1 13150.8 13150.8 13150.8 13150.8
-15 0 1 -15 0 1 0 0 0 0 0 1.78912e-09 -0 0 0 -0 0 0 0 0 0 0 0 0 0 0 0 0 0 1 13150.8 13150.8 13150.8 13150.8
-15 0 1 -15 0 1 0 0 0 0 0 1.78912e-09 -0 0 0 -0 0 0 0 0 0 0 0 0 0 0 0 0 0 1 13150.8 13150.8 13150.8 13150.8
-15 0 1 -15 0 1 0 0 0 0 0 -4.06362e-10 -0 0 0 -0 0 0 0 0 0 0 0 0 0 0 0 0 0 1 13150.8 13150.8 13150.8 13150.8
-15 0 1 -15 0 1 0 0 0 0 0 -4.74705e-09 -0 0 0 -0 0 0 0 0 0 0 0 0 0 0 0 0 0 1 13150.8 13150.8 13150.8 13150.8
-15 0 1 -15 0 1 0 0 0 0 0 -4.74705e-09 -0 0 0 -0 0 0 0 0 0 0 0 0 0 0 0 0 0 1 13150.8 13150.8 13150.8 13150.8
-15 0 1 -15 0 1 0 0 0 0 0 4.09365e-10 -0 0 0 -0 0 0 0 0 0 0 0 0 0 0 0 0 0 1 13150.8 13150.8 13150.8 13150.8
-15 0 1 -15 0 1 0 0 0 0 0 5.53976e-09 -0 0 0 -0 0 0 0 0 0 0 0 0 0 0 0 0 0 1 13150.8 13150.8 13150.8 13150.8
-15 0 1 -15 0 1 0 0 0 0 0 3.35039e-09 -0 0 0 -0 0 0 0 0 0 0 0 0 0 0 0 0 0 1 13150.8 13150.8 13150.8 13150.8
-15 0 1 -15 0 1 0 0 0 0 0 1.20878e-09 -0 0 0 -0 0 0 0 0 0 0 0 0 0 0 0 0 0 1 13150.8 13150.8 13150.8 13150.8
-15 0 1 -15 0 1 0 0 0 0 0 -1.03367e-09 -0 0 0 -0 0 0 0 0 0 0 0 0 0 0 0 0 0 1 13150.8 13150.8 13150.8 13150.8
-15 0 1 -15 0 1 0 0 0 0 0 -3.2203e-09 -0 0 0 -0 0 0 0 0 0 0 0 0 0 0 0 0 0 1 13150.8 13150.8 13150.8 13150.8
-15 0 1 -15 0 1 0 0 0 0 0 -5.41091e-09 -0 0 0 -0 0 0 0 0 0 0 0 0 0 0 0 0 0 1 13150.8 13150.8 13150.8 13150.8
-15 0 1 -15 0 1 0 0 0 0 0 -2.16611e-10 -0 0 0 -0 0 0 0 0 0 0 0 0 0 0 0 0 0 1 13150.8 13150.8 13150.8 13150.8
-15 0 1 -15 0 1 0 0 0 0 0 4.86657e-09 -0 0 0 -0 0 0 0 0 0 0 0 0 0 0 0 0 0 1 13150.8 13150.8 13150.8 13150.8
-15 0 1 -15 0 1 0 0 0 0 0 5.38833e-10 -0 0 0 -0 0 0 0 0 0 0 0 0 0 0 0 0 0 1 13150.8 13150.8 13150.8 13150.8
-15 0 1 -15 0 1 0 0 0 0 0 5.38833e-10 -0 0 0 -0 0 0 0 0 0 0 0 0 0 0 0 0 0 1 13150.8 13150.8 13150.8 13150.8
-15 0 1 -15 0 1 0 0 0 0 0 -1.66804e-09 -0 0 0 -0 0 0 0 0 0 0 0 0 0 0 0 0 0 1 13150.8 13150.8 13150.8 13150.8
-15 0 1 -15 0 1 0 0 0 0 0 -6.01101e-09 -0 0 0 -0 0 0 0 0 0 0 0 0 0 0 0 0 0 1 13150.8 13150.8 13150.8 13150.8
-15 0 1 -15 0 1 0 0 0 0 0 -6.01101e-09 -0 0 0 -0 0 0 0 0 0 0 0 0 0 0 0 0 0 1 13150.8 13150.8 13150.8 13150.8
-15 0 1 -15 0 1 0 0 0 0 0 9.58057e-09 -0 0 0 -0 0 0 0 0 0 0 0 0 0 0 0 0 0 1 13150.8 13150.8 13150.8 13150.8
-15 0 1 -15 0 1 0 0 0 0 0 9.67518e-09 -0 0 0 -0 0 0 0 0 0 0 0 0 0 0 0 0 0 1 13150.8 13150.8 13150.8 13150.8
-15 0 1 -15 0 1 0 0 0 0 0 9.67518e-09 -0 0 0 -0 0 0 0 0 0 0 0 0 0 0 0 0 0 1 13150.8 13150.8 13150.8 13150.8
-15 0 1 -15 0 1 0 0 0 0 0 7.67977e-09 -0 0 0 -0 0 0 0 0 0 0 0 0 0 0 0 0 0 1 13150.8 13150.8 13150.8 13150.8
-15 0 1 -15 0 1 0 0 0 0 0 5.45648e-09 -0 0 0 -0 0 0 0 0 0 0 0 0 0 0 0 0 0 1 13150.8 13150.8 13150.8 13150.8
-15 0 1 -15 0 1 0 0 0 0 0 3.21866e-09 -0 0 0 -0 0 0 0 0 0 0 0 0 0 0 0 0 0 1 13150.8 13150.8 13150.8 13150.8
-15 0 1 -15 0 1 0 0 0 0 0 1.00156e-09 -0 0 0 -0 0 0 0 0 0 0 0 0 0 0 0 0 0 1 13150.8 13150.8 13150.8 13150.8
-15 0 1 -15 0 1 0 0 0 0 0 -1.1011e-09 -0 0 0 -0 0 0 0 0 0 0 0 0 0 0 0 0 0 1 13150.8 13150.8 13150.8 13150.8
-15 0 1 -15 0 1 0 0 0 0 0 -3.31788e-09 -0 0 0 -0 0 0 0 0 0 0 0 0 0 0 0 0 0 1 13150.8 13150.8 13150.8 13150.8
-15 0 1 -15 0 1 0 0 0 0 0 -5.50918e-09 -0 0 0 -0 0 0 0 0 0 0 0 0 0 0 0 0 0 1 13150.8 13150.8 13150.8 13150.8
-15 0 1 -15 0 1 0 0 0 0 0 -3.22597e-10 -0 0 0 -0 0 0 0 0 0 0 0 0 0 0 0 0 0 1 13150.8 13150.8 13150.8 13150.8
-15 0 1 -15 0 1 0 0 0 0 0 2.3774e-09 -0 0 0 -0 0 0 0 0 0 0 0 0 0 0 0 0 0 1 13150.8 13150.8 13150.8 13150.8
-15 0 1 -15 0 1 0 0 0 0 0 2.3774e-09 -0 0 0 -0 0 0 0 0 0 0 0 0 0 0 0 0 0 1 13150.8 13150.8 13150.8 13150.8
-15 0 1 -15 0 1 0 0 0 0 0 1.48491e-10 -0 0 0 -0 0 0 0 0 0 0 0 0 0 0 0 0 0 1 13150.8 13150.8 13150.8 13150.8
-15 0 1 -15 0 1 0 0 0 0 0 -2.0756e-09 -0 0 0 -0 0 0 0 0 0 0 0 0 0 0 0 0 0 1 13150.8 13150.8 13150.8 13150.8
-15 0 1 -15 0 1 0 0 0 0 0 -4.18686e-09 -0 0 0 -0 0 0 0 0 0 0 0 0 0 0 0 0 0 1 13150.8 13150.8 13150.8 13150.8
-15 0 1 -15 0 1 0 0 0 0 0 1.03248e-09 -0 0 0 -0 0 0 0 0 0 0 0 0 0 0 0 0 0 1 13150.8 13150.8 13150.8 13150.8
-15 0 1 -15 0 1 0 0 0 0 0 3.95253e-09 -0 0 0 -0 0 0 0 0 0 0 0 0 0 0 0 0 0 1 13150.8 13150.8 13150.8 13150.8
-15 0 1 -15 0 1 0 0 0 0 0 3.95253e-09 -0 0 0 -0 0 0 0 0 0 0 0 0 0 0 0 0 0 1 13150.8 13150.8 13150.8 13150.8
-15 0 1 -15 0 1 0 0 0 0 0 1.80785e-09 -0 0 0 -0 0 0 0 0 0 0 0 0 0 0 0 0 0 1 13150.8 13150.8 13150.8 13150.8
-15 0 1 -15 0 1 0 0 0 0 0 -4.33539e-10 -0 0 0 -0 0 0 0 0 0 0 0 0 0 0 0 0 0 1 13150.8 13150.8 13150.8 13150.8
-15 0 1 -15 0 1 0 0 0 0 0 -2.60877e-09 -0 0 0 -0 0 0 0 0 0 0 0 0 0 0 0 0 0 1 13150.8 13150.8 13150.8 13150.8
-15 0 1 -15 0 1 0 0 0 0 0 -4.7576e-09 -0 0 0 -0 0 0 0 0 0 0 0 0 0 0 0 0 0 1 13150.8 13150.8 13150.8 13150.8
-15 0 1 -15 0 1 0 0 0 0 0 3.82673e-10 -0 0 0 -0 0 0 0 0 0 0 0 0 0 0 0 0 0 1 13150.8 13150.8 13150.8 13150.8
-15 0 1 -15 0 1 0 0 0 0 0 5.46897e-09 -0 0 0 -0 0 0 0 0 0 0 0 0 0 0 0 0 0 1 13150.8 13150.8 13150.8 13150.8
-15 0 1 -15 0 1 0 0 0 0 0 3.29148e-09 -0 0 0 -0 0 0 0 0 0 0 0 0 0 0 0 0 0 1 13150.8 13150.8 13150.8 13150.8
-15 0 1 -15 0 1 0 0 0 0 0 1.06312e-09 -0 0 0 -0 0 0 0 0 0 0 0 0 0 0 0 0 0 1 13150.8 13150.8 13150.8 13150.8
-15 0 1 -15 0 1 0 0 0 0 0 -3.27422e-09 -0 0 0 -0 0 0 0 0 0 0 0 0 0 0 0 0 0 1 13150.8 13150.8 13150.8 13150.8
-15 0 1 -15 0 1 0 0 0 0 0 -3.27422e-09 -0 0 0 -0 0 0 0 0 0 0 0 0 0 0 0 0 0 1 13150.8 13150.8 13150.8 13150.8
-15 0 1 -15 0 1 0 0 0 0 0 6.92127e-09 -0 0 0 -0 0 0 0 0 0 0 0 0 0 0 0 0 0 1 13150.8 13150.8 13150.8 13150.8
-15 0 1 -15 0 1 0 0 0 0 0 4.74684e-09 -0 0 0 -0 0 0 0 0 0 0 0 0 0 0 0 0 0 1 13150.8 13150.8 13150.8 13150.8
-15 0 1 -15 0 1 0 0 0 0 0 4.74684e-09 -0 0 0 -0 0 0 0 0 0 0 0 0 0 0 0 0 0 1 13150.8 13150.8 13150.8 13150.8
-15 0 1 -15 0 1 0 0 0 0 0 3.39864e-10 -0 0 0 -0 0 0 0 0 0 0 0 0 0 0 0 0 0 1 13150.8 13150.8 13150.8 13150.8
-15 0 1 -15 0 1 0 0 0 0 0 -1.82543e-09 -0 0 0 -0 0 0 0 0 0 0 0 0 0 0 0 0 0 1 13150.8 13150.8 13150.8 13150.8
-15 0 1 -15 0 1 0 0 0 0 0 -1.82543e-09 -0 0 0 -0 0 0 0 0 0 0 0 0 0 0 0 0 0 1 13150.8 13150.8 13150.8 13150.8
-15 0 1 -15 0 1 0 0 0 0 0 -6.22789e-09 -0 0 0 -0 0 0 0 0 0 0 0 0 0 0 0 0 0 1 13150.8 13150.8 13150.8 13150.8
-15 0 1 -15 0 1 0 0 0 0 0 -6.22789e-09 -0 0 0 -0 0 0 0 0 0 0 0 0 0 0 0 0 0 1 13150.8 13150.8 13150.8 13150.8
-15 0 1 -15 0 1 0 0 0 0 0 -9.68004e-10 -0 0 0 -0 0 0 0 0 0 0 0 0 0 0 0 0 0 1 13150.8 13150.8 13150.8 13150.8
-15 0 1 -15 0 1 0 0 0 0 0 4.01081e-09 -0 0 0 -0 0 0 0 0 0 0 0 0 0 0 0 0 0 1 13150.8 13150.8 13150.8 13150.8
-15 0 1 -15 0 1 0 0 0 0 0 -3.43908e-10 -0 0 0 -0 0 0 0 0 0 0 0 0 0 0 0 0 0 1 13150.8 13150.8 13150.8 13150.8
-15 0 1 -15 0 1 0 0 0 0 0 -2.55267e-09 -0 0 0 -0 0 0 0 0 0 0 0 0 0 0 0 0 0 1 13150.8 13150.8 13150.8 13150.8
-15 0 1 -15 0 1 0 0 0 0 0 -2.55267e-09 -0 0 0 -0 0 0 0 0 0 0 0 0 0 0 0 0 0 1 13150.8 13150.8 13150.8 13150.8
-15 0 1 -15 0 1 0 0 0 0 0 2.48793e-09 -0 0 0 -0 0 0 0 0 0 0 0 0 0 0 0 0 0 1 13150.8 13150.8 13150.8 13150.8
-15 0 1 -15 0 1 0 0 0 0 0 7.62609e-09 -0 0 0 -0 0 0 0 0 0 0 0 0 0 0 0 0 0 1 13150.8 13150.8 13150.8 13150.8
-15 0 1 -15 0 1 0 0 0 0 0 5.40422e-09 -0 0 0 -0 0 0 0 0 0 0 0 0 0 0 0 0 0 1 13150.8 13150.8 13150.8 13150.8
-15 0 1 -15 0 1 0 0 0 0 0 3.24099e-09 -0 0 0 -0 0 0 0 0 0 0 0 0 0 0 0 0 0 1 13150.8 13150.8 13150.8 13150.8
-15 0 1 -15 0 1 0 0 0 0 0 1.08436e-09 -0 0 0 -0 0 0 0 0 0 0 0 0 0 0 0 0 0 1 13150.8 13150.8 13150.8 13150.8
-15 0 1 -15 0 1 0 0 0 0 0 -1.13868e-09 -0 0 0 -0 0 0 0 0 0 0 0 0 0 0 0 0 0 1 13150.8 13150.8 13150.8 13150.8
-15 0 1 -15 0 1 0 0 0 0 0 -5.49992e-09 -0 0 0 -0 0 0 0 0 0 0 0 0 0 0 0 0 0 1 13150.8 13150.8 13150.8 13150.8
-15 0 1 -15 0 1 0 0 0 0 0 -5.49992e-09 -0 0 0 -0 0 0 0 0 0 0 0 0 0 0 0 0 0 1 13150.8 13150.8 13150.8 13150.8
-15 0 1 -15 0 1 0 0 0 0 0 4.64974e-09 -0 0 0 -0 0 0 0 0 0 0 0 0 0 0 0 0 0 1 13150.8 13150.8 13150.8 13150.8
-15 0 1 -15 0 1 0 0 0 0 0 4.64974e-09 -0 0 0 -0 0 0 0 0 0 0 0 0 0 0 0 0 0 1 13150.8 13150.8 13150.8 13150.8
-15 0 1 -15 0 1 0 0 0 0 0 2.68547e-10 -0 0 0 -0 0 0 0 0 0 0 0 0 0 0 0 0 0 1 13150.8 13150.8 13150.8 13150.8
-15 0 1 -15 0 1 0 0 0 0 0 2.68547e-10 -0 0 0 -0 0 0 0 0 0 0 0 0 0 0 0 0 0 1 13150.8 13150.8 13150.8 13150.8
-15 0 1 -15 0 1 0 0 0 0 0 -1.9475e-09 -0 0 0 -0 0 0 0 0 0 0 0 0 0 0 0 0 0 1 13150.8 13150.8 13150.8 13150.8
-15 0 1 -15 0 1 0 0 0 0 0 -4.12868e-09 -0 0 0 -0 0 0 0 0 0 0 0 0 0 0 0 0 0 1 13150.8 13150.8 13150.8 13150.8
-15 0 1 -15 0 1 0 0 0 0 0 -6.34736e-09 -0 0 0 -0 0 0 0 0 0 0 0 0 0 0 0 0 0 1 13150.8 13150.8 13150.8 13150.8
-15 0 1 -15 0 1 0 0 0 0 0 -1.20095e-09 -0 0 0 -0 0 0 0 0 0 0 0 0 0 0 0 0 0 1 13150.8 13150.8 13150.8 13150.8
-15 0 1 -15 0 1 0 0 0 0 0 3.90328e-09 -0 0 0 -0 0 0 0 0 0 0 0 0 0 0 0 0 0 1 13150.8 13150.8 13150.8 13150.8
-15 0 1 -15 0 1 0 0 0 0 0 1.78144e-09 -0 0 0 -0 0 0 0 0 0 0 0 0 0 0 0 0 0 1 13150.8 13150.8 13150.8 13150.8
-15 0 1 -15 0 1 0 0 0 0 0 -5.32789e-10 -0 0 0 -0 0 0 0 0 0 0 0 0 0 0 0 0 0 1 13150.8 13150.8 13150.8 13150.8
-15 0 1 -15 0 1 0 0 0 0 0 -2.99693e-09 -0 0 0 -0 0 0 0 0 0 0 0 0 0 0 0 0 0 1 13150.8 13150.8 13150.8 13150.8
-15 0 1 -15 0 1 0 0 0 0 0 -4.79178e-09 -0 0 0 -0 0 0 0 0 0 0 0 0 0 0 0 0 0 1 13150.8 13150.8 13150.8 13150.8
-15 0 1 -15 0 1 0 0 0 0 0 2.80426e-10 -0 0 0 -0 0 0 0 0 0 0 0 0 0 0 0 0 0 1 13150.8 13150.8 13150.8 13150.8
-15 0 1 -15 0 1 0 0 0 0 0 5.42341e-09 -0 0 0 -0 0 0 0 0 0 0 0 0 0 0 0 0 0 1 13150.8 13150.8 13150.8 13150.8
-15 0 1 -15 0 1 0 0 0 0 0 3.16146e-09 -0 0 0 -0 0 0 0 0 0 0 0 0 0 0 0 0 0 1 13150.8 13150.8 13150.8 13150.8
-15 0 1 -15 0 1 0 0 0 0 0 1.00895e-09 -0 0 0 -0 0 0 0 0 0 0 0 0 0 0 0 0 0 1 13150.8 13150.8 13150.8 13150.8
-15 0 1 -15 0 1 0 0 0 0 0 -1.23398e-09 -0 0 0 -0 0 0 0 0 0 0 0 0 0 0 0 0 0 1 13150.8 13150.8 13150.8 13150.8
-15 0 1 -15 0 1 0 0 0 0 0 -3.33701e-09 -0 0 0 -0 0 0 0 0 0 0 0 0 0 0 0 0 0 1 13150.8 13150.8 13150.8 13150.8
-15 0 1 -15 0 1 0 0 0 0 0 -5.52579e-09 -0 0 0 -0 0 0 0 0 0 0 0 0 0 0 0 0 0 1 13150.8 13150.8 13150.8 13150.8
-15 0 1 -15 0 1 0 0 0 0 0 -4.46049e-10 -0 0 0 -0 0 0 0 0 0 0 0 0 0 0 0 0 0 1 13150.8 13150.8 13150.8 13150.8
-15 0 1 -15 0 1 0 0 0 0 0 4.6922e-09 -0 0 0 -0 0 0 0 0 0 0 0 0 0 0 0 0 0 1 13150.8 13150.8 13150.8 13150.8
-15 0 1 -15 0 1 0 0 0 0 0 2.52411e-09 -0 0 0 -0 0 0 0 0 0 0 0 0 0 0 0 0 0 1 13150.8 13150.8 13150.8 13150.8
-15 0 1 -15 0 1 0 0 0 0 0 -1.84397e-09 -0 0 0 -0 0 0 0 0 0 0 0 0 0 0 0 0 0 1 13150.8 13150.8 13150.8 13150.8
-15 0 1 -15 0 1 0 0 0 0 0 -1.84397e-09 -0 0 0 -0 0 0 0 0 0 0 0 0 0 0 0 0 0 1 13150.8 13150.8 13150.8 13150.8
-15 0 1 -15 0 1 0 0 0 0 0 -4.04282e-09 -0 0 0 -0 0 0 0 0 0 0 0 0 0 0 0 0 0 1 13150.8 13150.8 13150.8 13150.8
-15 0 1 -15 0 1 0 0 0 0 0 -6.23547e-09 -0 0 0 -0 0 0 0 0 0 0 0 0 0 0 0 0 0 1 13150.8 13150.8 13150.8 13150.8
-15 0 1 -15 0 1 0 0 0 0 0 3.93982e-09 -0 0 0 -0 0 0 0 0 0 0 0 0 0 0 0 0 0 1 13150.8 13150.8 13150.8 13150.8
-15 0 1 -15 0 1 0 0 0 0 0 1.75188e-09 -0 0 0 -0 0 0 0 0 0 0 0 0 0 0 0 0 0 1 13150.8 13150.8 13150.8 13150.8
-15 0 1 -15 0 1 0 0 0 0 0 -4.81623e-10 -0 0 0 -0 0 0 0 0 0 0 0 0 0 0 0 0 0 1 13150.8 13150.8 13150.8 13150.8
-15 0 1 -15 0 1 0 0 0 0 0 -4.81623e-10 -0 0 0 -0 0 0 0 0 0 0 0 0 0 0 0 0 0 1 13150.8 13150.8 13150.8 13150.8
-15 0 1 -15 0 1 0 0 0 0 0 -2.6772e-09 -0 0 0 -0 0 0 0 0 0 0 0 0 0 0 0 0 0 1 13150.8 13150.8 13150.8 13150.8
-15 0 1 -15 0 1 0 0 0 0 0 -4.82055e-09 -0 0 0 -0 0 0 0 0 0 0 0 0 0 0 0 0 0 1 13150.8 13150.8 13150.8 13150.8
-15 0 1 -15 0 1 0 0 0 0 0 5.36046e-09 -0 0 0 -0 0 0 0 0 0 0 0 0 0 0 0 0 0 1 13150.8 13150.8 13150.8 13150.8
-15 0 1 -15 0 1 0 0 0 0 0 5.36046e-09 -0 0 0 -0 0 0 0 0 0 0 0 0 0 0 0 0 0 1 13150.8 13150.8 13150.8 13150.8
-15 0 1 -15 0 1 0 0 0 0 0 9.75497e-10 -0 0 0 -0 0 0 0 0 0 0 0 0 0 0 0 0 0 1 13150.8 13150.8 13150.8 13150.8
-15 0 1 -15 0 1 0 0 0 0 0 9.75497e-10 -0 0 0 -0 0 0 0 0 0 0 0 0 0 0 0 0 0 1 13150.8 13150.8 13150.8 13150.8
-15 0 1 -15 0 1 0 0 0 0 0 -1.23517e-09 -0 0 0 -0 0 0 0 0 0 0 0 0 0 0 0 0 0 1 13150.8 13150.8 13150.8 13150.8
-15 0 1 -15 0 1 0 0 0 0 0 -3.41429e-09 -0 0 0 -0 0 0 0 0 0 0 0 0 0 0 0 0 0 1 13150.8 13150.8 13150.8 13150.8
-15 0 1 -15 0 1 0 0 0 0 0 -5.61309e-09 -0 0 0 -0 0 0 0 0 0 0 0 0 0 0 0 0 0 1 13150.8 13150.8 13150.8 13150.8
-15 0 1 -15 0 1 0 0 0 0 0 -4.6014e-10 -0 0 0 -0 0 0 0 0 0 0 0 0 0 0 0 0 0 1 13150.8 13150.8 13150.8 13150.8
-15 0 1 -15 0 1 0 0 0 0 0 4.65353e-09 -0 0 0 -0 0 0 0 0 0 0 0 0 0 0 0 0 0 1 13150.8 13150.8 13150.8 13150.8
-15 0 1 -15 0 1 0 0 0 0 0 2.47909e-09 -0 0 0 -0 0 0 0 0 0 0 0 0 0 0 0 0 0 1 13150.8 13150.8 13150.8 13150.8
-15 0 1 -15 0 1 0 0 0 0 0 3.12099e-10 -0 0 0 -0 0 0 0 0 0 0 0 0 0 0 0 0 0 1 13150.8 13150.8 13150.8 13150.8
-15 0 1 -15 0 1 0 0 0 0 0 -1.89437e-09 -0 0 0 -0 0 0 0 0 0 0 0 0 0 0 0 0 0 1 13150.8 13150.8 13150.8 13150.8
-15 0 1 -15 0 1 0 0 0 0 0 -4.08281e-09 -0 0 0 -0 0 0 0 0 0 0 0 0 0 0 0 0 0 1 13150.8 13150.8 13150.8 13150.8
-15 0 1 -15 0 1 0 0 0 0 0 -6.25274e-09 -0 0 0 -0 0 0 0 0 0 0 0 0 0 0 0 0 0 1 13150.8 13150.8 13150.8 13150.8
-15 0 1 -15 0 1 0 0 0 0 0 3.88498e-09 -0 0 0 -0 0 0 0 0 0 0 0 0 0 0 0 0 0 1 13150.8 13150.8 13150.8 13150.8
-15 0 1 -15 0 1 0 0 0 0 0 1.67247e-09 -0 0 0 -0 0 0 0 0 0 0 0 0 0 0 0 0 0 1 13150.8 13150.8 13150.8 13150.8
-15 0 1 -15 0 1 0 0 0 0 0 1.67247e-09 -0 0 0 -0 0 0 0 0 0 0 0 0 0 0 0 0 0 1 13150.8 13150.8 13150.8 13150.8
-15 0 1 -15 0 1 0 0 0 0 0 -2.68682e-09 -0 0 0 -0 0 0 0 0 0 0 0 0 0 0 0 0 0 1 13150.8 13150.8 13150.8 13150.8
-15 0 1 -15 0 1 0 0 0 0 0 2.45237e-09 -0 0 0 -0 0 0 0 0 0 0 0 0 0 0 0 0 0 1 13150.8 13150.8 13150.8 13150.8
-15 0 1 -15 0 1 0 0 0 0 0 2.45237e-09 -0 0 0 -0 0 0 0 0 0 0 0 0 0 0 0 0 0 1 13150.8 13150.8 13150.8 13150.8
-15 0 1 -15 0 1 0 0 0 0 0 2.72703e-10 -0 0 0 -0 0 0 0 0 0 0 0 0 0 0 0 0 0 1 13150.8 13150.8 13150.8 13150.8
-15 0 1 -15 0 1 0 0 0 0 0 -1.93174e-09 -0 0 0 -0 0 0 0 0 0 0 0 0 0 0 0 0 0 1 13150.8 13150.8 13150.8 13150.8
-15 0 1 -15 0 1 0 0 0 0 0 -6.31416e-09 -0 0 0 -0 0 0 0 0 0 0 0 0 0 0 0 0 0 1 13150.8 13150.8 13150.8 13150.8
-15 0 1 -15 0 1 0 0 0 0 0 -6.31416e-09 -0 0 0 -0 0 0 0 0 0 0 0 0 0 0 0 0 0 1 13150.8 13150.8 13150.8 13150.8
-15 0 1 -15 0 1 0 0 0 0 0 3.81993e-09 -0 0 0 -0 0 0 0 0 0 0 0 0 0 0 0 0 0 1 13150.8 13150.8 13150.8 13150.8
-15 0 1 -15 0 1 0 0 0 0 0 1.61967e-09 -0 0 0 -0 0 0 0 0 0 0 0 0 0 0 0 0 0 1 13150.8 13150.8 13150.8 13150.8
-15 0 1 -15 0 1 0 0 0 0 0 1.61967e-09 -0 0 0 -0 0 0 0 0 0 0 0 0 0 0 0 0 0 1 13150.8 13150.8 13150.8 13150.8
-15 0 1 -15 0 1 0 0 0 0 0 -2.75518e-09 -0 0 0 -0 0 0 0 0 0 0 0 0 0 0 0 0 0 1 13150.8 13150.8 13150.8 13150.8
-15 0 1 -15 0 1 0 0 0 0 0 -2.75518e-09 -0 0 0 -0 0 0 0 0 0 0 0 0 0 0 0 0 0 1 13150.8 13150.8 13150.8 13150.8
-15 0 1 -15 0 1 0 0 0 0 0 2.50104e-09 -0 0 0 -0 0 0 0 0 0 0 0 0 0 0 0 0 0 1 13150.8 13150.8 13150.8 13150.8
-15 0 1 -15 0 1 0 0 0 0 0 5.2885e-09 -0 0 0 -0 0 0 0 0 0 0 0 0 0 0 0 0 0 1 13150.8 13150.8 13150.8 13150.8
-15 0 1 -15 0 1 0 0 0 0 0 5.2885e-09 -0 0 0 -0 0 0 0 0 0 0 0 0 0 0 0 0 0 1 13150.8 13150.8 13150.8 13150.8
-15 0 1 -15 0 1 0 0 0 0 0 3.07954e-09 -0 0 0 -0 0 0 0 0 0 0 0 0 0 0 0 0 0 1 13150.8 13150.8 13150.8 13150.8
-15 0 1 -15 0 1 0 0 0 0 0 -1.29223e-09 -0 0 0 -0 0 0 0 0 0 0 0 0 0 0 0 0 0 1 13150.8 13150.8 13150.8 13150.8
-15 0 1 -15 0 1 0 0 0 0 0 -3.4819e-09 -0 0 0 -0 0 0 0 0 0 0 0 0 0 0 0 0 0 1 13150.8 13150.8 13150.8 13150.8
-15 0 1 -15 0 1 0 0 0 0 0 -3.4819e-09 -0 0 0 -0 0 0 0 0 0 0 0 0 0 0 0 0 0 1 13150.8 13150.8 13150.8 13150.8
-15 0 1 -15 0 1 0 0 0 0 0 1.6254e-09 -0 0 0 -0 0 0 0 0 0 0 0 0 0 0 0 0 0 1 13150.8 13150.8 13150.8 13150.8
-15 0 1 -15 0 1 0 0 0 0 0 6.76938e-09 -0 0 0 -0 0 0 0 0 0 0 0 0 0 0 0 0 0 1 13150.8 13150.8 13150.8 13150.8
-15 0 1 -15 0 1 0 0 0 0 0 4.57232e-09 -0 0 0 -0 0 0 0 0 0 0 0 0 0 0 0 0 0 1 13150.8 13150.8 13150.8 13150.8
-15 0 1 -15 0 1 0 0 0 0 0 2.41341e-09 -0 0 0 -0 0 0 0 0 0 0 0 0 0 0 0 0 0 1 13150.8 13150.8 13150.8 13150.8
-15 0 1 -15 0 1 0 0 0 0 0 -1.96696e-09 -0 0 0 -0 0 0 0 0 0 0 0 0 0 0 0 0 0 1 13150.8 13150.8 13150.8 13150.8
-15 0 1 -15 0 1 0 0 0 0 0 -1.96696e-09 -0 0 0 -0 0 0 0 0 0 0 0 0 0 0 0 0 0 1 13150.8 13150.8 13150.8 13150.8
-15 0 1 -15 0 1 0 0 0 0 0 -4.18254e-09 -0 0 0 -0 0 0 0 0 0 0 0 0 0 0 0 0 0 1 13150.8 13150.8 13150.8 13150.8
-15 0 1 -15 0 1 0 0 0 0 0 -6.40257e-09 -0 0 0 -0 0 0 0 0 0 0 0 0 0 0 0 0 0 1 13150.8 13150.8 13150.8 13150.8
-15 0 1 -15 0 1 0 0 0 0 0 -1.39391e-09 -0 0 0 -0 0 0 0 0 0 0 0 0 0 0 0 0 0 1 13150.8 13150.8 13150.8 13150.8
-15 0 1 -15 0 1 0 0 0 0 0 3.74958e-09 -0 0 0 -0 0 0 0 0 0 0 0 0 0 0 0 0 0 1 13150.8 13150.8 13150.8 13150.8
-15 0 1 -15 0 1 0 0 0 0 0 -6.30096e-10 -0 0 0 -0 0 0 0 0 0 0 0 0 0 0 0 0 0 1 13150.8 13150.8 13150.8 13150.8
-15 0 1 -15 0 1 0 0 0 0 0 -6.30096e-10 -0 0 0 -0 0 0 0 0 0 0 0 0 0 0 0 0 0 1 13150.8 13150.8 13150.8 13150.8
-15 0 1 -15 0 1 0 0 0 0 0 -2.80547e-09 -0 0 0 -0 0 0 0 0 0 0 0 0 0 0 0 0 0 1 13150.8 13150.8 13150.8 13150.8
-15 0 1 -15 0 1 0 0 0 0 0 -4.97857e-09 -0 0 0 -0 0 0 0 0 0 0 0 0 0 0 0 0 0 1 13150.8 13150.8 13150.8 13150.8
-15 0 1 -15 0 1 0 0 0 0 0 5.16593e-09 -0 0 0 -0 0 0 0 0 0 0 0 0 0 0 0 0 0 1 13150.8 13150.8 13150.8 13150.8
-15 0 1 -15 0 1 0 0 0 0 0 2.97588e-09 -0 0 0 -0 0 0 0 0 0 0 0 0 0 0 0 0 0 1 13150.8 13150.8 13150.8 13150.8
-15 0 1 -15 0 1 0 0 0 0 0 2.97588e-09 -0 0 0 -0 0 0 0 0 0 0 0 0 0 0 0 0 0 1 13150.8 13150.8 13150.8 13150.8
-15 0 1 -15 0 1 0 0 0 0 0 -1.40545e-09 -0 0 0 -0 0 0 0 0 0 0 0 0 0 0 0 0 0 1 13150.8 13150.8 13150.8 13150.8
-15 0 1 -15 0 1 0 0 0 0 0 -1.40545e-09 -0 0 0 -0 0 0 0 0 0 0 0 0 0 0 0 0 0 1 13150.8 13150.8 13150.8 13150.8
-15 0 1 -15 0 1 0 0 0 0 0 -3.63577e-09 -0 0 0 -0 0 0 0 0 0 0 0 0 0 0 0 0 0 1 13150.8 13150.8 13150.8 13150.8
-15 0 1 -15 0 1 0 0 0 0 0 -5.85839e-09 -0 0 0 -0 0 0 0 0 0 0 0 0 0 0 0 0 0 1 13150.8 13150.8 13150.8 13150.8
-15 0 1 -15 0 1 0 0 0 0 0 -8.0121e-10 -0 0 0 -0 0 0 0 0 0 0 0 0 0 0 0 0 0 1 13150.8 13150.8 13150.8 13150.8
-15 0 1 -15 0 1 0 0 0 0 0 -4.30405e-09 -0 0 0 -0 0 0 0 0 0 0 0 0 0 0 0 0 0 1 13150.8 13150.8 13150.8 13150.8
-15 0 1 -15 0 1 0 0 0 0 0 -5.17722e-09 -0 0 0 -0 0 0 0 0 0 0 0 0 0 0 0 0 0 1 13150.8 13150.8 13150.8 13150.8
-15 0 1 -15 0 1 0 0 0 0 0 -9.46784e-11 -0 0 0 -0 0 0 0 0 0 0 0 0 0 0 0 0 0 1 13150.8 13150.8 13150.8 13150.8
-15 0 1 -15 0 1 0 0 0 0 0 2.76365e-09 -0 0 0 -0 0 0 0 0 0 0 0 0 0 0 0 0 0 1 13150.8 13150.8 13150.8 13150.8
-15 0 1 -15 0 1 0 0 0 0 0 2.76365e-09 -0 0 0 -0 0 0 0 0 0 0 0 0 0 0 0 0 0 1 13150.8 13150.8 13150.8 13150.8
-15 0 1 -15 0 1 0 0 0 0 0 5.70799e-10 -0 0 0 -0 0 0 0 0 0 0 0 0 0 0 0 0 0 1 13150.8 13150.8 13150.8 13150.8
-15 0 1 -15 0 1 0 0 0 0 0 -1.61689e-09 -0 0 0 -0 0 0 0 0 0 0 0 0 0 0 0 0 0 1 13150.8 13150.8 13150.8 13150.8
-15 0 1 -15 0 1 0 0 0 0 0 -3.77922e-09 -0 0 0 -0 0 0 0 0 0 0 0 0 0 0 0 0 0 1 13150.8 13150.8 13150.8 13150.8
-15 0 1 -15 0 1 0 0 0 0 0 -9.64682e-10 -0 0 0 -0 0 0 0 0 0 0 0 0 0 0 0 0 0 1 13150.8 13150.8 13150.8 13150.8
-15 0 1 -15 0 1 0 0 0 0 0 -9.64682e-10 -0 0 0 -0 0 0 0 0 0 0 0 0 0 0 0 0 0 1 13150.8 13150.8 13150.8 13150.8
-15 0 1 -15 0 1 0 0 0 0 0 -3.19527e-09 -0 0 0 -0 0 0 0 0 0 0 0 0 0 0 0 0 0 1 13150.8 13150.8 13150.8 13150.8
-15 0 1 -15 0 1 0 0 0 0 0 -5.40543e-09 -0 0 0 -0 0 0 0 0 0 0 0 0 0 0 0 0 0 1 13150.8 13150.8 13150.8 13150.8
-15 0 1 -15 0 1 0 0 0 0 0 -3.22629e-10 -0 0 0 -0 0 0 0 0 0 0 0 0 0 0 0 0 0 1 13150.8 13150.8 13150.8 13150.8
-15 0 1 -15 0 1 0 0 0 0 0 4.82816e-09 -0 0 0 -0 0 0 0 0 0 0 0 0 0 0 0 0 0 1 13150.8 13150.8 13150.8 13150.8
-15 0 1 -15 0 1 0 0 0 0 0 2.72106e-09 -0 0 0 -0 0 0 0 0 0 0 0 0 0 0 0 0 0 1 13150.8 13150.8 13150.8 13150.8
-15 0 1 -15 0 1 0 0 0 0 0 5.26954e-10 -0 0 0 -0 0 0 0 0 0 0 0 0 0 0 0 0 0 1 13150.8 13150.8 13150.8 13150.8
-15 0 1 -15 0 1 0 0 0 0 0 -3.85465e-09 -0 0 0 -0 0 0 0 0 0 0 0 0 0 0 0 0 0 1 13150.8 13150.8 13150.8 13150.8
-15 0 1 -15 0 1 0 0 0 0 0 -3.85465e-09 -0 0 0 -0 0 0 0 0 0 0 0 0 0 0 0 0 0 1 13150.8 13150.8 13150.8 13150.8
-15 0 1 -15 0 1 0 0 0 0 0 1.24924e-09 -0 0 0 -0 0 0 0 0 0 0 0 0 0 0 0 0 0 1 13150.8 13150.8 13150.8 13150.8
-15 0 1 -15 0 1 0 0 0 0 0 4.09542e-09 -0 0 0 -0 0 0 0 0 0 0 0 0 0 0 0 0 0 1 13150.8 13150.8 13150.8 13150.8
-15 0 1 -15 0 1 0 0 0 0 0 4.09542e-09 -0 0 0 -0 0 0 0 0 0 0 0 0 0 0 0 0 0 1 13150.8 13150.8 13150.8 13150.8
-15 0 1 -15 0 1 0 0 0 0 0 -2.5808e-10 -0 0 0 -0 0 0 0 0 0 0 0 0 0 0 0 0 0 1 13150.8 13150.8 13150.8 13150.8
-15 0 1 -15 0 1 0 0 0 0 0 -2.5808e-10 -0 0 0 -0 0 0 0 0 0 0 0 0 0 0 0 0 0 1 13150.8 13150.8 13150.8 13150.8
-15 0 1 -15 0 1 0 0 0 0 0 -4.65184e-09 -0 0 0 -0 0 0 0 0 0 0 0 0 0 0 0 0 0 1 13150.8 13150.8 13150.8 13150.8
-15 0 1 -15 0 1 0 0 0 0 0 3.76084e-10 -0 0 0 -0 0 0 0 0 0 0 0 0 0 0 0 0 0 1 13150.8 13150.8 13150.8 13150.8
-15 0 1 -15 0 1 0 0 0 0 0 3.76084e-10 -0 0 0 -0 0 0 0 0 0 0 0 0 0 0 0 0 0 1 13150.8 13150.8 13150.8 13150.8
-15 0 1 -15 0 1 0 0 0 0 0 -1.83761e-09 -0 0 0 -0 0 0 0 0 0 0 0 0 0 0 0 0 0 1 13150.8 13150.8 13150.8 13150.8
-15 0 1 -15 0 1 0 0 0 0 0 -4.0235e-09 -0 0 0 -0 0 0 0 0 0 0 0 0 0 0 0 0 0 1 13150.8 13150.8 13150.8 13150.8
-15 0 1 -15 0 1 0 0 0 0 0 -1.16801e-09 -0 0 0 -0 0 0 0 0 0 0 0 0 0 0 0 0 0 1 13150.8 13150.8 13150.8 13150.8
-15 0 1 -15 0 1 0 0 0 0 0 -3.36314e-09 -0 0 0 -0 0 0 0 0 0 0 0 0 0 0 0 0 0 1 13150.8 13150.8 13150.8 13150.8
-15 0 1 -15 0 1 0 0 0 0 0 1.72246e-09 -0 0 0 -0 0 0 0 0 0 0 0 0 0 0 0 0 0 1 13150.8 13150.8 13150.8 13150.8
-15 0 1 -15 0 1 0 0 0 0 0 1.72246e-09 -0 0 0 -0 0 0 0 0 0 0 0 0 0 0 0 0 0 1 13150.8 13150.8 13150.8 13150.8
-15 0 1 -15 0 1 0 0 0 0 0 -5.40789e-10 -0 0 0 -0 0 0 0 0 0 0 0 0 0 0 0 0 0 1 13150.8 13150.8 13150.8 13150.8
-15 0 1 -15 0 1 0 0 0 0 0 -2.67615e-09 -0 0 0 -0 0 0 0 0 0 0 0 0 0 0 0 0 0 1 13150.8 13150.8 13150.8 13150.8
-15 0 1 -15 0 1 0 0 0 0 0 -4.87768e-09 -0 0 0 -0 0 0 0 0 0 0 0 0 0 0 0 0 0 1 13150.8 13150.8 13150.8 13150.8
-15 0 1 -15 0 1 0 0 0 0 0 3.83697e-10 -0 0 0 -0 0 0 0 0 0 0 0 0 0 0 0 0 0 1 13150.8 13150.8 13150.8 13150.8
-15 0 1 -15 0 1 0 0 0 0 0 5.2901e-09 -0 0 0 -0 0 0 0 0 0 0 0 0 0 0 0 0 0 1 13150.8 13150.8 13150.8 13150.8
-15 0 1 -15 0 1 0 0 0 0 0 3.09761e-09 -0 0 0 -0 0 0 0 0 0 0 0 0 0 0 0 0 0 1 13150.8 13150.8 13150.8 13150.8
-15 0 1 -15 0 1 0 0 0 0 0 8.65433e-10 -0 0 0 -0 0 0 0 0 0 0 0 0 0 0 0 0 0 1 13150.8 13150.8 13150.8 13150.8
-15 0 1 -15 0 1 0 0 0 0 0 -1.28693e-09 -0 0 0 -0 0 0 0 0 0 0 0 0 0 0 0 0 0 1 13150.8 13150.8 13150.8 13150.8
-15 0 1 -15 0 1 0 0 0 0 0 -3.47717e-09 -0 0 0 -0 0 0 0 0 0 0 0 0 0 0 0 0 0 1 13150.8 13150.8 13150.8 13150.8
-15 0 1 -15 0 1 0 0 0 0 0 -1.47583e-09 -0 0 0 -0 0 0 0 0 0 0 0 0 0 0 0 0 0 1 13150.8 13150.8 13150.8 13150.8
-15 0 1 -15 0 1 0 0 0 0 0 -1.47583e-09 -0 0 0 -0 0 0 0 0 0 0 0 0 0 0 0 0 0 1 13150.8 13150.8 13150.8 13150.8
-15 0 1 -15 0 1 0 0 0 0 0 -3.71427e-09 -0 0 0 -0 0 0 0 0 0 0 0 0 0 0 0 0 0 1 13150.8 13150.8 13150.8 13150.8
-15 0 1 -15 0 1 0 0 0 0 0 -5.91966e-09 -0 0 0 -0 0 0 0 0 0 0 0 0 0 0 0 0 0 1 13150.8 13150.8 13150.8 13150.8
-15 0 1 -15 0 1 0 0 0 0 0 4.09908e-09 -0 0 0 -0 0 0 0 0 0 0 0 0 0 0 0 0 0 1 13150.8 13150.8 13150.8 13150.8
-15 0 1 -15 0 1 0 0 0 0 0 4.09908e-09 -0 0 0 -0 0 0 0 0 0 0 0 0 0 0 0 0 0 1 13150.8 13150.8 13150.8 13150.8
-15 0 1 -15 0 1 0 0 0 0 0 -2.77409e-10 -0 0 0 -0 0 0 0 0 0 0 0 0 0 0 0 0 0 1 13150.8 13150.8 13150.8 13150.8
-15 0 1 -15 0 1 0 0 0 0 0 -2.77409e-10 -0 0 0 -0 0 0 0 0 0 0 0 0 0 0 0 0 0 1 13150.8 13150.8 13150.8 13150.8
-15 0 1 -15 0 1 0 0 0 0 0 -2.52288e-09 -0 0 0 -0 0 0 0 0 0 0 0 0 0 0 0 0 0 1 13150.8 13150.8 13150.8 13150.8
-15 0 1 -15 0 1 0 0 0 0 0 -4.70772e-09 -0 0 0 -0 0 0 0 0 0 0 0 0 0 0 0 0 0 1 13150.8 13150.8 13150.8 13150.8
-15 0 1 -15 0 1 0 0 0 0 0 5.40196e-09 -0 0 0 -0 0 0 0 0 0 0 0 0 0 0 0 0 0 1 13150.8 13150.8 13150.8 13150.8
-15 0 1 -15 0 1 0 0 0 0 0 3.23195e-09 -0 0 0 -0 0 0 0 0 0 0 0 0 0 0 0 0 0 1 13150.8 13150.8 13150.8 13150.8
-15 0 1 -15 0 1 0 0 0 0 0 3.23195e-09 -0 0 0 -0 0 0 0 0 0 0 0 0 0 0 0 0 0 1 13150.8 13150.8 13150.8 13150.8
-15 0 1 -15 0 1 0 0 0 0 0 1.01927e-09 -0 0 0 -0 0 0 0 0 0 0 0 0 0 0 0 0 0 1 13150.8 13150.8 13150.8 13150.8
-15 0 1 -15 0 1 0 0 0 0 0 -1.16787e-09 -0 0 0 -0 0 0 0 0 0 0 0 0 0 0 0 0 0 1 13150.8 13150.8 13150.8 13150.8
-15 0 1 -15 0 1 0 0 0 0 0 -3.37059e-09 -0 0 0 -0 0 0 0 0 0 0 0 0 0 0 0 0 0 1 13150.8 13150.8 13150.8 13150.8
-15 0 1 -15 0 1 0 0 0 0 0 -5.53607e-09 -0 0 0 -0 0 0 0 0 0 0 0 0 0 0 0 0 0 1 13150.8 13150.8 13150.8 13150.8
-15 0 1 -15 0 1 0 0 0 0 0 -4.07282e-10 -0 0 0 -0 0 0 0 0 0 0 0 0 0 0 0 0 0 1 13150.8 13150.8 13150.8 13150.8
-15 0 1 -15 0 1 0 0 0 0 0 4.67761e-09 -0 0 0 -0 0 0 0 0 0 0 0 0 0 0 0 0 0 1 13150.8 13150.8 13150.8 13150.8
-15 0 1 -15 0 1 0 0 0 0 0 2.49126e-09 -0 0 0 -0 0 0 0 0 0 0 0 0 0 0 0 0 0 1 13150.8 13150.8 13150.8 13150.8
-15 0 1 -15 0 1 0 0 0 0 0 3.23721e-10 -0 0 0 -0 0 0 0 0 0 0 0 0 0 0 0 0 0 1 13150.8 13150.8 13150.8 13150.8
-15 0 1 -15 0 1 0 0 0 0 0 -1.94151e-09 -0 0 0 -0 0 0 0 0 0 0 0 0 0 0 0 0 0 1 13150.8 13150.8 13150.8 13150.8
-15 0 1 -15 0 1 0 0 0 0 0 -4.07346e-09 -0 0 0 -0 0 0 0 0 0 0 0 0 0 0 0 0 0 1 13150.8 13150.8 13150.8 13150.8
-15 0 1 -15 0 1 0 0 0 0 0 1.17675e-09 -0 0 0 -0 0 0 0 0 0 0 0 0 0 0 0 0 0 1 13150.8 13150.8 13150.8 13150.8
-15 0 1 -15 0 1 0 0 0 0 0 6.11601e-09 -0 0 0 -0 0 0 0 0 0 0 0 0 0 0 0 0 0 1 13150.8 13150.8 13150.8 13150.8
-15 0 1 -15 0 1 0 0 0 0 0 3.92313e-09 -0 0 0 -0 0 0 0 0 0 0 0 0 0 0 0 0 0 1 13150.8 13150.8 13150.8 13150.8
-15 0 1 -15 0 1 0 0 0 0 0 1.72816e-09 -0 0 0 -0 0 0 0 0 0 0 0 0 0 0 0 0 0 1 13150.8 13150.8 13150.8 13150.8
-15 0 1 -15 0 1 0 0 0 0 0 -4.52713e-10 -0 0 0 -0 0 0 0 0 0 0 0 0 0 0 0 0 0 1 13150.8 13150.8 13150.8 13150.8
-15 0 1 -15 0 1 0 0 0 0 0 -2.66642e-09 -0 0 0 -0 0 0 0 0 0 0 0 0 0 0 0 0 0 1 13150.8 13150.8 13150.8 13150.8
-15 0 1 -15 0 1 0 0 0 0 0 -4.84716e-09 -0 0 0 -0 0 0 0 0 0 0 0 0 0 0 0 0 0 1 13150.8 13150.8 13150.8 13150.8
-15 0 1 -15 0 1 0 0 0 0 0 2.54179e-10 -0 0 0 -0 0 0 0 0 0 0 0 0 0 0 0 0 0 1 13150.8 13150.8 13150.8 13150.8
-15 0 1 -15 0 1 0 0 0 0 0 3.12304e-09 -0 0 0 -0 0 0 0 0 0 0 0 0 0 0 0 0 0 1 13150.8 13150.8 13150.8 13150.8
-15 0 1 -15 0 1 0 0 0 0 0 9.37595e-10 -0 0 0 -0 0 0 0 0 0 0 0 0 0 0 0 0 0 1 13150.8 13150.8 13150.8 13150.8
-15 0 1 -15 0 1 0 0 0 0 0 9.37595e-10 -0 0 0 -0 0 0 0 0 0 0 0 0 0 0 0 0 0 1 13150.8 13150.8 13150.8 13150.8
-15 0 1 -15 0 1 0 0 0 0 0 -3.43972e-09 -0 0 0 -0 0 0 0 0 0 0 0 0 0 0 0 0 0 1 13150.8 13150.8 13150.8 13150.8
-15 0 1 -15 0 1 0 0 0 0 0 -3.43972e-09 -0 0 0 -0 0 0 0 0 0 0 0 0 0 0 0 0 0 1 13150.8 13150.8 13150.8 13150.8
-15 0 1 -15 0 1 0 0 0 0 0 6.8031e-09 -0 0 0 -0 0 0 0 0 0 0 0 0 0 0 0 0 0 1 13150.8 13150.8 13150.8 13150.8
-15 0 1 -15 0 1 0 0 0 0 0 6.8031e-09 -0 0 0 -0 0 0 0 0 0 0 0 0 0 0 0 0 0 1 13150.8 13150.8 13150.8 13150.8
-15 0 1 -15 0 1 0 0 0 0 0 4.63913e-09 -0 0 0 -0 0 0 0 0 0 0 0 0 0 0 0 0 0 1 13150.8 13150.8 13150.8 13150.8
-15 0 1 -15 0 1 0 0 0 0 0 2.44453e-09 -0 0 0 -0 0 0 0 0 0 0 0 0 0 0 0 0 0 1 13150.8 13150.8 13150.8 13150.8
-15 0 1 -15 0 1 0 0 0 0 0 1.81778e-10 -0 0 0 -0 0 0 0 0 0 0 0 0 0 0 0 0 0 1 13150.8 13150.8 13150.8 13150.8
-15 0 1 -15 0 1 0 0 0 0 0 -1.9369e-09 -0 0 0 -0 0 0 0 0 0 0 0 0 0 0 0 0 0 1 13150.8 13150.8 13150.8 13150.8
-15 0 1 -15 0 1 0 0 0 0 0 -4.14832e-09 -0 0 0 -0 0 0 0 0 0 0 0 0 0 0 0 0 0 1 13150.8 13150.8 13150.8 13150.8
-15 0 1 -15 0 1 0 0 0 0 0 9.57411e-10 -0 0 0 -0 0 0 0 0 0 0 0 0 0 0 0 0 0 1 13150.8 13150.8 13150.8 13150.8
-15 0 1 -15 0 1 0 0 0 0 0 6.00475e-09 -0 0 0 -0 0 0 0 0 0 0 0 0 0 0 0 0 0 1 13150.8 13150.8 13150.8 13150.8
-15 0 1 -15 0 1 0 0 0 0 0 1.64074e-09 -0 0 0 -0 0 0 0 0 0 0 0 0 0 0 0 0 0 1 13150.8 13150.8 13150.8 13150.8
-15 0 1 -15 0 1 0 0 0 0 0 1.64074e-09 -0 0 0 -0 0 0 0 0 0 0 0 0 0 0 0 0 0 1 13150.8 13150.8 13150.8 13150.8
-15 0 1 -15 0 1 0 0 0 0 0 -5.59924e-10 -0 0 0 -0 0 0 0 0 0 0 0 0 0 0 0 0 0 1 13150.8 13150.8 13150.8 13150.8
-15 0 1 -15 0 1 0 0 0 0 0 -2.73287e-09 -0 0 0 -0 0 0 0 0 0 0 0 0 0 0 0 0 0 1 13150.8 13150.8 13150.8 13150.8
-15 0 1 -15 0 1 0 0 0 0 0 -5.00431e-09 -0 0 0 -0 0 0 0 0 0 0 0 0 0 0 0 0 0 1 13150.8 13150.8 13150.8 13150.8
-15 0 1 -15 0 1 0 0 0 0 0 -5.32795e-14 -0 0 0 -0 0 0 0 0 0 0 0 0 0 0 0 0 0 1 13150.8 13150.8 13150.8 13150.8
-15 0 1 -15 0 1 0 0 0 0 0 5.05062e-09 -0 0 0 -0 0 0 0 0 0 0 0 0 0 0 0 0 0 1 13150.8 13150.8 13150.8 13150.8
-15 0 1 -15 0 1 0 0 0 0 0 6.96873e-10 -0 0 0 -0 0 0 0 0 0 0 0 0 0 0 0 0 0 1 13150.8 13150.8 13150.8 13150.8
-15 0 1 -15 0 1 0 0 0 0 0 6.96873e-10 -0 0 0 -0 0 0 0 0 0 0 0 0 0 0 0 0 0 1 13150.8 13150.8 13150.8 13150.8
-15 0 1 -15 0 1 0 0 0 0 0 -1.52454e-09 -0 0 0 -0 0 0 0 0 0 0 0 0 0 0 0 0 0 1 13150.8 13150.8 13150.8 13150.8
-15 0 1 -15 0 1 0 0 0 0 0 -3.69802e-09 -0 0 0 -0 0 0 0 0 0 0 0 0 0 0 0 0 0 1 13150.8 13150.8 13150.8 13150.8
-15 0 1 -15 0 1 0 0 0 0 0 -8.13571e-10 -0 0 0 -0 0 0 0 0 0 0 0 0 0 0 0 0 0 1 13150.8 13150.8 13150.8 13150.8
-15 0 1 -15 0 1 0 0 0 0 0 -8.13571e-10 -0 0 0 -0 0 0 0 0 0 0 0 0 0 0 0 0 0 1 13150.8 13150.8 13150.8 13150.8
-15 0 1 -15 0 1 0 0 0 0 0 -3.94303e-09 -0 0 0 -0 0 0 0 0 0 0 0 0 0 0 0 0 0 1 13150.8 13150.8 13150.8 13150.8
-15 0 1 -15 0 1 0 0 0 0 0 -5.24265e-09 -0 0 0 -0 0 0 0 0 0 0 0 0 0 0 0 0 0 1 13150.8 13150.8 13150.8 13150.8
-15 0 1 -15 0 1 0 0 0 0 0 -1.96764e-10 -0 0 0 -0 0 0 0 0 0 0 0 0 0 0 0 0 0 1 13150.8 13150.8 13150.8 13150.8
-15 0 1 -15 0 1 0 0 0 0 0 4.96175e-09 -0 0 0 -0 0 0 0 0 0 0 0 0 0 0 0 0 0 1 13150.8 13150.8 13150.8 13150.8
-15 0 1 -15 0 1 0 0 0 0 0 5.76904e-10 -0 0 0 -0 0 0 0 0 0 0 0 0 0 0 0 0 0 1 13150.8 13150.8 13150.8 13150.8
-15 0 1 -15 0 1 0 0 0 0 0 5.76904e-10 -0 0 0 -0 0 0 0 0 0 0 0 0 0 0 0 0 0 1 13150.8 13150.8 13150.8 13150.8
-15 0 1 -15 0 1 0 0 0 0 0 -1.6152e-09 -0 0 0 -0 0 0 0 0 0 0 0 0 0 0 0 0 0 1 13150.8 13150.8 13150.8 13150.8
-15 0 1 -15 0 1 0 0 0 0 0 -3.79155e-09 -0 0 0 -0 0 0 0 0 0 0 0 0 0 0 0 0 0 1 13150.8 13150.8 13150.8 13150.8
-15 0 1 -15 0 1 0 0 0 0 0 -5.9382e-09 -0 0 0 -0 0 0 0 0 0 0 0 0 0 0 0 0 0 1 13150.8 13150.8 13150.8 13150.8
-15 0 1 -15 0 1 0 0 0 0 0 -7.51078e-10 -0 0 0 -0 0 0 0 0 0 0 0 0 0 0 0 0 0 1 13150.8 13150.8 13150.8 13150.8
-15 0 1 -15 0 1 0 0 0 0 0 2.23794e-09 -0 0 0 -0 0 0 0 0 0 0 0 0 0 0 0 0 0 1 13150.8 13150.8 13150.8 13150.8
-15 0 1 -15 0 1 0 0 0 0 0 2.23794e-09 -0 0 0 -0 0 0 0 0 0 0 0 0 0 0 0 0 0 1 13150.8 13150.8 13150.8 13150.8
-15 0 1 -15 0 1 0 0 0 0 0 -2.15126e-09 -0 0 0 -0 0 0 0 0 0 0 0 0 0 0 0 0 0 1 13150.8 13150.8 13150.8 13150.8
-15 0 1 -15 0 1 0 0 0 0 0 -2.15126e-09 -0 0 0 -0 0 0 0 0 0 0 0 0 0 0 0 0 0 1 13150.8 13150.8 13150.8 13150.8
-15 0 1 -15 0 1 0 0 0 0 0 2.94853e-09 -0 0 0 -0 0 0 0 0 0 0 0 0 0 0 0 0 0 1 13150.8 13150.8 13150.8 13150.8
-15 0 1 -15 0 1 0 0 0 0 0 8.0861e-09 -0 0 0 -0 0 0 0 0 0 0 0 0 0 0 0 0 0 1 13150.8 13150.8 13150.8 13150.8
-15 0 1 -15 0 1 0 0 0 0 0 5.92803e-09 -0 0 0 -0 0 0 0 0 0 0 0 0 0 0 0 0 0 1 13150.8 13150.8 13150.8 13150.8
-15 0 1 -15 0 1 0 0 0 0 0 3.72303e-09 -0 0 0 -0 0 0 0 0 0 0 0 0 0 0 0 0 0 1 13150.8 13150.8 13150.8 13150.8
-15 0 1 -15 0 1 0 0 0 0 0 -6.91789e-10 -0 0 0 -0 0 0 0 0 0 0 0 0 0 0 0 0 0 1 13150.8 13150.8 13150.8 13150.8
-15 0 1 -15 0 1 0 0 0 0 0 -6.91789e-10 -0 0 0 -0 0 0 0 0 0 0 0 0 0 0 0 0 0 1 13150.8 13150.8 13150.8 13150.8
-15 0 1 -15 0 1 0 0 0 0 0 -2.91113e-09 -0 0 0 -0 0 0 0 0 0 0 0 0 0 0 0 0 0 1 13150.8 13150.8 13150.8 13150.8
-15 0 1 -15 0 1 0 0 0 0 0 -5.03814e-09 -0 0 0 -0 0 0 0 0 0 0 0 0 0 0 0 0 0 1 13150.8 13150.8 13150.8 13150.8
-15 0 1 -15 0 1 0 0 0 0 0 9.66423e-12 -0 0 0 -0 0 0 0 0 0 0 0 0 0 0 0 0 0 1 13150.8 13150.8 13150.8 13150.8
-15 0 1 -15 0 1 0 0 0 0 0 2.96667e-09 -0 0 0 -0 0 0 0 0 0 0 0 0 0 0 0 0 0 1 13150.8 13150.8 13150.8 13150.8
-15 0 1 -15 0 1 0 0 0 0 0 2.96667e-09 -0 0 0 -0 0 0 0 0 0 0 0 0 0 0 0 0 0 1 13150.8 13150.8 13150.8 13150.8
-15 0 1 -15 0 1 0 0 0 0 0 7.58912e-10 -0 0 0 -0 0 0 0 0 0 0 0 0 0 0 0 0 0 1 13150.8 13150.8 13150.8 13150.8
-15 0 1 -15 0 1 0 0 0 0 0 -1.47682e-09 -0 0 0 -0 0 0 0 0 0 0 0 0 0 0 0 0 0 1 13150.8 13150.8 13150.8 13150.8
-15 0 1 -15 0 1 0 0 0 0 0 -3.60397e-09 -0 0 0 -0 0 0 0 0 0 0 0 0 0 0 0 0 0 1 13150.8 13150.8 13150.8 13150.8
-15 0 1 -15 0 1 0 0 0 0 0 -5.81992e-09 -0 0 0 -0 0 0 0 0 0 0 0 0 0 0 0 0 0 1 13150.8 13150.8 13150.8 13150.8
-15 0 1 -15 0 1 0 0 0 0 0 -7.77973e-10 -0 0 0 -0 0 0 0 0 0 0 0 0 0 0 0 0 0 1 13150.8 13150.8 13150.8 13150.8
-15 0 1 -15 0 1 0 0 0 0 0 2.13345e-09 -0 0 0 -0 0 0 0 0 0 0 0 0 0 0 0 0 0 1 13150.8 13150.8 13150.8 13150.8
-15 0 1 -15 0 1 0 0 0 0 0 2.13345e-09 -0 0 0 -0 0 0 0 0 0 0 0 0 0 0 0 0 0 1 13150.8 13150.8 13150.8 13150.8
-15 0 1 -15 0 1 0 0 0 0 0 -2.24835e-09 -0 0 0 -0 0 0 0 0 0 0 0 0 0 0 0 0 0 1 13150.8 13150.8 13150.8 13150.8
-15 0 1 -15 0 1 0 0 0 0 0 2.87259e-09 -0 0 0 -0 0 0 0 0 0 0 0 0 0 0 0 0 0 1 13150.8 13150.8 13150.8 13150.8
-15 0 1 -15 0 1 0 0 0 0 0 2.87259e-09 -0 0 0 -0 0 0 0 0 0 0 0 0 0 0 0 0 0 1 13150.8 13150.8 13150.8 13150.8
-15 0 1 -15 0 1 0 0 0 0 0 -1.49538e-09 -0 0 0 -0 0 0 0 0 0 0 0 0 0 0 0 0 0 1 13150.8 13150.8 13150.8 13150.8
-15 0 1 -15 0 1 0 0 0 0 0 -1.49538e-09 -0 0 0 -0 0 0 0 0 0 0 0 0 0 0 0 0 0 1 13150.8 13150.8 13150.8 13150.8
-15 0 1 -15 0 1 0 0 0 0 0 -3.69724e-09 -0 0 0 -0 0 0 0 0 0 0 0 0 0 0 0 0 0 1 13150.8 13150.8 13150.8 13150.8
-15 0 1 -15 0 1 0 0 0 0 0 -5.88761e-09 -0 0 0 -0 0 0 0 0 0 0 0 0 0 0 0 0 0 1 13150.8 13150.8 13150.8 13150.8
-15 0 1 -15 0 1 0 0 0 0 0 -8.32805e-10 -0 0 0 -0 0 0 0 0 0 0 0 0 0 0 0 0 0 1 13150.8 13150.8 13150.8 13150.8
-15 0 1 -15 0 1 0 0 0 0 0 4.2961e-09 -0 0 0 -0 0 0 0 0 0 0 0 0 0 0 0 0 0 1 13150.8 13150.8 13150.8 13150.8
-15 0 1 -15 0 1 0 0 0 0 0 -7.49929e-11 -0 0 0 -0 0 0 0 0 0 0 0 0 0 0 0 0 0 1 13150.8 13150.8 13150.8 13150.8
-15 0 1 -15 0 1 0 0 0 0 0 -7.49929e-11 -0 0 0 -0 0 0 0 0 0 0 0 0 0 0 0 0 0 1 13150.8 13150.8 13150.8 13150.8
-15 0 1 -15 0 1 0 0 0 0 0 -4.65267e-09 -0 0 0 -0 0 0 0 0 0 0 0 0 0 0 0 0 0 1 13150.8 13150.8 13150.8 13150.8
-15 0 1 -15 0 1 0 0 0 0 0 -4.65267e-09 -0 0 0 -0 0 0 0 0 0 0 0 0 0 0 0 0 0 1 13150.8 13150.8 13150.8 13150.8
-15 0 1 -15 0 1 0 0 0 0 0 1.35201e-10 -0 0 0 -0 0 0 0 0 0 0 0 0 0 0 0 0 0 1 13150.8 13150.8 13150.8 13150.8
-15 0 1 -15 0 1 0 0 0 0 0 5.20919e-09 -0 0 0 -0 0 0 0 0 0 0 0 0 0 0 0 0 0 1 13150.8 13150.8 13150.8 13150.8
-15 0 1 -15 0 1 0 0 0 0 0 2.99501e-09 -0 0 0 -0 0 0 0 0 0 0 0 0 0 0 0 0 0 1 13150.8 13150.8 13150.8 13150.8
-15 0 1 -15 0 1 0 0 0 0 0 8.86942e-10 -0 0 0 -0 0 0 0 0 0 0 0 0 0 0 0 0 0 1 13150.8 13150.8 13150.8 13150.8
-15 0 1 -15 0 1 0 0 0 0 0 -1.35927e-09 -0 0 0 -0 0 0 0 0 0 0 0 0 0 0 0 0 0 1 13150.8 13150.8 13150.8 13150.8
-15 0 1 -15 0 1 0 0 0 0 0 -3.54196e-09 -0 0 0 -0 0 0 0 0 0 0 0 0 0 0 0 0 0 1 13150.8 13150.8 13150.8 13150.8
-15 0 1 -15 0 1 0 0 0 0 0 -5.68906e-09 -0 0 0 -0 0 0 0 0 0 0 0 0 0 0 0 0 0 1 13150.8 13150.8 13150.8 13150.8
-15 0 1 -15 0 1 0 0 0 0 0 -4.29774e-10 -0 0 0 -0 0 0 0 0 0 0 0 0 0 0 0 0 0 1 13150.8 13150.8 13150.8 13150.8
-15 0 1 -15 0 1 0 0 0 0 0 4.49561e-09 -0 0 0 -0 0 0 0 0 0 0 0 0 0 0 0 0 0 1 13150.8 13150.8 13150.8 13150.8
-15 0 1 -15 0 1 0 0 0 0 0 2.31385e-09 -0 0 0 -0 0 0 0 0 0 0 0 0 0 0 0 0 0 1 13150.8 13150.8 13150.8 13150.8
-15 0 1 -15 0 1 0 0 0 0 0 -2.06556e-09 -0 0 0 -0 0 0 0 0 0 0 0 0 0 0 0 0 0 1 13150.8 13150.8 13150.8 13150.8
-15 0 1 -15 0 1 0 0 0 0 0 -2.06556e-09 -0 0 0 -0 0 0 0 0 0 0 0 0 0 0 0 0 0 1 13150.8 13150.8 13150.8 13150.8
-15 0 1 -15 0 1 0 0 0 0 0 3.06104e-09 -0 0 0 -0 0 0 0 0 0 0 0 0 0 0 0 0 0 1 13150.8 13150.8 13150.8 13150.8
-15 0 1 -15 0 1 0 0 0 0 0 8.24349e-09 -0 0 0 -0 0 0 0 0 0 0 0 0 0 0 0 0 0 1 13150.8 13150.8 13150.8 13150.8
-15 0 1 -15 0 1 0 0 0 0 0 5.10207e-09 -0 0 0 -0 0 0 0 0 0 0 0 0 0 0 0 0 0 1 13150.8 13150.8 13150.8 13150.8
-15 0 1 -15 0 1 0 0 0 0 0 1.73463e-09 -0 0 0 -0 0 0 0 0 0 0 0 0 0 0 0 0 0 1 13150.8 13150.8 13150.8 13150.8
-15 0 1 -15 0 1 0 0 0 0 0 1.73463e-09 -0 0 0 -0 0 0 0 0 0 0 0 0 0 0 0 0 0 1 13150.8 13150.8 13150.8 13150.8
-15 0 1 -15 0 1 0 0 0 0 0 -4.82281e-10 -0 0 0 -0 0 0 0 0 0 0 0 0 0 0 0 0 0 1 13150.8 13150.8 13150.8 13150.8
-15 0 1 -15 0 1 0 0 0 0 0 -2.6929e-09 -0 0 0 -0 0 0 0 0 0 0 0 0 0 0 0 0 0 1 13150.8 13150.8 13150.8 13150.8
-15 0 1 -15 0 1 0 0 0 0 0 -4.87922e-09 -0 0 0 -0 0 0 0 0 0 0 0 0 0 0 0 0 0 1 13150.8 13150.8 13150.8 13150.8
-15 0 1 -15 0 1 0 0 0 0 0 1.68156e-10 -0 0 0 -0 0 0 0 0 0 0 0 0 0 0 0 0 0 1 13150.8 13150.8 13150.8 13150.8
-15 0 1 -15 0 1 0 0 0 0 0 5.24345e-09 -0 0 0 -0 0 0 0 0 0 0 0 0 0 0 0 0 0 1 13150.8 13150.8 13150.8 13150.8
-15 0 1 -15 0 1 0 0 0 0 0 3.0481e-09 -0 0 0 -0 0 0 0 0 0 0 0 0 0 0 0 0 0 1 13150.8 13150.8 13150.8 13150.8
-15 0 1 -15 0 1 0 0 0 0 0 -1.34145e-09 -0 0 0 -0 0 0 0 0 0 0 0 0 0 0 0 0 0 1 13150.8 13150.8 13150.8 13150.8
-15 0 1 -15 0 1 0 0 0 0 0 -1.34145e-09 -0 0 0 -0 0 0 0 0 0 0 0 0 0 0 0 0 0 1 13150.8 13150.8 13150.8 13150.8
-15 0 1 -15 0 1 0 0 0 0 0 -3.52798e-09 -0 0 0 -0 0 0 0 0 0 0 0 0 0 0 0 0 0 1 13150.8 13150.8 13150.8 13150.8
-15 0 1 -15 0 1 0 0 0 0 0 -5.69824e-09 -0 0 0 -0 0 0 0 0 0 0 0 0 0 0 0 0 0 1 13150.8 13150.8 13150.8 13150.8
-15 0 1 -15 0 1 0 0 0 0 0 4.55952e-09 -0 0 0 -0 0 0 0 0 0 0 0 0 0 0 0 0 0 1 13150.8 13150.8 13150.8 13150.8
-15 0 1 -15 0 1 0 0 0 0 0 2.4011e-09 -0 0 0 -0 0 0 0 0 0 0 0 0 0 0 0 0 0 1 13150.8 13150.8 13150.8 13150.8
-15 0 1 -15 0 1 0 0 0 0 0 2.4011e-09 -0 0 0 -0 0 0 0 0 0 0 0 0 0 0 0 0 0 1 13150.8 13150.8 13150.8 13150.8
-15 0 1 -15 0 1 0 0 0 0 0 -1.9901e-09 -0 0 0 -0 0 0 0 0 0 0 0 0 0 0 0 0 0 1 13150.8 13150.8 13150.8 13150.8
-15 0 1 -15 0 1 0 0 0 0 0 3.10875e-09 -0 0 0 -0 0 0 0 0 0 0 0 0 0 0 0 0 0 1 13150.8 13150.8 13150.8 13150.8
-15 0 1 -15 0 1 0 0 0 0 0 3.10875e-09 -0 0 0 -0 0 0 0 0 0 0 0 0 0 0 0 0 0 1 13150.8 13150.8 13150.8 13150.8
-15 0 1 -15 0 1 0 0 0 0 0 9.06792e-10 -0 0 0 -0 0 0 0 0 0 0 0 0 0 0 0 0 0 1 13150.8 13150.8 13150.8 13150.8
-15 0 1 -15 0 1 0 0 0 0 0 -1.29332e-09 -0 0 0 -0 0 0 0 0 0 0 0 0 0 0 0 0 0 1 13150.8 13150.8 13150.8 13150.8
-15 0 1 -15 0 1 0 0 0 0 0 -3.47617e-09 -0 0 0 -0 0 0 0 0 0 0 0 0 0 0 0 0 0 1 13150.8 13150.8 13150.8 13150.8
-15 0 1 -15 0 1 0 0 0 0 0 -5.69979e-09 -0 0 0 -0 0 0 0 0 0 0 0 0 0 0 0 0 0 1 13150.8 13150.8 13150.8 13150.8
-15 0 1 -15 0 1 0 0 0 0 0 -7.58691e-10 -0 0 0 -0 0 0 0 0 0 0 0 0 0 0 0 0 0 1 13150.8 13150.8 13150.8 13150.8
-15 0 1 -15 0 1 0 0 0 0 0 4.54577e-09 -0 0 0 -0 0 0 0 0 0 0 0 0 0 0 0 0 0 1 13150.8 13150.8 13150.8 13150.8
-15 0 1 -15 0 1 0 0 0 0 0 2.42084e-09 -0 0 0 -0 0 0 0 0 0 0 0 0 0 0 0 0 0 1 13150.8 13150.8 13150.8 13150.8
-15 0 1 -15 0 1 0 0 0 0 0 2.15591e-10 -0 0 0 -0 0 0 0 0 0 0 0 0 0 0 0 0 0 1 13150.8 13150.8 13150.8 13150.8
-15 0 1 -15 0 1 0 0 0 0 0 -1.93412e-09 -0 0 0 -0 0 0 0 0 0 0 0 0 0 0 0 0 0 1 13150.8 13150.8 13150.8 13150.8
-15 0 1 -15 0 1 0 0 0 0 0 -4.1806e-09 -0 0 0 -0 0 0 0 0 0 0 0 0 0 0 0 0 0 1 13150.8 13150.8 13150.8 13150.8
-15 0 1 -15 0 1 0 0 0 0 0 -1.2239e-09 -0 0 0 -0 0 0 0 0 0 0 0 0 0 0 0 0 0 1 13150.8 13150.8 13150.8 13150.8
-15 0 1 -15 0 1 0 0 0 0 0 -1.2239e-09 -0 0 0 -0 0 0 0 0 0 0 0 0 0 0 0 0 0 1 13150.8 13150.8 13150.8 13150.8
-15 0 1 -15 0 1 0 0 0 0 0 -5.62661e-09 -0 0 0 -0 0 0 0 0 0 0 0 0 0 0 0 0 0 1 13150.8 13150.8 13150.8 13150.8
-15 0 1 -15 0 1 0 0 0 0 0 -5.28658e-10 -0 0 0 -0 0 0 0 0 0 0 0 0 0 0 0 0 0 1 13150.8 13150.8 13150.8 13150.8
-15 0 1 -15 0 1 0 0 0 0 0 -5.28658e-10 -0 0 0 -0 0 0 0 0 0 0 0 0 0 0 0 0 0 1 13150.8 13150.8 13150.8 13150.8
-15 0 1 -15 0 1 0 0 0 0 0 -2.72252e-09 -0 0 0 -0 0 0 0 0 0 0 0 0 0 0 0 0 0 1 13150.8 13150.8 13150.8 13150.8
-15 0 1 -15 0 1 0 0 0 0 0 2.32726e-10 -0 0 0 -0 0 0 0 0 0 0 0 0 0 0 0 0 0 1 13150.8 13150.8 13150.8 13150.8
-15 0 1 -15 0 1 0 0 0 0 0 2.32726e-10 -0 0 0 -0 0 0 0 0 0 0 0 0 0 0 0 0 0 1 13150.8 13150.8 13150.8 13150.8
-15 0 1 -15 0 1 0 0 0 0 0 -4.16644e-09 -0 0 0 -0 0 0 0 0 0 0 0 0 0 0 0 0 0 1 13150.8 13150.8 13150.8 13150.8
-15 0 1 -15 0 1 0 0 0 0 0 -4.16644e-09 -0 0 0 -0 0 0 0 0 0 0 0 0 0 0 0 0 0 1 13150.8 13150.8 13150.8 13150.8
-15 0 1 -15 0 1 0 0 0 0 0 1.06404e-09 -0 0 0 -0 0 0 0 0 0 0 0 0 0 0 0 0 0 1 13150.8 13150.8 13150.8 13150.8
-15 0 1 -15 0 1 0 0 0 0 0 5.97332e-09 -0 0 0 -0 0 0 0 0 0 0 0 0 0 0 0 0 0 1 13150.8 13150.8 13150.8 13150.8
-15 0 1 -15 0 1 0 0 0 0 0 3.66276e-09 -0 0 0 -0 0 0 0 0 0 0 0 0 0 0 0 0 0 1 13150.8 13150.8 13150.8 13150.8
-15 0 1 -15 0 1 0 0 0 0 0 1.50793e-09 -0 0 0 -0 0 0 0 0 0 0 0 0 0 0 0 0 0 1 13150.8 13150.8 13150.8 13150.8
-15 0 1 -15 0 1 0 0 0 0 0 -6.61487e-10 -0 0 0 -0 0 0 0 0 0 0 0 0 0 0 0 0 0 1 13150.8 13150.8 13150.8 13150.8
-15 0 1 -15 0 1 0 0 0 0 0 -2.81161e-09 -0 0 0 -0 0 0 0 0 0 0 0 0 0 0 0 0 0 1 13150.8 13150.8 13150.8 13150.8
-15 0 1 -15 0 1 0 0 0 0 0 -1.10742e-10 -0 0 0 -0 0 0 0 0 0 0 0 0 0 0 0 0 0 1 13150.8 13150.8 13150.8 13150.8
-15 0 1 -15 0 1 0 0 0 0 0 -1.10742e-10 -0 0 0 -0 0 0 0 0 0 0 0 0 0 0 0 0 0 1 13150.8 13150.8 13150.8 13150.8
-15 0 1 -15 0 1 0 0 0 0 0 -2.32625e-09 -0 0 0 -0 0 0 0 0 0 0 0 0 0 0 0 0 0 1 13150.8 13150.8 13150.8 13150.8
-15 0 1 -15 0 1 0 0 0 0 0 5.72263e-10 -0 0 0 -0 0 0 0 0 0 0 0 0 0 0 0 0 0 1 13150.8 13150.8 13150.8 13150.8
-15 0 1 -15 0 1 0 0 0 0 0 5.72263e-10 -0 0 0 -0 0 0 0 0 0 0 0 0 0 0 0 0 0 1 13150.8 13150.8 13150.8 13150.8
-15 0 1 -15 0 1 0 0 0 0 0 -1.65731e-09 -0 0 0 -0 0 0 0 0 0 0 0 0 0 0 0 0 0 1 13150.8 13150.8 13150.8 13150.8
-15 0 1 -15 0 1 0 0 0 0 0 -3.80763e-09 -0 0 0 -0 0 0 0 0 0 0 0 0 0 0 0 0 0 1 13150.8 13150.8 13150.8 13150.8
-15 0 1 -15 0 1 0 0 0 0 0 1.36984e-09 -0 0 0 -0 0 0 0 0 0 0 0 0 0 0 0 0 0 1 13150.8 13150.8 13150.8 13150.8
-15 0 1 -15 0 1 0 0 0 0 0 6.61179e-09 -0 0 0 -0 0 0 0 0 0 0 0 0 0 0 0 0 0 1 13150.8 13150.8 13150.8 13150.8
-15 0 1 -15 0 1 0 0 0 0 0 4.50259e-09 -0 0 0 -0 0 0 0 0 0 0 0 0 0 0 0 0 0 1 13150.8 13150.8 13150.8 13150.8
-15 0 1 -15 0 1 0 0 0 0 0 2.28147e-09 -0 0 0 -0 0 0 0 0 0 0 0 0 0 0 0 0 0 1 13150.8 13150.8 13150.8 13150.8
-15 0 1 -15 0 1 0 0 0 0 0 1.01243e-10 -0 0 0 -0 0 0 0 0 0 0 0 0 0 0 0 0 0 1 13150.8 13150.8 13150.8 13150.8
-15 0 1 -15 0 1 0 0 0 0 0 -2.06537e-09 -0 0 0 -0 0 0 0 0 0 0 0 0 0 0 0 0 0 1 13150.8 13150.8 13150.8 13150.8
-15 0 1 -15 0 1 0 0 0 0 0 -4.24411e-09 -0 0 0 -0 0 0 0 0 0 0 0 0 0 0 0 0 0 1 13150.8 13150.8 13150.8 13150.8
-15 0 1 -15 0 1 0 0 0 0 0 9.40208e-10 -0 0 0 -0 0 0 0 0 0 0 0 0 0 0 0 0 0 1 13150.8 13150.8 13150.8 13150.8
-15 0 1 -15 0 1 0 0 0 0 0 5.96857e-09 -0 0 0 -0 0 0 0 0 0 0 0 0 0 0 0 0 0 1 13150.8 13150.8 13150.8 13150.8
-15 0 1 -15 0 1 0 0 0 0 0 3.73144e-09 -0 0 0 -0 0 0 0 0 0 0 0 0 0 0 0 0 0 1 13150.8 13150.8 13150.8 13150.8
-15 0 1 -15 0 1 0 0 0 0 0 1.5586e-09 -0 0 0 -0 0 0 0 0 0 0 0 0 0 0 0 0 0 1 13150.8 13150.8 13150.8 13150.8
-15 0 1 -15 0 1 0 0 0 0 0 -5.84632e-10 -0 0 0 -0 0 0 0 0 0 0 0 0 0 0 0 0 0 1 13150.8 13150.8 13150.8 13150.8
-15 0 1 -15 0 1 0 0 0 0 0 -4.97719e-09 -0 0 0 -0 0 0 0 0 0 0 0 0 0 0 0 0 0 1 13150.8 13150.8 13150.8 13150.8
-15 0 1 -15 0 1 0 0 0 0 0 -4.97719e-09 -0 0 0 -0 0 0 0 0 0 0 0 0 0 0 0 0 0 1 13150.8 13150.8 13150.8 13150.8
-15 0 1 -15 0 1 0 0 0 0 0 1.86914e-10 -0 0 0 -0 0 0 0 0 0 0 0 0 0 0 0 0 0 1 13150.8 13150.8 13150.8 13150.8
-15 0 1 -15 0 1 0 0 0 0 0 5.24144e-09 -0 0 0 -0 0 0 0 0 0 0 0 0 0 0 0 0 0 1 13150.8 13150.8 13150.8 13150.8
-15 0 1 -15 0 1 0 0 0 0 0 8.7287e-10 -0 0 0 -0 0 0 0 0 0 0 0 0 0 0 0 0 0 1 13150.8 13150.8 13150.8 13150.8
-15 0 1 -15 0 1 0 0 0 0 0 -1.35912e-09 -0 0 0 -0 0 0 0 0 0 0 0 0 0 0 0 0 0 1 13150.8 13150.8 13150.8 13150.8
-15 0 1 -15 0 1 0 0 0 0 0 -1.35912e-09 -0 0 0 -0 0 0 0 0 0 0 0 0 0 0 0 0 0 1 13150.8 13150.8 13150.8 13150.8
-15 0 1 -15 0 1 0 0 0 0 0 -5.71117e-09 -0 0 0 -0 0 0 0 0 0 0 0 0 0 0 0 0 0 1 13150.8 13150.8 13150.8 13150.8
-15 0 1 -15 0 1 0 0 0 0 0 -5.71117e-09 -0 0 0 -0 0 0 0 0 0 0 0 0 0 0 0 0 0 1 13150.8 13150.8 13150.8 13150.8
-15 0 1 -15 0 1 0 0 0 0 0 -6.58089e-10 -0 0 0 -0 0 0 0 0 0 0 0 0 0 0 0 0 0 1 13150.8 13150.8 13150.8 13150.8
-15 0 1 -15 0 1 0 0 0 0 0 2.2845e-09 -0 0 0 -0 0 0 0 0 0 0 0 0 0 0 0 0 0 1 13150.8 13150.8 13150.8 13150.8
-15 0 1 -15 0 1 0 0 0 0 0 1.11927e-10 -0 0 0 -0 0 0 0 0 0 0 0 0 0 0 0 0 0 1 13150.8 13150.8 13150.8 13150.8
-15 0 1 -15 0 1 0 0 0 0 0 1.11927e-10 -0 0 0 -0 0 0 0 0 0 0 0 0 0 0 0 0 0 1 13150.8 13150.8 13150.8 13150.8
-15 0 1 -15 0 1 0 0 0 0 0 -2.09327e-09 -0 0 0 -0 0 0 0 0 0 0 0 0 0 0 0 0 0 1 13150.8 13150.8 13150.8 13150.8
-15 0 1 -15 0 1 0 0 0 0 0 -4.27474e-09 -0 0 0 -0 0 0 0 0 0 0 0 0 0 0 0 0 0 1 13150.8 13150.8 13150.8 13150.8
-15 0 1 -15 0 1 0 0 0 0 0 8.50518e-10 -0 0 0 -0 0 0 0 0 0 0 0 0 0 0 0 0 0 1 13150.8 13150.8 13150.8 13150.8
-15 0 1 -15 0 1 0 0 0 0 0 5.92333e-09 -0 0 0 -0 0 0 0 0 0 0 0 0 0 0 0 0 0 1 13150.8 13150.8 13150.8 13150.8
-15 0 1 -15 0 1 0 0 0 0 0 3.66156e-09 -0 0 0 -0 0 0 0 0 0 0 0 0 0 0 0 0 0 1 13150.8 13150.8 13150.8 13150.8
-15 0 1 -15 0 1 0 0 0 0 0 1.516e-09 -0 0 0 -0 0 0 0 0 0 0 0 0 0 0 0 0 0 1 13150.8 13150.8 13150.8 13150.8
-15 0 1 -15 0 1 0 0 0 0 0 -6.39133e-10 -0 0 0 -0 0 0 0 0 0 0 0 0 0 0 0 0 0 1 13150.8 13150.8 13150.8 13150.8
-15 0 1 -15 0 1 0 0 0 0 0 -2.84977e-09 -0 0 0 -0 0 0 0 0 0 0 0 0 0 0 0 0 0 1 13150.8 13150.8 13150.8 13150.8
-15 0 1 -15 0 1 0 0 0 0 0 -5.01664e-09 -0 0 0 -0 0 0 0 0 0 0 0 0 0 0 0 0 0 1 13150.8 13150.8 13150.8 13150.8
-15 0 1 -15 0 1 0 0 0 0 0 5.18403e-09 -0 0 0 -0 0 0 0 0 0 0 0 0 0 0 0 0 0 1 13150.8 13150.8 13150.8 13150.8
-15 0 1 -15 0 1 0 0 0 0 0 5.18403e-09 -0 0 0 -0 0 0 0 0 0 0 0 0 0 0 0 0 0 1 13150.8 13150.8 13150.8 13150.8
-15 0 1 -15 0 1 0 0 0 0 0 2.94215e-09 -0 0 0 -0 0 0 0 0 0 0 0 0 0 0 0 0 0 1 13150.8 13150.8 13150.8 13150.8
-15 0 1 -15 0 1 0 0 0 0 0 -1.39334e-09 -0 0 0 -0 0 0 0 0 0 0 0 0 0 0 0 0 0 1 13150.8 13150.8 13150.8 13150.8
-15 0 1 -15 0 1 0 0 0 0 0 -3.56886e-09 -0 0 0 -0 0 0 0 0 0 0 0 0 0 0 0 0 0 1 13150.8 13150.8 13150.8 13150.8
-15 0 1 -15 0 1 0 0 0 0 0 -3.56886e-09 -0 0 0 -0 0 0 0 0 0 0 0 0 0 0 0 0 0 1 13150.8 13150.8 13150.8 13150.8
-15 0 1 -15 0 1 0 0 0 0 0 1.60657e-09 -0 0 0 -0 0 0 0 0 0 0 0 0 0 0 0 0 0 1 13150.8 13150.8 13150.8 13150.8
-15 0 1 -15 0 1 0 0 0 0 0 6.62904e-09 -0 0 0 -0 0 0 0 0 0 0 0 0 0 0 0 0 0 1 13150.8 13150.8 13150.8 13150.8
-15 0 1 -15 0 1 0 0 0 0 0 4.42946e-09 -0 0 0 -0 0 0 0 0 0 0 0 0 0 0 0 0 0 1 13150.8 13150.8 13150.8 13150.8
-15 0 1 -15 0 1 0 0 0 0 0 2.25051e-09 -0 0 0 -0 0 0 0 0 0 0 0 0 0 0 0 0 0 1 13150.8 13150.8 13150.8 13150.8
-15 0 1 -15 0 1 0 0 0 0 0 5.10643e-11 -0 0 0 -0 0 0 0 0 0 0 0 0 0 0 0 0 0 1 13150.8 13150.8 13150.8 13150.8
-15 0 1 -15 0 1 0 0 0 0 0 -2.15185e-09 -0 0 0 -0 0 0 0 0 0 0 0 0 0 0 0 0 0 1 13150.8 13150.8 13150.8 13150.8
-15 0 1 -15 0 1 0 0 0 0 0 -4.32849e-09 -0 0 0 -0 0 0 0 0 0 0 0 0 0 0 0 0 0 1 13150.8 13150.8 13150.8 13150.8
-15 0 1 -15 0 1 0 0 0 0 0 9.01914e-10 -0 0 0 -0 0 0 0 0 0 0 0 0 0 0 0 0 0 1 13150.8 13150.8 13150.8 13150.8
-15 0 1 -15 0 1 0 0 0 0 0 5.87028e-09 -0 0 0 -0 0 0 0 0 0 0 0 0 0 0 0 0 0 1 13150.8 13150.8 13150.8 13150.8
-15 0 1 -15 0 1 0 0 0 0 0 1.51421e-09 -0 0 0 -0 0 0 0 0 0 0 0 0 0 0 0 0 0 1 13150.8 13150.8 13150.8 13150.8
-15 0 1 -15 0 1 0 0 0 0 0 1.51421e-09 -0 0 0 -0 0 0 0 0 0 0 0 0 0 0 0 0 0 1 13150.8 13150.8 13150.8 13150.8
-15 0 1 -15 0 1 0 0 0 0 0 -7.86403e-10 -0 0 0 -0 0 0 0 0 0 0 0 0 0 0 0 0 0 1 13150.8 13150.8 13150.8 13150.8
-15 0 1 -15 0 1 0 0 0 0 0 -2.90527e-09 -0 0 0 -0 0 0 0 0 0 0 0 0 0 0 0 0 0 1 13150.8 13150.8 13150.8 13150.8
-15 0 1 -15 0 1 0 0 0 0 0 -5.67074e-11 -0 0 0 -0 0 0 0 0 0 0 0 0 0 0 0 0 0 1 13150.8 13150.8 13150.8 13150.8
-15 0 1 -15 0 1 0 0 0 0 0 -5.67074e-11 -0 0 0 -0 0 0 0 0 0 0 0 0 0 0 0 0 0 1 13150.8 13150.8 13150.8 13150.8
-15 0 1 -15 0 1 0 0 0 0 0 -2.31679e-09 -0 0 0 -0 0 0 0 0 0 0 0 0 0 0 0 0 0 1 13150.8 13150.8 13150.8 13150.8
-15 0 1 -15 0 1 0 0 0 0 0 -4.43853e-09 -0 0 0 -0 0 0 0 0 0 0 0 0 0 0 0 0 0 1 13150.8 13150.8 13150.8 13150.8
-15 0 1 -15 0 1 0 0 0 0 0 7.88902e-10 -0 0 0 -0 0 0 0 0 0 0 0 0 0 0 0 0 0 1 13150.8 13150.8 13150.8 13150.8
-15 0 1 -15 0 1 0 0 0 0 0 5.78541e-09 -0 0 0 -0 0 0 0 0 0 0 0 0 0 0 0 0 0 1 13150.8 13150.8 13150.8 13150.8
-15 0 1 -15 0 1 0 0 0 0 0 1.424e-09 -0 0 0 -0 0 0 0 0 0 0 0 0 0 0 0 0 0 1 13150.8 13150.8 13150.8 13150.8
-15 0 1 -15 0 1 0 0 0 0 0 1.424e-09 -0 0 0 -0 0 0 0 0 0 0 0 0 0 0 0 0 0 1 13150.8 13150.8 13150.8 13150.8
-15 0 1 -15 0 1 0 0 0 0 0 -8.14976e-10 -0 0 0 -0 0 0 0 0 0 0 0 0 0 0 0 0 0 1 13150.8 13150.8 13150.8 13150.8
-15 0 1 -15 0 1 0 0 0 0 0 -2.99281e-09 -0 0 0 -0 0 0 0 0 0 0 0 0 0 0 0 0 0 1 13150.8 13150.8 13150.8 13150.8
-15 0 1 -15 0 1 0 0 0 0 0 -5.15776e-09 -0 0 0 -0 0 0 0 0 0 0 0 0 0 0 0 0 0 1 13150.8 13150.8 13150.8 13150.8
-15 0 1 -15 0 1 0 0 0 0 0 4.34582e-11 -0 0 0 -0 0 0 0 0 0 0 0 0 0 0 0 0 0 1 13150.8 13150.8 13150.8 13150.8
-15 0 1 -15 0 1 0 0 0 0 0 5.06515e-09 -0 0 0 -0 0 0 0 0 0 0 0 0 0 0 0 0 0 1 13150.8 13150.8 13150.8 13150.8
-15 0 1 -15 0 1 0 0 0 0 0 2.85665e-09 -0 0 0 -0 0 0 0 0 0 0 0 0 0 0 0 0 0 1 13150.8 13150.8 13150.8 13150.8
-15 0 1 -15 0 1 0 0 0 0 0 6.95125e-10 -0 0 0 -0 0 0 0 0 0 0 0 0 0 0 0 0 0 1 13150.8 13150.8 13150.8 13150.8
-15 0 1 -15 0 1 0 0 0 0 0 -1.57844e-09 -0 0 0 -0 0 0 0 0 0 0 0 0 0 0 0 0 0 1 13150.8 13150.8 13150.8 13150.8
-15 0 1 -15 0 1 0 0 0 0 0 -3.68379e-09 -0 0 0 -0 0 0 0 0 0 0 0 0 0 0 0 0 0 1 13150.8 13150.8 13150.8 13150.8
-15 0 1 -15 0 1 0 0 0 0 0 1.71722e-10 -0 0 0 -0 0 0 0 0 0 0 0 0 0 0 0 0 0 1 13150.8 13150.8 13150.8 13150.8
-15 0 1 -15 0 1 0 0 0 0 0 1.71722e-10 -0 0 0 -0 0 0 0 0 0 0 0 0 0 0 0 0 0 1 13150.8 13150.8 13150.8 13150.8
-15 0 1 -15 0 1 0 0 0 0 0 -1.68888e-09 -0 0 0 -0 0 0 0 0 0 0 0 0 0 0 0 0 0 1 13150.8 13150.8 13150.8 13150.8
-15 0 1 -15 0 1 0 0 0 0 0 -3.81202e-09 -0 0 0 -0 0 0 0 0 0 0 0 0 0 0 0 0 0 1 13150.8 13150.8 13150.8 13150.8
-15 0 1 -15 0 1 0 0 0 0 0 -6.02941e-09 -0 0 0 -0 0 0 0 0 0 0 0 0 0 0 0 0 0 1 13150.8 13150.8 13150.8 13150.8
-15 0 1 -15 0 1 0 0 0 0 0 4.09777e-09 -0 0 0 -0 0 0 0 0 0 0 0 0 0 0 0 0 0 1 13150.8 13150.8 13150.8 13150.8
-15 0 1 -15 0 1 0 0 0 0 0 1.92493e-09 -0 0 0 -0 0 0 0 0 0 0 0 0 0 0 0 0 0 1 13150.8 13150.8 13150.8 13150.8
-15 0 1 -15 0 1 0 0 0 0 0 1.92493e-09 -0 0 0 -0 0 0 0 0 0 0 0 0 0 0 0 0 0 1 13150.8 13150.8 13150.8 13150.8
-15 0 1 -15 0 1 0 0 0 0 0 -2.80039e-10 -0 0 0 -0 0 0 0 0 0 0 0 0 0 0 0 0 0 1 13150.8 13150.8 13150.8 13150.8
-15 0 1 -15 0 1 0 0 0 0 0 -2.46093e-09 -0 0 0 -0 0 0 0 0 0 0 0 0 0 0 0 0 0 1 13150.8 13150.8 13150.8 13150.8
-15 0 1 -15 0 1 0 0 0 0 0 -4.67949e-09 -0 0 0 -0 0 0 0 0 0 0 0 0 0 0 0 0 0 1 13150.8 13150.8 13150.8 13150.8
-15 0 1 -15 0 1 0 0 0 0 0 5.44667e-09 -0 0 0 -0 0 0 0 0 0 0 0 0 0 0 0 0 0 1 13150.8 13150.8 13150.8 13150.8
-15 0 1 -15 0 1 0 0 0 0 0 5.44667e-09 -0 0 0 -0 0 0 0 0 0 0 0 0 0 0 0 0 0 1 13150.8 13150.8 13150.8 13150.8
-15 0 1 -15 0 1 0 0 0 0 0 3.25275e-09 -0 0 0 -0 0 0 0 0 0 0 0 0 0 0 0 0 0 1 13150.8 13150.8 13150.8 13150.8
-15 0 1 -15 0 1 0 0 0 0 0 1.06724e-09 -0 0 0 -0 0 0 0 0 0 0 0 0 0 0 0 0 0 1 13150.8 13150.8 13150.8 13150.8
-15 0 1 -15 0 1 0 0 0 0 0 -1.15576e-09 -0 0 0 -0 0 0 0 0 0 0 0 0 0 0 0 0 0 1 13150.8 13150.8 13150.8 13150.8
-15 0 1 -15 0 1 0 0 0 0 0 -5.54036e-09 -0 0 0 -0 0 0 0 0 0 0 0 0 0 0 0 0 0 1 13150.8 13150.8 13150.8 13150.8
-15 0 1 -15 0 1 0 0 0 0 0 -5.44214e-10 -0 0 0 -0 0 0 0 0 0 0 0 0 0 0 0 0 0 1 13150.8 13150.8 13150.8 13150.8
-15 0 1 -15 0 1 0 0 0 0 0 -5.44214e-10 -0 0 0 -0 0 0 0 0 0 0 0 0 0 0 0 0 0 1 13150.8 13150.8 13150.8 13150.8
-15 0 1 -15 0 1 0 0 0 0 0 -4.92706e-09 -0 0 0 -0 0 0 0 0 0 0 0 0 0 0 0 0 0 1 13150.8 13150.8 13150.8 13150.8
-15 0 1 -15 0 1 0 0 0 0 0 -4.92706e-09 -0 0 0 -0 0 0 0 0 0 0 0 0 0 0 0 0 0 1 13150.8 13150.8 13150.8 13150.8
-15 0 1 -15 0 1 0 0 0 0 0 1.91252e-10 -0 0 0 -0 0 0 0 0 0 0 0 0 0 0 0 0 0 1 13150.8 13150.8 13150.8 13150.8
-15 0 1 -15 0 1 0 0 0 0 0 5.42479e-09 -0 0 0 -0 0 0 0 0 0 0 0 0 0 0 0 0 0 1 13150.8 13150.8 13150.8 13150.8
-15 0 1 -15 0 1 0 0 0 0 0 3.26012e-09 -0 0 0 -0 0 0 0 0 0 0 0 0 0 0 0 0 0 1 13150.8 13150.8 13150.8 13150.8
-15 0 1 -15 0 1 0 0 0 0 0 -1.08782e-09 -0 0 0 -0 0 0 0 0 0 0 0 0 0 0 0 0 0 1 13150.8 13150.8 13150.8 13150.8
-15 0 1 -15 0 1 0 0 0 0 0 -1.08782e-09 -0 0 0 -0 0 0 0 0 0 0 0 0 0 0 0 0 0 1 13150.8 13150.8 13150.8 13150.8
-15 0 1 -15 0 1 0 0 0 0 0 -3.31633e-09 -0 0 0 -0 0 0 0 0 0 0 0 0 0 0 0 0 0 1 13150.8 13150.8 13150.8 13150.8
-15 0 1 -15 0 1 0 0 0 0 0 -5.45501e-09 -0 0 0 -0 0 0 0 0 0 0 0 0 0 0 0 0 0 1 13150.8 13150.8 13150.8 13150.8
-15 0 1 -15 0 1 0 0 0 0 0 4.80043e-09 -0 0 0 -0 0 0 0 0 0 0 0 0 0 0 0 0 0 1 13150.8 13150.8 13150.8 13150.8
-15 0 1 -15 0 1 0 0 0 0 0 4.80043e-09 -0 0 0 -0 0 0 0 0 0 0 0 0 0 0 0 0 0 1 13150.8 13150.8 13150.8 13150.8
-15 0 1 -15 0 1 0 0 0 0 0 4.28777e-10 -0 0 0 -0 0 0 0 0 0 0 0 0 0 0 0 0 0 1 13150.8 13150.8 13150.8 13150.8
-15 0 1 -15 0 1 0 0 0 0 0 4.28777e-10 -0 0 0 -0 0 0 0 0 0 0 0 0 0 0 0 0 0 1 13150.8 13150.8 13150.8 13150.8
-15 0 1 -15 0 1 0 0 0 0 0 -3.93176e-09 -0 0 0 -0 0 0 0 0 0 0 0 0 0 0 0 0 0 1 13150.8 13150.8 13150.8 13150.8
-15 0 1 -15 0 1 0 0 0 0 0 -3.93176e-09 -0 0 0 -0 0 0 0 0 0 0 0 0 0 0 0 0 0 1 13150.8 13150.8 13150.8 13150.8
-15 0 1 -15 0 1 0 0 0 0 0 6.273e-09 -0 0 0 -0 0 0 0 0 0 0 0 0 0 0 0 0 0 1 13150.8 13150.8 13150.8 13150.8
-15 0 1 -15 0 1 0 0 0 0 0 4.07235e-09 -0 0 0 -0 0 0 0 0 0 0 0 0 0 0 0 0 0 1 13150.8 13150.8 13150.8 13150.8
-15 0 1 -15 0 1 0 0 0 0 0 4.07235e-09 -0 0 0 -0 0 0 0 0 0 0 0 0 0 0 0 0 0 1 13150.8 13150.8 13150.8 13150.8
-15 0 1 -15 0 1 0 0 0 0 0 1.89915e-09 -0 0 0 -0 0 0 0 0 0 0 0 0 0 0 0 0 0 1 13150.8 13150.8 13150.8 13150.8
-15 0 1 -15 0 1 0 0 0 0 0 -2.47486e-09 -0 0 0 -0 0 0 0 0 0 0 0 0 0 0 0 0 0 1 13150.8 13150.8 13150.8 13150.8
-15 0 1 -15 0 1 0 0 0 0 0 -2.47486e-09 -0 0 0 -0 0 0 0 0 0 0 0 0 0 0 0 0 0 1 13150.8 13150.8 13150.8 13150.8
-15 0 1 -15 0 1 0 0 0 0 0 3.95525e-09 -0 0 0 -0 0 0 0 0 0 0 0 0 0 0 0 0 0 1 13150.8 13150.8 13150.8 13150.8
-15 0 1 -15 0 1 0 0 0 0 0 7.70036e-09 -0 0 0 -0 0 0 0 0 0 0 0 0 0 0 0 0 0 1 13150.8 13150.8 13150.8 13150.8
-15 0 1 -15 0 1 0 0 0 0 0 5.49846e-09 -0 0 0 -0 0 0 0 0 0 0 0 0 0 0 0 0 0 1 13150.8 13150.8 13150.8 13150.8
-15 0 1 -15 0 1 0 0 0 0 0 3.28367e-09 -0 0 0 -0 0 0 0 0 0 0 0 0 0 0 0 0 0 1 13150.8 13150.8 13150.8 13150.8
-15 0 1 -15 0 1 0 0 0 0 0 1.05747e-09 -0 0 0 -0 0 0 0 0 0 0 0 0 0 0 0 0 0 1 13150.8 13150.8 13150.8 13150.8
-15 0 1 -15 0 1 0 0 0 0 0 -3.26387e-09 -0 0 0 -0 0 0 0 0 0 0 0 0 0 0 0 0 0 1 13150.8 13150.8 13150.8 13150.8
-15 0 1 -15 0 1 0 0 0 0 0 -3.26387e-09 -0 0 0 -0 0 0 0 0 0 0 0 0 0 0 0 0 0 1 13150.8 13150.8 13150.8 13150.8
-15 0 1 -15 0 1 0 0 0 0 0 1.96986e-09 -0 0 0 -0 0 0 0 0 0 0 0 0 0 0 0 0 0 1 13150.8 13150.8 13150.8 13150.8
-15 0 1 -15 0 1 0 0 0 0 0 4.7598e-09 -0 0 0 -0 0 0 0 0 0 0 0 0 0 0 0 0 0 1 13150.8 13150.8 13150.8 13150.8
-15 0 1 -15 0 1 0 0 0 0 0 2.56368e-09 -0 0 0 -0 0 0 0 0 0 0 0 0 0 0 0 0 0 1 13150.8 13150.8 13150.8 13150.8
-15 0 1 -15 0 1 0 0 0 0 0 3.86431e-10 -0 0 0 -0 0 0 0 0 0 0 0 0 0 0 0 0 0 1 13150.8 13150.8 13150.8 13150.8
-15 0 1 -15 0 1 0 0 0 0 0 3.86431e-10 -0 0 0 -0 0 0 0 0 0 0 0 0 0 0 0 0 0 1 13150.8 13150.8 13150.8 13150.8
-15 0 1 -15 0 1 0 0 0 0 0 -1.8031e-09 -0 0 0 -0 0 0 0 0 0 0 0 0 0 0 0 0 0 1 13150.8 13150.8 13150.8 13150.8
-15 0 1 -15 0 1 0 0 0 0 0 -4.036e-09 -0 0 0 -0 0 0 0 0 0 0 0 0 0 0 0 0 0 1 13150.8 13150.8 13150.8 13150.8
-15 0 1 -15 0 1 0 0 0 0 0 -6.24122e-09 -0 0 0 -0 0 0 0 0 0 0 0 0 0 0 0 0 0 1 13150.8 13150.8 13150.8 13150.8
-15 0 1 -15 0 1 0 0 0 0 0 -1.1264e-09 -0 0 0 -0 0 0 0 0 0 0 0 0 0 0 0 0 0 1 13150.8 13150.8 13150.8 13150.8
-15 0 1 -15 0 1 0 0 0 0 0 3.83702e-09 -0 0 0 -0 0 0 0 0 0 0 0 0 0 0 0 0 0 1 13150.8 13150.8 13150.8 13150.8
-15 0 1 -15 0 1 0 0 0 0 0 1.63363e-09 -0 0 0 -0 0 0 0 0 0 0 0 0 0 0 0 0 0 1 13150.8 13150.8 13150.8 13150.8
-15 0 1 -15 0 1 0 0 0 0 0 -2.71264e-09 -0 0 0 -0 0 0 0 0 0 0 0 0 0 0 0 0 0 1 13150.8 13150.8 13150.8 13150.8
-15 0 1 -15 0 1 0 0 0 0 0 -2.71264e-09 -0 0 0 -0 0 0 0 0 0 0 0 0 0 0 0 0 0 1 13150.8 13150.8 13150.8 13150.8
-15 0 1 -15 0 1 0 0 0 0 0 7.49514e-09 -0 0 0 -0 0 0 0 0 0 0 0 0 0 0 0 0 0 1 13150.8 13150.8 13150.8 13150.8
-15 0 1 -15 0 1 0 0 0 0 0 7.49514e-09 -0 0 0 -0 0 0 0 0 0 0 0 0 0 0 0 0 0 1 13150.8 13150.8 13150.8 13150.8
-15 0 1 -15 0 1 0 0 0 0 0 5.23103e-09 -0 0 0 -0 0 0 0 0 0 0 0 0 0 0 0 0 0 1 13150.8 13150.8 13150.8 13150.8
-15 0 1 -15 0 1 0 0 0 0 0 3.0936e-09 -0 0 0 -0 0 0 0 0 0 0 0 0 0 0 0 0 0 1 13150.8 13150.8 13150.8 13150.8
-15 0 1 -15 0 1 0 0 0 0 0 8.70115e-10 -0 0 0 -0 0 0 0 0 0 0 0 0 0 0 0 0 0 1 13150.8 13150.8 13150.8 13150.8
-15 0 1 -15 0 1 0 0 0 0 0 -1.28361e-09 -0 0 0 -0 0 0 0 0 0 0 0 0 0 0 0 0 0 1 13150.8 13150.8 13150.8 13150.8
-15 0 1 -15 0 1 0 0 0 0 0 -3.51199e-09 -0 0 0 -0 0 0 0 0 0 0 0 0 0 0 0 0 0 1 13150.8 13150.8 13150.8 13150.8
-15 0 1 -15 0 1 0 0 0 0 0 -5.67215e-09 -0 0 0 -0 0 0 0 0 0 0 0 0 0 0 0 0 0 1 13150.8 13150.8 13150.8 13150.8
-15 0 1 -15 0 1 0 0 0 0 0 -6.04681e-10 -0 0 0 -0 0 0 0 0 0 0 0 0 0 0 0 0 0 1 13150.8 13150.8 13150.8 13150.8
-15 0 1 -15 0 1 0 0 0 0 0 4.6131e-09 -0 0 0 -0 0 0 0 0 0 0 0 0 0 0 0 0 0 1 13150.8 13150.8 13150.8 13150.8
-15 0 1 -15 0 1 0 0 0 0 0 2.48143e-09 -0 0 0 -0 0 0 0 0 0 0 0 0 0 0 0 0 0 1 13150.8 13150.8 13150.8 13150.8
-15 0 1 -15 0 1 0 0 0 0 0 2.79623e-10 -0 0 0 -0 0 0 0 0 0 0 0 0 0 0 0 0 0 1 13150.8 13150.8 13150.8 13150.8
-15 0 1 -15 0 1 0 0 0 0 0 -4.07823e-09 -0 0 0 -0 0 0 0 0 0 0 0 0 0 0 0 0 0 1 13150.8 13150.8 13150.8 13150.8
-15 0 1 -15 0 1 0 0 0 0 0 1.04158e-09 -0 0 0 -0 0 0 0 0 0 0 0 0 0 0 0 0 0 1 13150.8 13150.8 13150.8 13150.8
-15 0 1 -15 0 1 0 0 0 0 0 1.04158e-09 -0 0 0 -0 0 0 0 0 0 0 0 0 0 0 0 0 0 1 13150.8 13150.8 13150.8 13150.8
-15 0 1 -15 0 1 0 0 0 0 0 -1.15634e-09 -0 0 0 -0 0 0 0 0 0 0 0 0 0 0 0 0 0 1 13150.8 13150.8 13150.8 13150.8
-15 0 1 -15 0 1 0 0 0 0 0 -3.33576e-09 -0 0 0 -0 0 0 0 0 0 0 0 0 0 0 0 0 0 1 13150.8 13150.8 13150.8 13150.8
-15 0 1 -15 0 1 0 0 0 0 0 -5.53468e-09 -0 0 0 -0 0 0 0 0 0 0 0 0 0 0 0 0 0 1 13150.8 13150.8 13150.8 13150.8
-15 0 1 -15 0 1 0 0 0 0 0 -3.13754e-10 -0 0 0 -0 0 0 0 0 0 0 0 0 0 0 0 0 0 1 13150.8 13150.8 13150.8 13150.8
-15 0 1 -15 0 1 0 0 0 0 0 5.92756e-09 -0 0 0 -0 0 0 0 0 0 0 0 0 0 0 0 0 0 1 13150.8 13150.8 13150.8 13150.8
-15 0 1 -15 0 1 0 0 0 0 0 4.30289e-09 -0 0 0 -0 0 0 0 0 0 0 0 0 0 0 0 0 0 1 13150.8 13150.8 13150.8 13150.8
-15 0 1 -15 0 1 0 0 0 0 0 2.10846e-09 -0 0 0 -0 0 0 0 0 0 0 0 0 0 0 0 0 0 1 13150.8 13150.8 13150.8 13150.8
-15 0 1 -15 0 1 0 0 0 0 0 -1.4913e-10 -0 0 0 -0 0 0 0 0 0 0 0 0 0 0 0 0 0 1 13150.8 13150.8 13150.8 13150.8
-15 0 1 -15 0 1 0 0 0 0 0 -4.47016e-09 -0 0 0 -0 0 0 0 0 0 0 0 0 0 0 0 0 0 1 13150.8 13150.8 13150.8 13150.8
-15 0 1 -15 0 1 0 0 0 0 0 -4.47016e-09 -0 0 0 -0 0 0 0 0 0 0 0 0 0 0 0 0 0 1 13150.8 13150.8 13150.8 13150.8
-15 0 1 -15 0 1 0 0 0 0 0 6.26899e-10 -0 0 0 -0 0 0 0 0 0 0 0 0 0 0 0 0 0 1 13150.8 13150.8 13150.8 13150.8
-15 0 1 -15 0 1 0 0 0 0 0 5.70746e-09 -0 0 0 -0 0 0 0 0 0 0 0 0 0 0 0 0 0 1 13150.8 13150.8 13150.8 13150.8
-15 0 1 -15 0 1 0 0 0 0 0 3.49964e-09 -0 0 0 -0 0 0 0 0 0 0 0 0 0 0 0 0 0 1 13150.8 13150.8 13150.8 13150.8
-15 0 1 -15 0 1 0 0 0 0 0 1.33785e-09 -0 0 0 -0 0 0 0 0 0 0 0 0 0 0 0 0 0 1 13150.8 13150.8 13150.8 13150.8
-15 0 1 -15 0 1 0 0 0 0 0 -8.48787e-10 -0 0 0 -0 0 0 0 0 0 0 0 0 0 0 0 0 0 1 13150.8 13150.8 13150.8 13150.8
-15 0 1 -15 0 1 0 0 0 0 0 -5.23288e-09 -0 0 0 -0 0 0 0 0 0 0 0 0 0 0 0 0 0 1 13150.8 13150.8 13150.8 13150.8
-15 0 1 -15 0 1 0 0 0 0 0 -5.23288e-09 -0 0 0 -0 0 0 0 0 0 0 0 0 0 0 0 0 0 1 13150.8 13150.8 13150.8 13150.8
-15 0 1 -15 0 1 0 0 0 0 0 -8.90152e-11 -0 0 0 -0 0 0 0 0 0 0 0 0 0 0 0 0 0 1 13150.8 13150.8 13150.8 13150.8
-15 0 1 -15 0 1 0 0 0 0 0 4.95962e-09 -0 0 0 -0 0 0 0 0 0 0 0 0 0 0 0 0 0 1 13150.8 13150.8 13150.8 13150.8
-15 0 1 -15 0 1 0 0 0 0 0 2.74422e-09 -0 0 0 -0 0 0 0 0 0 0 0 0 0 0 0 0 0 1 13150.8 13150.8 13150.8 13150.8
-15 0 1 -15 0 1 0 0 0 0 0 5.60857e-10 -0 0 0 -0 0 0 0 0 0 0 0 0 0 0 0 0 0 1 13150.8 13150.8 13150.8 13150.8
-15 0 1 -15 0 1 0 0 0 0 0 -1.67274e-09 -0 0 0 -0 0 0 0 0 0 0 0 0 0 0 0 0 0 1 13150.8 13150.8 13150.8 13150.8
-15 0 1 -15 0 1 0 0 0 0 0 -3.79717e-09 -0 0 0 -0 0 0 0 0 0 0 0 0 0 0 0 0 0 1 13150.8 13150.8 13150.8 13150.8
-15 0 1 -15 0 1 0 0 0 0 0 -6.25446e-09 -0 0 0 -0 0 0 0 0 0 0 0 0 0 0 0 0 0 1 13150.8 13150.8 13150.8 13150.8
-15 0 1 -15 0 1 0 0 0 0 0 -1.75951e-09 -0 0 0 -0 0 0 0 0 0 0 0 0 0 0 0 0 0 1 13150.8 13150.8 13150.8 13150.8
-15 0 1 -15 0 1 0 0 0 0 0 3.49668e-09 -0 0 0 -0 0 0 0 0 0 0 0 0 0 0 0 0 0 1 13150.8 13150.8 13150.8 13150.8
-15 0 1 -15 0 1 0 0 0 0 0 1.35295e-09 -0 0 0 -0 0 0 0 0 0 0 0 0 0 0 0 0 0 1 13150.8 13150.8 13150.8 13150.8
-15 0 1 -15 0 1 0 0 0 0 0 -2.99057e-09 -0 0 0 -0 0 0 0 0 0 0 0 0 0 0 0 0 0 1 13150.8 13150.8 13150.8 13150.8
-15 0 1 -15 0 1 0 0 0 0 0 -2.99057e-09 -0 0 0 -0 0 0 0 0 0 0 0 0 0 0 0 0 0 1 13150.8 13150.8 13150.8 13150.8
-15 0 1 -15 0 1 0 0 0 0 0 2.16847e-09 -0 0 0 -0 0 0 0 0 0 0 0 0 0 0 0 0 0 1 13150.8 13150.8 13150.8 13150.8
-15 0 1 -15 0 1 0 0 0 0 0 7.21516e-09 -0 0 0 -0 0 0 0 0 0 0 0 0 0 0 0 0 0 1 13150.8 13150.8 13150.8 13150.8
-15 0 1 -15 0 1 0 0 0 0 0 2.81637e-09 -0 0 0 -0 0 0 0 0 0 0 0 0 0 0 0 0 0 1 13150.8 13150.8 13150.8 13150.8
-15 0 1 -15 0 1 0 0 0 0 0 2.81637e-09 -0 0 0 -0 0 0 0 0 0 0 0 0 0 0 0 0 0 1 13150.8 13150.8 13150.8 13150.8
-15 0 1 -15 0 1 0 0 0 0 0 -1.5721e-09 -0 0 0 -0 0 0 0 0 0 0 0 0 0 0 0 0 0 1 13150.8 13150.8 13150.8 13150.8
-15 0 1 -15 0 1 0 0 0 0 0 -1.5721e-09 -0 0 0 -0 0 0 0 0 0 0 0 0 0 0 0 0 0 1 13150.8 13150.8 13150.8 13150.8
-15 0 1 -15 0 1 0 0 0 0 0 -3.75967e-09 -0 0 0 -0 0 0 0 0 0 0 0 0 0 0 0 0 0 1 13150.8 13150.8 13150.8 13150.8
-15 0 1 -15 0 1 0 0 0 0 0 -5.93877e-09 -0 0 0 -0 0 0 0 0 0 0 0 0 0 0 0 0 0 1 13150.8 13150.8 13150.8 13150.8
-15 0 1 -15 0 1 0 0 0 0 0 -8.31531e-10 -0 0 0 -0 0 0 0 0 0 0 0 0 0 0 0 0 0 1 13150.8 13150.8 13150.8 13150.8
-15 0 1 -15 0 1 0 0 0 0 0 2.03856e-09 -0 0 0 -0 0 0 0 0 0 0 0 0 0 0 0 0 0 1 13150.8 13150.8 13150.8 13150.8
-15 0 1 -15 0 1 0 0 0 0 0 2.03856e-09 -0 0 0 -0 0 0 0 0 0 0 0 0 0 0 0 0 0 1 13150.8 13150.8 13150.8 13150.8
-15 0 1 -15 0 1 0 0 0 0 0 -2.33632e-09 -0 0 0 -0 0 0 0 0 0 0 0 0 0 0 0 0 0 1 13150.8 13150.8 13150.8 13150.8
-15 0 1 -15 0 1 0 0 0 0 0 -2.33632e-09 -0 0 0 -0 0 0 0 0 0 0 0 0 0 0 0 0 0 1 13150.8 13150.8 13150.8 13150.8
-15 0 1 -15 0 1 0 0 0 0 0 2.84939e-09 -0 0 0 -0 0 0 0 0 0 0 0 0 0 0 0 0 0 1 13150.8 13150.8 13150.8 13150.8
-15 0 1 -15 0 1 0 0 0 0 0 5.89817e-09 -0 0 0 -0 0 0 0 0 0 0 0 0 0 0 0 0 0 1 13150.8 13150.8 13150.8 13150.8
-15 0 1 -15 0 1 0 0 0 0 0 5.89817e-09 -0 0 0 -0 0 0 0 0 0 0 0 0 0 0 0 0 0 1 13150.8 13150.8 13150.8 13150.8
-15 0 1 -15 0 1 0 0 0 0 0 1.50857e-09 -0 0 0 -0 0 0 0 0 0 0 0 0 0 0 0 0 0 1 13150.8 13150.8 13150.8 13150.8
-15 0 1 -15 0 1 0 0 0 0 0 1.50857e-09 -0 0 0 -0 0 0 0 0 0 0 0 0 0 0 0 0 0 1 13150.8 13150.8 13150.8 13150.8
-15 0 1 -15 0 1 0 0 0 0 0 -2.86548e-09 -0 0 0 -0 0 0 0 0 0 0 0 0 0 0 0 0 0 1 13150.8 13150.8 13150.8 13150.8
-15 0 1 -15 0 1 0 0 0 0 0 -2.86548e-09 -0 0 0 -0 0 0 0 0 0 0 0 0 0 0 0 0 0 1 13150.8 13150.8 13150.8 13150.8
-15 0 1 -15 0 1 0 0 0 0 0 2.3466e-09 -0 0 0 -0 0 0 0 0 0 0 0 0 0 0 0 0 0 1 13150.8 13150.8 13150.8 13150.8
-15 0 1 -15 0 1 0 0 0 0 0 5.27884e-09 -0 0 0 -0 0 0 0 0 0 0 0 0 0 0 0 0 0 1 13150.8 13150.8 13150.8 13150.8
-15 0 1 -15 0 1 0 0 0 0 0 5.27884e-09 -0 0 0 -0 0 0 0 0 0 0 0 0 0 0 0 0 0 1 13150.8 13150.8 13150.8 13150.8
-15 0 1 -15 0 1 0 0 0 0 0 9.2146e-10 -0 0 0 -0 0 0 0 0 0 0 0 0 0 0 0 0 0 1 13150.8 13150.8 13150.8 13150.8
-15 0 1 -15 0 1 0 0 0 0 0 9.2146e-10 -0 0 0 -0 0 0 0 0 0 0 0 0 0 0 0 0 0 1 13150.8 13150.8 13150.8 13150.8
-15 0 1 -15 0 1 0 0 0 0 0 -1.26455e-09 -0 0 0 -0 0 0 0 0 0 0 0 0 0 0 0 0 0 1 13150.8 13150.8 13150.8 13150.8
-15 0 1 -15 0 1 0 0 0 0 0 -3.46138e-09 -0 0 0 -0 0 0 0 0 0 0 0 0 0 0 0 0 0 1 13150.8 13150.8 13150.8 13150.8
-15 0 1 -15 0 1 0 0 0 0 0 -5.59814e-10 -0 0 0 -0 0 0 0 0 0 0 0 0 0 0 0 0 0 1 13150.8 13150.8 13150.8 13150.8
-15 0 1 -15 0 1 0 0 0 0 0 -2.72773e-09 -0 0 0 -0 0 0 0 0 0 0 0 0 0 0 0 0 0 1 13150.8 13150.8 13150.8 13150.8
-15 0 1 -15 0 1 0 0 0 0 0 -2.72773e-09 -0 0 0 -0 0 0 0 0 0 0 0 0 0 0 0 0 0 1 13150.8 13150.8 13150.8 13150.8
-15 0 1 -15 0 1 0 0 0 0 0 2.42074e-09 -0 0 0 -0 0 0 0 0 0 0 0 0 0 0 0 0 0 1 13150.8 13150.8 13150.8 13150.8
-15 0 1 -15 0 1 0 0 0 0 0 7.50408e-09 -0 0 0 -0 0 0 0 0 0 0 0 0 0 0 0 0 0 1 13150.8 13150.8 13150.8 13150.8
-15 0 1 -15 0 1 0 0 0 0 0 3.09713e-09 -0 0 0 -0 0 0 0 0 0 0 0 0 0 0 0 0 0 1 13150.8 13150.8 13150.8 13150.8
-15 0 1 -15 0 1 0 0 0 0 0 3.09713e-09 -0 0 0 -0 0 0 0 0 0 0 0 0 0 0 0 0 0 1 13150.8 13150.8 13150.8 13150.8
-15 0 1 -15 0 1 0 0 0 0 0 9.13566e-10 -0 0 0 -0 0 0 0 0 0 0 0 0 0 0 0 0 0 1 13150.8 13150.8 13150.8 13150.8
-15 0 1 -15 0 1 0 0 0 0 0 -1.28104e-09 -0 0 0 -0 0 0 0 0 0 0 0 0 0 0 0 0 0 1 13150.8 13150.8 13150.8 13150.8
-15 0 1 -15 0 1 0 0 0 0 0 -5.62508e-09 -0 0 0 -0 0 0 0 0 0 0 0 0 0 0 0 0 0 1 13150.8 13150.8 13150.8 13150.8
-15 0 1 -15 0 1 0 0 0 0 0 -5.62508e-09 -0 0 0 -0 0 0 0 0 0 0 0 0 0 0 0 0 0 1 13150.8 13150.8 13150.8 13150.8
-15 0 1 -15 0 1 0 0 0 0 0 4.56189e-09 -0 0 0 -0 0 0 0 0 0 0 0 0 0 0 0 0 0 1 13150.8 13150.8 13150.8 13150.8
-15 0 1 -15 0 1 0 0 0 0 0 4.56189e-09 -0 0 0 -0 0 0 0 0 0 0 0 0 0 0 0 0 0 1 13150.8 13150.8 13150.8 13150.8
-15 0 1 -15 0 1 0 0 0 0 0 2.35071e-09 -0 0 0 -0 0 0 0 0 0 0 0 0 0 0 0 0 0 1 13150.8 13150.8 13150.8 13150.8
-15 0 1 -15 0 1 0 0 0 0 0 1.5542e-10 -0 0 0 -0 0 0 0 0 0 0 0 0 0 0 0 0 0 1 13150.8 13150.8 13150.8 13150.8
-15 0 1 -15 0 1 0 0 0 0 0 -2.01075e-09 -0 0 0 -0 0 0 0 0 0 0 0 0 0 0 0 0 0 1 13150.8 13150.8 13150.8 13150.8
-15 0 1 -15 0 1 0 0 0 0 0 -4.20666e-09 -0 0 0 -0 0 0 0 0 0 0 0 0 0 0 0 0 0 1 13150.8 13150.8 13150.8 13150.8
-15 0 1 -15 0 1 0 0 0 0 0 -1.8553e-09 -0 0 0 -0 0 0 0 0 0 0 0 0 0 0 0 0 0 1 13150.8 13150.8 13150.8 13150.8
-15 0 1 -15 0 1 0 0 0 0 0 -1.8553e-09 -0 0 0 -0 0 0 0 0 0 0 0 0 0 0 0 0 0 1 13150.8 13150.8 13150.8 13150.8
-15 0 1 -15 0 1 0 0 0 0 0 -4.05861e-09 -0 0 0 -0 0 0 0 0 0 0 0 0 0 0 0 0 0 1 13150.8 13150.8 13150.8 13150.8
-15 0 1 -15 0 1 0 0 0 0 0 -6.23488e-09 -0 0 0 -0 0 0 0 0 0 0 0 0 0 0 0 0 0 1 13150.8 13150.8 13150.8 13150.8
-15 0 1 -15 0 1 0 0 0 0 0 3.94181e-09 -0 0 0 -0 0 0 0 0 0 0 0 0 0 0 0 0 0 1 13150.8 13150.8 13150.8 13150.8
-15 0 1 -15 0 1 0 0 0 0 0 1.72798e-09 -0 0 0 -0 0 0 0 0 0 0 0 0 0 0 0 0 0 1 13150.8 13150.8 13150.8 13150.8
-15 0 1 -15 0 1 0 0 0 0 0 1.72798e-09 -0 0 0 -0 0 0 0 0 0 0 0 0 0 0 0 0 0 1 13150.8 13150.8 13150.8 13150.8
-15 0 1 -15 0 1 0 0 0 0 0 -4.40534e-10 -0 0 0 -0 0 0 0 0 0 0 0 0 0 0 0 0 0 1 13150.8 13150.8 13150.8 13150.8
-15 0 1 -15 0 1 0 0 0 0 0 -2.63698e-09 -0 0 0 -0 0 0 0 0 0 0 0 0 0 0 0 0 0 1 13150.8 13150.8 13150.8 13150.8
-15 0 1 -15 0 1 0 0 0 0 0 -4.83158e-09 -0 0 0 -0 0 0 0 0 0 0 0 0 0 0 0 0 0 1 13150.8 13150.8 13150.8 13150.8
-15 0 1 -15 0 1 0 0 0 0 0 2.52881e-10 -0 0 0 -0 0 0 0 0 0 0 0 0 0 0 0 0 0 1 13150.8 13150.8 13150.8 13150.8
-15 0 1 -15 0 1 0 0 0 0 0 5.40083e-09 -0 0 0 -0 0 0 0 0 0 0 0 0 0 0 0 0 0 1 13150.8 13150.8 13150.8 13150.8
-15 0 1 -15 0 1 0 0 0 0 0 1.04931e-09 -0 0 0 -0 0 0 0 0 0 0 0 0 0 0 0 0 0 1 13150.8 13150.8 13150.8 13150.8
-15 0 1 -15 0 1 0 0 0 0 0 1.04931e-09 -0 0 0 -0 0 0 0 0 0 0 0 0 0 0 0 0 0 1 13150.8 13150.8 13150.8 13150.8
-15 0 1 -15 0 1 0 0 0 0 0 -1.30169e-09 -0 0 0 -0 0 0 0 0 0 0 0 0 0 0 0 0 0 1 13150.8 13150.8 13150.8 13150.8
-15 0 1 -15 0 1 0 0 0 0 0 -3.36325e-09 -0 0 0 -0 0 0 0 0 0 0 0 0 0 0 0 0 0 1 13150.8 13150.8 13150.8 13150.8
-15 0 1 -15 0 1 0 0 0 0 0 -5.5499e-09 -0 0 0 -0 0 0 0 0 0 0 0 0 0 0 0 0 0 1 13150.8 13150.8 13150.8 13150.8
-15 0 1 -15 0 1 0 0 0 0 0 -4.54638e-10 -0 0 0 -0 0 0 0 0 0 0 0 0 0 0 0 0 0 1 13150.8 13150.8 13150.8 13150.8
-15 0 1 -15 0 1 0 0 0 0 0 4.56345e-09 -0 0 0 -0 0 0 0 0 0 0 0 0 0 0 0 0 0 1 13150.8 13150.8 13150.8 13150.8
-15 0 1 -15 0 1 0 0 0 0 0 2.35263e-09 -0 0 0 -0 0 0 0 0 0 0 0 0 0 0 0 0 0 1 13150.8 13150.8 13150.8 13150.8
-15 0 1 -15 0 1 0 0 0 0 0 1.87357e-10 -0 0 0 -0 0 0 0 0 0 0 0 0 0 0 0 0 0 1 13150.8 13150.8 13150.8 13150.8
-15 0 1 -15 0 1 0 0 0 0 0 -2.02137e-09 -0 0 0 -0 0 0 0 0 0 0 0 0 0 0 0 0 0 1 13150.8 13150.8 13150.8 13150.8
-15 0 1 -15 0 1 0 0 0 0 0 -4.20659e-09 -0 0 0 -0 0 0 0 0 0 0 0 0 0 0 0 0 0 1 13150.8 13150.8 13150.8 13150.8
-15 0 1 -15 0 1 0 0 0 0 0 -6.45403e-09 -0 0 0 -0 0 0 0 0 0 0 0 0 0 0 0 0 0 1 13150.8 13150.8 13150.8 13150.8
-15 0 1 -15 0 1 0 0 0 0 0 3.56428e-09 -0 0 0 -0 0 0 0 0 0 0 0 0 0 0 0 0 0 1 13150.8 13150.8 13150.8 13150.8
-15 0 1 -15 0 1 0 0 0 0 0 1.37091e-09 -0 0 0 -0 0 0 0 0 0 0 0 0 0 0 0 0 0 1 13150.8 13150.8 13150.8 13150.8
-15 0 1 -15 0 1 0 0 0 0 0 1.37091e-09 -0 0 0 -0 0 0 0 0 0 0 0 0 0 0 0 0 0 1 13150.8 13150.8 13150.8 13150.8
-15 0 1 -15 0 1 0 0 0 0 0 -8.97917e-10 -0 0 0 -0 0 0 0 0 0 0 0 0 0 0 0 0 0 1 13150.8 13150.8 13150.8 13150.8
-15 0 1 -15 0 1 0 0 0 0 0 -3.02606e-09 -0 0 0 -0 0 0 0 0 0 0 0 0 0 0 0 0 0 1 13150.8 13150.8 13150.8 13150.8
-15 0 1 -15 0 1 0 0 0 0 0 -2.82258e-10 -0 0 0 -0 0 0 0 0 0 0 0 0 0 0 0 0 0 1 13150.8 13150.8 13150.8 13150.8
-15 0 1 -15 0 1 0 0 0 0 0 -2.45349e-09 -0 0 0 -0 0 0 0 0 0 0 0 0 0 0 0 0 0 1 13150.8 13150.8 13150.8 13150.8
-15 0 1 -15 0 1 0 0 0 0 0 -2.45349e-09 -0 0 0 -0 0 0 0 0 0 0 0 0 0 0 0 0 0 1 13150.8 13150.8 13150.8 13150.8
-15 0 1 -15 0 1 0 0 0 0 0 2.81966e-09 -0 0 0 -0 0 0 0 0 0 0 0 0 0 0 0 0 0 1 13150.8 13150.8 13150.8 13150.8
-15 0 1 -15 0 1 0 0 0 0 0 7.8849e-09 -0 0 0 -0 0 0 0 0 0 0 0 0 0 0 0 0 0 1 13150.8 13150.8 13150.8 13150.8
-15 0 1 -15 0 1 0 0 0 0 0 3.5583e-09 -0 0 0 -0 0 0 0 0 0 0 0 0 0 0 0 0 0 1 13150.8 13150.8 13150.8 13150.8
-15 0 1 -15 0 1 0 0 0 0 0 3.5583e-09 -0 0 0 -0 0 0 0 0 0 0 0 0 0 0 0 0 0 1 13150.8 13150.8 13150.8 13150.8
-15 0 1 -15 0 1 0 0 0 0 0 1.36661e-09 -0 0 0 -0 0 0 0 0 0 0 0 0 0 0 0 0 0 1 13150.8 13150.8 13150.8 13150.8
-15 0 1 -15 0 1 0 0 0 0 0 -8.2123e-10 -0 0 0 -0 0 0 0 0 0 0 0 0 0 0 0 0 0 1 13150.8 13150.8 13150.8 13150.8
-15 0 1 -15 0 1 0 0 0 0 0 -5.19381e-09 -0 0 0 -0 0 0 0 0 0 0 0 0 0 0 0 0 0 1 13150.8 13150.8 13150.8 13150.8
-15 0 1 -15 0 1 0 0 0 0 0 -5.19381e-09 -0 0 0 -0 0 0 0 0 0 0 0 0 0 0 0 0 0 1 13150.8 13150.8 13150.8 13150.8
-15 0 1 -15 0 1 0 0 0 0 0 4.98828e-09 -0 0 0 -0 0 0 0 0 0 0 0 0 0 0 0 0 0 1 13150.8 13150.8 13150.8 13150.8
-15 0 1 -15 0 1 0 0 0 0 0 2.7487e-09 -0 0 0 -0 0 0 0 0 0 0 0 0 0 0 0 0 0 1 13150.8 13150.8 13150.8 13150.8
-15 0 1 -15 0 1 0 0 0 0 0 2.7487e-09 -0 0 0 -0 0 0 0 0 0 0 0 0 0 0 0 0 0 1 13150.8 13150.8 13150.8 13150.8
-15 0 1 -15 0 1 0 0 0 0 0 5.80188e-10 -0 0 0 -0 0 0 0 0 0 0 0 0 0 0 0 0 0 1 13150.8 13150.8 13150.8 13150.8
-15 0 1 -15 0 1 0 0 0 0 0 -3.77184e-09 -0 0 0 -0 0 0 0 0 0 0 0 0 0 0 0 0 0 1 13150.8 13150.8 13150.8 13150.8
-15 0 1 -15 0 1 0 0 0 0 0 1.33057e-09 -0 0 0 -0 0 0 0 0 0 0 0 0 0 0 0 0 0 1 13150.8 13150.8 13150.8 13150.8
-15 0 1 -15 0 1 0 0 0 0 0 1.33057e-09 -0 0 0 -0 0 0 0 0 0 0 0 0 0 0 0 0 0 1 13150.8 13150.8 13150.8 13150.8
-15 0 1 -15 0 1 0 0 0 0 0 -3.0442e-09 -0 0 0 -0 0 0 0 0 0 0 0 0 0 0 0 0 0 1 13150.8 13150.8 13150.8 13150.8
-15 0 1 -15 0 1 0 0 0 0 0 2.044e-09 -0 0 0 -0 0 0 0 0 0 0 0 0 0 0 0 0 0 1 13150.8 13150.8 13150.8 13150.8
-15 0 1 -15 0 1 0 0 0 0 0 2.044e-09 -0 0 0 -0 0 0 0 0 0 0 0 0 0 0 0 0 0 1 13150.8 13150.8 13150.8 13150.8
-15 0 1 -15 0 1 0 0 0 0 0 -2.34059e-09 -0 0 0 -0 0 0 0 0 0 0 0 0 0 0 0 0 0 1 13150.8 13150.8 13150.8 13150.8
-15 0 1 -15 0 1 0 0 0 0 0 -2.34059e-09 -0 0 0 -0 0 0 0 0 0 0 0 0 0 0 0 0 0 1 13150.8 13150.8 13150.8 13150.8
-15 0 1 -15 0 1 0 0 0 0 0 2.88904e-09 -0 0 0 -0 0 0 0 0 0 0 0 0 0 0 0 0 0 1 13150.8 13150.8 13150.8 13150.8
-15 0 1 -15 0 1 0 0 0 0 0 7.86641e-09 -0 0 0 -0 0 0 0 0 0 0 0 0 0 0 0 0 0 1 13150.8 13150.8 13150.8 13150.8
-15 0 1 -15 0 1 0 0 0 0 0 5.61086e-09 -0 0 0 -0 0 0 0 0 0 0 0 0 0 0 0 0 0 1 13150.8 13150.8 13150.8 13150.8
-15 0 1 -15 0 1 0 0 0 0 0 3.43562e-09 -0 0 0 -0 0 0 0 0 0 0 0 0 0 0 0 0 0 1 13150.8 13150.8 13150.8 13150.8
-15 0 1 -15 0 1 0 0 0 0 0 1.24337e-09 -0 0 0 -0 0 0 0 0 0 0 0 0 0 0 0 0 0 1 13150.8 13150.8 13150.8 13150.8
-15 0 1 -15 0 1 0 0 0 0 0 -8.97983e-10 -0 0 0 -0 0 0 0 0 0 0 0 0 0 0 0 0 0 1 13150.8 13150.8 13150.8 13150.8
-15 0 1 -15 0 1 0 0 0 0 0 -3.08175e-09 -0 0 0 -0 0 0 0 0 0 0 0 0 0 0 0 0 0 1 13150.8 13150.8 13150.8 13150.8
-15 0 1 -15 0 1 0 0 0 0 0 -5.26142e-09 -0 0 0 -0 0 0 0 0 0 0 0 0 0 0 0 0 0 1 13150.8 13150.8 13150.8 13150.8
-15 0 1 -15 0 1 0 0 0 0 0 -9.83176e-11 -0 0 0 -0 0 0 0 0 0 0 0 0 0 0 0 0 0 1 13150.8 13150.8 13150.8 13150.8
-15 0 1 -15 0 1 0 0 0 0 0 4.96723e-09 -0 0 0 -0 0 0 0 0 0 0 0 0 0 0 0 0 0 1 13150.8 13150.8 13150.8 13150.8
-15 0 1 -15 0 1 0 0 0 0 0 5.99621e-10 -0 0 0 -0 0 0 0 0 0 0 0 0 0 0 0 0 0 1 13150.8 13150.8 13150.8 13150.8
-15 0 1 -15 0 1 0 0 0 0 0 -1.60165e-09 -0 0 0 -0 0 0 0 0 0 0 0 0 0 0 0 0 0 1 13150.8 13150.8 13150.8 13150.8
-15 0 1 -15 0 1 0 0 0 0 0 -3.76833e-09 -0 0 0 -0 0 0 0 0 0 0 0 0 0 0 0 0 0 1 13150.8 13150.8 13150.8 13150.8
-15 0 1 -15 0 1 0 0 0 0 0 -3.76833e-09 -0 0 0 -0 0 0 0 0 0 0 0 0 0 0 0 0 0 1 13150.8 13150.8 13150.8 13150.8
-15 0 1 -15 0 1 0 0 0 0 0 6.45503e-09 -0 0 0 -0 0 0 0 0 0 0 0 0 0 0 0 0 0 1 13150.8 13150.8 13150.8 13150.8
-15 0 1 -15 0 1 0 0 0 0 0 6.45503e-09 -0 0 0 -0 0 0 0 0 0 0 0 0 0 0 0 0 0 1 13150.8 13150.8 13150.8 13150.8
-15 0 1 -15 0 1 0 0 0 0 0 4.25447e-09 -0 0 0 -0 0 0 0 0 0 0 0 0 0 0 0 0 0 1 13150.8 13150.8 13150.8 13150.8
-15 0 1 -15 0 1 0 0 0 0 0 1.9986e-09 -0 0 0 -0 0 0 0 0 0 0 0 0 0 0 0 0 0 1 13150.8 13150.8 13150.8 13150.8
-15 0 1 -15 0 1 0 0 0 0 0 -2.59092e-10 -0 0 0 -0 0 0 0 0 0 0 0 0 0 0 0 0 0 1 13150.8 13150.8 13150.8 13150.8
-15 0 1 -15 0 1 0 0 0 0 0 -2.31812e-09 -0 0 0 -0 0 0 0 0 0 0 0 0 0 0 0 0 0 1 13150.8 13150.8 13150.8 13150.8
-15 0 1 -15 0 1 0 0 0 0 0 -4.53241e-09 -0 0 0 -0 0 0 0 0 0 0 0 0 0 0 0 0 0 1 13150.8 13150.8 13150.8 13150.8
-15 0 1 -15 0 1 0 0 0 0 0 4.79594e-10 -0 0 0 -0 0 0 0 0 0 0 0 0 0 0 0 0 0 1 13150.8 13150.8 13150.8 13150.8
-15 0 1 -15 0 1 0 0 0 0 0 5.6081e-09 -0 0 0 -0 0 0 0 0 0 0 0 0 0 0 0 0 0 1 13150.8 13150.8 13150.8 13150.8
-15 0 1 -15 0 1 0 0 0 0 0 1.23499e-09 -0 0 0 -0 0 0 0 0 0 0 0 0 0 0 0 0 0 1 13150.8 13150.8 13150.8 13150.8
-15 0 1 -15 0 1 0 0 0 0 0 1.23499e-09 -0 0 0 -0 0 0 0 0 0 0 0 0 0 0 0 0 0 1 13150.8 13150.8 13150.8 13150.8
-15 0 1 -15 0 1 0 0 0 0 0 -9.44708e-10 -0 0 0 -0 0 0 0 0 0 0 0 0 0 0 0 0 0 1 13150.8 13150.8 13150.8 13150.8
-15 0 1 -15 0 1 0 0 0 0 0 -3.14534e-09 -0 0 0 -0 0 0 0 0 0 0 0 0 0 0 0 0 0 1 13150.8 13150.8 13150.8 13150.8
-15 0 1 -15 0 1 0 0 0 0 0 -5.3317e-09 -0 0 0 -0 0 0 0 0 0 0 0 0 0 0 0 0 0 1 13150.8 13150.8 13150.8 13150.8
-15 0 1 -15 0 1 0 0 0 0 0 4.81361e-09 -0 0 0 -0 0 0 0 0 0 0 0 0 0 0 0 0 0 1 13150.8 13150.8 13150.8 13150.8
-15 0 1 -15 0 1 0 0 0 0 0 2.56773e-09 -0 0 0 -0 0 0 0 0 0 0 0 0 0 0 0 0 0 1 13150.8 13150.8 13150.8 13150.8
-15 0 1 -15 0 1 0 0 0 0 0 2.56773e-09 -0 0 0 -0 0 0 0 0 0 0 0 0 0 0 0 0 0 1 13150.8 13150.8 13150.8 13150.8
-15 0 1 -15 0 1 0 0 0 0 0 3.94536e-10 -0 0 0 -0 0 0 0 0 0 0 0 0 0 0 0 0 0 1 13150.8 13150.8 13150.8 13150.8
-15 0 1 -15 0 1 0 0 0 0 0 -3.94726e-09 -0 0 0 -0 0 0 0 0 0 0 0 0 0 0 0 0 0 1 13150.8 13150.8 13150.8 13150.8
-15 0 1 -15 0 1 0 0 0 0 0 -3.94726e-09 -0 0 0 -0 0 0 0 0 0 0 0 0 0 0 0 0 0 1 13150.8 13150.8 13150.8 13150.8
-15 0 1 -15 0 1 0 0 0 0 0 1.17454e-09 -0 0 0 -0 0 0 0 0 0 0 0 0 0 0 0 0 0 1 13150.8 13150.8 13150.8 13150.8
-15 0 1 -15 0 1 0 0 0 0 0 4.16646e-09 -0 0 0 -0 0 0 0 0 0 0 0 0 0 0 0 0 0 1 13150.8 13150.8 13150.8 13150.8
-15 0 1 -15 0 1 0 0 0 0 0 4.16646e-09 -0 0 0 -0 0 0 0 0 0 0 0 0 0 0 0 0 0 1 13150.8 13150.8 13150.8 13150.8
-15 0 1 -15 0 1 0 0 0 0 0 1.95469e-09 -0 0 0 -0 0 0 0 0 0 0 0 0 0 0 0 0 0 1 13150.8 13150.8 13150.8 13150.8
-15 0 1 -15 0 1 0 0 0 0 0 -2.93282e-10 -0 0 0 -0 0 0 0 0 0 0 0 0 0 0 0 0 0 1 13150.8 13150.8 13150.8 13150.8
-15 0 1 -15 0 1 0 0 0 0 0 -4.58419e-09 -0 0 0 -0 0 0 0 0 0 0 0 0 0 0 0 0 0 1 13150.8 13150.8 13150.8 13150.8
-15 0 1 -15 0 1 0 0 0 0 0 5.07594e-10 -0 0 0 -0 0 0 0 0 0 0 0 0 0 0 0 0 0 1 13150.8 13150.8 13150.8 13150.8
-15 0 1 -15 0 1 0 0 0 0 0 5.07594e-10 -0 0 0 -0 0 0 0 0 0 0 0 0 0 0 0 0 0 1 13150.8 13150.8 13150.8 13150.8
-15 0 1 -15 0 1 0 0 0 0 0 -1.72548e-09 -0 0 0 -0 0 0 0 0 0 0 0 0 0 0 0 0 0 1 13150.8 13150.8 13150.8 13150.8
-15 0 1 -15 0 1 0 0 0 0 0 -3.94656e-09 -0 0 0 -0 0 0 0 0 0 0 0 0 0 0 0 0 0 1 13150.8 13150.8 13150.8 13150.8
-15 0 1 -15 0 1 0 0 0 0 0 -6.14143e-09 -0 0 0 -0 0 0 0 0 0 0 0 0 0 0 0 0 0 1 13150.8 13150.8 13150.8 13150.8
-15 0 1 -15 0 1 0 0 0 0 0 -1.24631e-09 -0 0 0 -0 0 0 0 0 0 0 0 0 0 0 0 0 0 1 13150.8 13150.8 13150.8 13150.8
-15 0 1 -15 0 1 0 0 0 0 0 3.86819e-09 -0 0 0 -0 0 0 0 0 0 0 0 0 0 0 0 0 0 1 13150.8 13150.8 13150.8 13150.8
-15 0 1 -15 0 1 0 0 0 0 0 -5.09909e-10 -0 0 0 -0 0 0 0 0 0 0 0 0 0 0 0 0 0 1 13150.8 13150.8 13150.8 13150.8
-15 0 1 -15 0 1 0 0 0 0 0 -5.09909e-10 -0 0 0 -0 0 0 0 0 0 0 0 0 0 0 0 0 0 1 13150.8 13150.8 13150.8 13150.8
-15 0 1 -15 0 1 0 0 0 0 0 -2.81477e-09 -0 0 0 -0 0 0 0 0 0 0 0 0 0 0 0 0 0 1 13150.8 13150.8 13150.8 13150.8
-15 0 1 -15 0 1 0 0 0 0 0 -4.93107e-09 -0 0 0 -0 0 0 0 0 0 0 0 0 0 0 0 0 0 1 13150.8 13150.8 13150.8 13150.8
-15 0 1 -15 0 1 0 0 0 0 0 2.35156e-10 -0 0 0 -0 0 0 0 0 0 0 0 0 0 0 0 0 0 1 13150.8 13150.8 13150.8 13150.8
-15 0 1 -15 0 1 0 0 0 0 0 6.27854e-09 -0 0 0 -0 0 0 0 0 0 0 0 0 0 0 0 0 0 1 13150.8 13150.8 13150.8 13150.8
-15 0 1 -15 0 1 0 0 0 0 0 4.56533e-09 -0 0 0 -0 0 0 0 0 0 0 0 0 0 0 0 0 0 1 13150.8 13150.8 13150.8 13150.8
-15 0 1 -15 0 1 0 0 0 0 0 2.3745e-09 -0 0 0 -0 0 0 0 0 0 0 0 0 0 0 0 0 0 1 13150.8 13150.8 13150.8 13150.8
-15 0 1 -15 0 1 0 0 0 0 0 1.89102e-10 -0 0 0 -0 0 0 0 0 0 0 0 0 0 0 0 0 0 1 13150.8 13150.8 13150.8 13150.8
-15 0 1 -15 0 1 0 0 0 0 0 -4.00033e-09 -0 0 0 -0 0 0 0 0 0 0 0 0 0 0 0 0 0 1 13150.8 13150.8 13150.8 13150.8
-15 0 1 -15 0 1 0 0 0 0 0 -4.16391e-09 -0 0 0 -0 0 0 0 0 0 0 0 0 0 0 0 0 0 1 13150.8 13150.8 13150.8 13150.8
-15 0 1 -15 0 1 0 0 0 0 0 1.13528e-09 -0 0 0 -0 0 0 0 0 0 0 0 0 0 0 0 0 0 1 13150.8 13150.8 13150.8 13150.8
-15 0 1 -15 0 1 0 0 0 0 0 6.21074e-09 -0 0 0 -0 0 0 0 0 0 0 0 0 0 0 0 0 0 1 13150.8 13150.8 13150.8 13150.8
-15 0 1 -15 0 1 0 0 0 0 0 4.07677e-09 -0 0 0 -0 0 0 0 0 0 0 0 0 0 0 0 0 0 1 13150.8 13150.8 13150.8 13150.8
-15 0 1 -15 0 1 0 0 0 0 0 1.88795e-09 -0 0 0 -0 0 0 0 0 0 0 0 0 0 0 0 0 0 1 13150.8 13150.8 13150.8 13150.8
-15 0 1 -15 0 1 0 0 0 0 0 -3.11851e-10 -0 0 0 -0 0 0 0 0 0 0 0 0 0 0 0 0 0 1 13150.8 13150.8 13150.8 13150.8
-15 0 1 -15 0 1 0 0 0 0 0 -2.60253e-09 -0 0 0 -0 0 0 0 0 0 0 0 0 0 0 0 0 0 1 13150.8 13150.8 13150.8 13150.8
-15 0 1 -15 0 1 0 0 0 0 0 -4.70392e-09 -0 0 0 -0 0 0 0 0 0 0 0 0 0 0 0 0 0 1 13150.8 13150.8 13150.8 13150.8
-15 0 1 -15 0 1 0 0 0 0 0 5.51105e-09 -0 0 0 -0 0 0 0 0 0 0 0 0 0 0 0 0 0 1 13150.8 13150.8 13150.8 13150.8
-15 0 1 -15 0 1 0 0 0 0 0 3.35485e-09 -0 0 0 -0 0 0 0 0 0 0 0 0 0 0 0 0 0 1 13150.8 13150.8 13150.8 13150.8
-15 0 1 -15 0 1 0 0 0 0 0 1.15527e-09 -0 0 0 -0 0 0 0 0 0 0 0 0 0 0 0 0 0 1 13150.8 13150.8 13150.8 13150.8
-15 0 1 -15 0 1 0 0 0 0 0 -1.02256e-09 -0 0 0 -0 0 0 0 0 0 0 0 0 0 0 0 0 0 1 13150.8 13150.8 13150.8 13150.8
-15 0 1 -15 0 1 0 0 0 0 0 -3.21984e-09 -0 0 0 -0 0 0 0 0 0 0 0 0 0 0 0 0 0 1 13150.8 13150.8 13150.8 13150.8
-15 0 1 -15 0 1 0 0 0 0 0 -3.21984e-09 -0 0 0 -0 0 0 0 0 0 0 0 0 0 0 0 0 0 1 13150.8 13150.8 13150.8 13150.8
-15 0 1 -15 0 1 0 0 0 0 0 1.89376e-09 -0 0 0 -0 0 0 0 0 0 0 0 0 0 0 0 0 0 1 13150.8 13150.8 13150.8 13150.8
-15 0 1 -15 0 1 0 0 0 0 0 7.14329e-09 -0 0 0 -0 0 0 0 0 0 0 0 0 0 0 0 0 0 1 13150.8 13150.8 13150.8 13150.8
-15 0 1 -15 0 1 0 0 0 0 0 2.84265e-09 -0 0 0 -0 0 0 0 0 0 0 0 0 0 0 0 0 0 1 13150.8 13150.8 13150.8 13150.8
-15 0 1 -15 0 1 0 0 0 0 0 2.84265e-09 -0 0 0 -0 0 0 0 0 0 0 0 0 0 0 0 0 0 1 13150.8 13150.8 13150.8 13150.8
-15 0 1 -15 0 1 0 0 0 0 0 6.53854e-10 -0 0 0 -0 0 0 0 0 0 0 0 0 0 0 0 0 0 1 13150.8 13150.8 13150.8 13150.8
-15 0 1 -15 0 1 0 0 0 0 0 -1.53485e-09 -0 0 0 -0 0 0 0 0 0 0 0 0 0 0 0 0 0 1 13150.8 13150.8 13150.8 13150.8
-15 0 1 -15 0 1 0 0 0 0 0 -3.73277e-09 -0 0 0 -0 0 0 0 0 0 0 0 0 0 0 0 0 0 1 13150.8 13150.8 13150.8 13150.8
-15 0 1 -15 0 1 0 0 0 0 0 -5.99797e-09 -0 0 0 -0 0 0 0 0 0 0 0 0 0 0 0 0 0 1 13150.8 13150.8 13150.8 13150.8
-15 0 1 -15 0 1 0 0 0 0 0 -1.07716e-09 -0 0 0 -0 0 0 0 0 0 0 0 0 0 0 0 0 0 1 13150.8 13150.8 13150.8 13150.8
-15 0 1 -15 0 1 0 0 0 0 0 4.02847e-09 -0 0 0 -0 0 0 0 0 0 0 0 0 0 0 0 0 0 1 13150.8 13150.8 13150.8 13150.8
-15 0 1 -15 0 1 0 0 0 0 0 -3.46406e-10 -0 0 0 -0 0 0 0 0 0 0 0 0 0 0 0 0 0 1 13150.8 13150.8 13150.8 13150.8
-15 0 1 -15 0 1 0 0 0 0 0 -3.46406e-10 -0 0 0 -0 0 0 0 0 0 0 0 0 0 0 0 0 0 1 13150.8 13150.8 13150.8 13150.8
-15 0 1 -15 0 1 0 0 0 0 0 -4.72927e-09 -0 0 0 -0 0 0 0 0 0 0 0 0 0 0 0 0 0 1 13150.8 13150.8 13150.8 13150.8
-15 0 1 -15 0 1 0 0 0 0 0 -4.72927e-09 -0 0 0 -0 0 0 0 0 0 0 0 0 0 0 0 0 0 1 13150.8 13150.8 13150.8 13150.8
-15 0 1 -15 0 1 0 0 0 0 0 5.43309e-09 -0 0 0 -0 0 0 0 0 0 0 0 0 0 0 0 0 0 1 13150.8 13150.8 13150.8 13150.8
-15 0 1 -15 0 1 0 0 0 0 0 5.43309e-09 -0 0 0 -0 0 0 0 0 0 0 0 0 0 0 0 0 0 1 13150.8 13150.8 13150.8 13150.8
-15 0 1 -15 0 1 0 0 0 0 0 1.03006e-09 -0 0 0 -0 0 0 0 0 0 0 0 0 0 0 0 0 0 1 13150.8 13150.8 13150.8 13150.8
-15 0 1 -15 0 1 0 0 0 0 0 1.03006e-09 -0 0 0 -0 0 0 0 0 0 0 0 0 0 0 0 0 0 1 13150.8 13150.8 13150.8 13150.8
-15 0 1 -15 0 1 0 0 0 0 0 -1.16125e-09 -0 0 0 -0 0 0 0 0 0 0 0 0 0 0 0 0 0 1 13150.8 13150.8 13150.8 13150.8
-15 0 1 -15 0 1 0 0 0 0 0 -3.3252e-09 -0 0 0 -0 0 0 0 0 0 0 0 0 0 0 0 0 0 1 13150.8 13150.8 13150.8 13150.8
-15 0 1 -15 0 1 0 0 0 0 0 -5.53175e-09 -0 0 0 -0 0 0 0 0 0 0 0 0 0 0 0 0 0 1 13150.8 13150.8 13150.8 13150.8
-15 0 1 -15 0 1 0 0 0 0 0 -4.33665e-10 -0 0 0 -0 0 0 0 0 0 0 0 0 0 0 0 0 0 1 13150.8 13150.8 13150.8 13150.8
-15 0 1 -15 0 1 0 0 0 0 0 2.48512e-09 -0 0 0 -0 0 0 0 0 0 0 0 0 0 0 0 0 0 1 13150.8 13150.8 13150.8 13150.8
-15 0 1 -15 0 1 0 0 0 0 0 2.48512e-09 -0 0 0 -0 0 0 0 0 0 0 0 0 0 0 0 0 0 1 13150.8 13150.8 13150.8 13150.8
-15 0 1 -15 0 1 0 0 0 0 0 2.94329e-10 -0 0 0 -0 0 0 0 0 0 0 0 0 0 0 0 0 0 1 13150.8 13150.8 13150.8 13150.8
-15 0 1 -15 0 1 0 0 0 0 0 -4.08172e-09 -0 0 0 -0 0 0 0 0 0 0 0 0 0 0 0 0 0 1 13150.8 13150.8 13150.8 13150.8
-15 0 1 -15 0 1 0 0 0 0 0 1.06382e-09 -0 0 0 -0 0 0 0 0 0 0 0 0 0 0 0 0 0 1 13150.8 13150.8 13150.8 13150.8
-15 0 1 -15 0 1 0 0 0 0 0 -1.10722e-09 -0 0 0 -0 0 0 0 0 0 0 0 0 0 0 0 0 0 1 13150.8 13150.8 13150.8 13150.8
-15 0 1 -15 0 1 0 0 0 0 0 -1.10722e-09 -0 0 0 -0 0 0 0 0 0 0 0 0 0 0 0 0 0 1 13150.8 13150.8 13150.8 13150.8
-15 0 1 -15 0 1 0 0 0 0 0 -3.30044e-09 -0 0 0 -0 0 0 0 0 0 0 0 0 0 0 0 0 0 1 13150.8 13150.8 13150.8 13150.8
-15 0 1 -15 0 1 0 0 0 0 0 -5.50825e-09 -0 0 0 -0 0 0 0 0 0 0 0 0 0 0 0 0 0 1 13150.8 13150.8 13150.8 13150.8
-15 0 1 -15 0 1 0 0 0 0 0 -4.69101e-10 -0 0 0 -0 0 0 0 0 0 0 0 0 0 0 0 0 0 1 13150.8 13150.8 13150.8 13150.8
-15 0 1 -15 0 1 0 0 0 0 0 4.79479e-09 -0 0 0 -0 0 0 0 0 0 0 0 0 0 0 0 0 0 1 13150.8 13150.8 13150.8 13150.8
-15 0 1 -15 0 1 0 0 0 0 0 2.63777e-09 -0 0 0 -0 0 0 0 0 0 0 0 0 0 0 0 0 0 1 13150.8 13150.8 13150.8 13150.8
-15 0 1 -15 0 1 0 0 0 0 0 4.90564e-10 -0 0 0 -0 0 0 0 0 0 0 0 0 0 0 0 0 0 1 13150.8 13150.8 13150.8 13150.8
-15 0 1 -15 0 1 0 0 0 0 0 -3.89108e-09 -0 0 0 -0 0 0 0 0 0 0 0 0 0 0 0 0 0 1 13150.8 13150.8 13150.8 13150.8
-15 0 1 -15 0 1 0 0 0 0 0 -3.89108e-09 -0 0 0 -0 0 0 0 0 0 0 0 0 0 0 0 0 0 1 13150.8 13150.8 13150.8 13150.8
-15 0 1 -15 0 1 0 0 0 0 0 1.18817e-09 -0 0 0 -0 0 0 0 0 0 0 0 0 0 0 0 0 0 1 13150.8 13150.8 13150.8 13150.8
-15 0 1 -15 0 1 0 0 0 0 0 6.38912e-09 -0 0 0 -0 0 0 0 0 0 0 0 0 0 0 0 0 0 1 13150.8 13150.8 13150.8 13150.8
-15 0 1 -15 0 1 0 0 0 0 0 2.05552e-09 -0 0 0 -0 0 0 0 0 0 0 0 0 0 0 0 0 0 1 13150.8 13150.8 13150.8 13150.8
-15 0 1 -15 0 1 0 0 0 0 0 -1.48231e-10 -0 0 0 -0 0 0 0 0 0 0 0 0 0 0 0 0 0 1 13150.8 13150.8 13150.8 13150.8
-15 0 1 -15 0 1 0 0 0 0 0 -1.48231e-10 -0 0 0 -0 0 0 0 0 0 0 0 0 0 0 0 0 0 1 13150.8 13150.8 13150.8 13150.8
-15 0 1 -15 0 1 0 0 0 0 0 -4.52671e-09 -0 0 0 -0 0 0 0 0 0 0 0 0 0 0 0 0 0 1 13150.8 13150.8 13150.8 13150.8
-15 0 1 -15 0 1 0 0 0 0 0 -4.52671e-09 -0 0 0 -0 0 0 0 0 0 0 0 0 0 0 0 0 0 1 13150.8 13150.8 13150.8 13150.8
-15 0 1 -15 0 1 0 0 0 0 0 6.26761e-10 -0 0 0 -0 0 0 0 0 0 0 0 0 0 0 0 0 0 1 13150.8 13150.8 13150.8 13150.8
-15 0 1 -15 0 1 0 0 0 0 0 3.51994e-09 -0 0 0 -0 0 0 0 0 0 0 0 0 0 0 0 0 0 1 13150.8 13150.8 13150.8 13150.8
-15 0 1 -15 0 1 0 0 0 0 0 3.51994e-09 -0 0 0 -0 0 0 0 0 0 0 0 0 0 0 0 0 0 1 13150.8 13150.8 13150.8 13150.8
-15 0 1 -15 0 1 0 0 0 0 0 -8.32057e-10 -0 0 0 -0 0 0 0 0 0 0 0 0 0 0 0 0 0 1 13150.8 13150.8 13150.8 13150.8
-15 0 1 -15 0 1 0 0 0 0 0 -3.05817e-09 -0 0 0 -0 0 0 0 0 0 0 0 0 0 0 0 0 0 1 13150.8 13150.8 13150.8 13150.8
-15 0 1 -15 0 1 0 0 0 0 0 1.94056e-09 -0 0 0 -0 0 0 0 0 0 0 0 0 0 0 0 0 0 1 13150.8 13150.8 13150.8 13150.8
-15 0 1 -15 0 1 0 0 0 0 0 1.94056e-09 -0 0 0 -0 0 0 0 0 0 0 0 0 0 0 0 0 0 1 13150.8 13150.8 13150.8 13150.8
-15 0 1 -15 0 1 0 0 0 0 0 -2.44178e-09 -0 0 0 -0 0 0 0 0 0 0 0 0 0 0 0 0 0 1 13150.8 13150.8 13150.8 13150.8
-15 0 1 -15 0 1 0 0 0 0 0 -2.44178e-09 -0 0 0 -0 0 0 0 0 0 0 0 0 0 0 0 0 0 1 13150.8 13150.8 13150.8 13150.8
-15 0 1 -15 0 1 0 0 0 0 0 -4.63688e-09 -0 0 0 -0 0 0 0 0 0 0 0 0 0 0 0 0 0 1 13150.8 13150.8 13150.8 13150.8
-15 0 1 -15 0 1 0 0 0 0 0 -1.78749e-09 -0 0 0 -0 0 0 0 0 0 0 0 0 0 0 0 0 0 1 13150.8 13150.8 13150.8 13150.8
-15 0 1 -15 0 1 0 0 0 0 0 -3.95336e-09 -0 0 0 -0 0 0 0 0 0 0 0 0 0 0 0 0 0 1 13150.8 13150.8 13150.8 13150.8
-15 0 1 -15 0 1 0 0 0 0 0 1.12231e-09 -0 0 0 -0 0 0 0 0 0 0 0 0 0 0 0 0 0 1 13150.8 13150.8 13150.8 13150.8
-15 0 1 -15 0 1 0 0 0 0 0 1.12231e-09 -0 0 0 -0 0 0 0 0 0 0 0 0 0 0 0 0 0 1 13150.8 13150.8 13150.8 13150.8
-15 0 1 -15 0 1 0 0 0 0 0 -3.28286e-09 -0 0 0 -0 0 0 0 0 0 0 0 0 0 0 0 0 0 1 13150.8 13150.8 13150.8 13150.8
-15 0 1 -15 0 1 0 0 0 0 0 -3.28286e-09 -0 0 0 -0 0 0 0 0 0 0 0 0 0 0 0 0 0 1 13150.8 13150.8 13150.8 13150.8
-15 0 1 -15 0 1 0 0 0 0 0 1.77823e-09 -0 0 0 -0 0 0 0 0 0 0 0 0 0 0 0 0 0 1 13150.8 13150.8 13150.8 13150.8
-15 0 1 -15 0 1 0 0 0 0 0 6.99042e-09 -0 0 0 -0 0 0 0 0 0 0 0 0 0 0 0 0 0 1 13150.8 13150.8 13150.8 13150.8
-15 0 1 -15 0 1 0 0 0 0 0 4.85865e-09 -0 0 0 -0 0 0 0 0 0 0 0 0 0 0 0 0 0 1 13150.8 13150.8 13150.8 13150.8
-15 0 1 -15 0 1 0 0 0 0 0 2.64059e-09 -0 0 0 -0 0 0 0 0 0 0 0 0 0 0 0 0 0 1 13150.8 13150.8 13150.8 13150.8
-15 0 1 -15 0 1 0 0 0 0 0 4.24141e-10 -0 0 0 -0 0 0 0 0 0 0 0 0 0 0 0 0 0 1 13150.8 13150.8 13150.8 13150.8
-15 0 1 -15 0 1 0 0 0 0 0 -3.90798e-09 -0 0 0 -0 0 0 0 0 0 0 0 0 0 0 0 0 0 1 13150.8 13150.8 13150.8 13150.8
-15 0 1 -15 0 1 0 0 0 0 0 1.16017e-09 -0 0 0 -0 0 0 0 0 0 0 0 0 0 0 0 0 0 1 13150.8 13150.8 13150.8 13150.8
-15 0 1 -15 0 1 0 0 0 0 0 1.16017e-09 -0 0 0 -0 0 0 0 0 0 0 0 0 0 0 0 0 0 1 13150.8 13150.8 13150.8 13150.8
-15 0 1 -15 0 1 0 0 0 0 0 -1.07472e-09 -0 0 0 -0 0 0 0 0 0 0 0 0 0 0 0 0 0 1 13150.8 13150.8 13150.8 13150.8
-15 0 1 -15 0 1 0 0 0 0 0 -3.27558e-09 -0 0 0 -0 0 0 0 0 0 0 0 0 0 0 0 0 0 1 13150.8 13150.8 13150.8 13150.8
-15 0 1 -15 0 1 0 0 0 0 0 -5.46107e-09 -0 0 0 -0 0 0 0 0 0 0 0 0 0 0 0 0 0 1 13150.8 13150.8 13150.8 13150.8
-15 0 1 -15 0 1 0 0 0 0 0 4.73705e-09 -0 0 0 -0 0 0 0 0 0 0 0 0 0 0 0 0 0 1 13150.8 13150.8 13150.8 13150.8
-15 0 1 -15 0 1 0 0 0 0 0 4.73705e-09 -0 0 0 -0 0 0 0 0 0 0 0 0 0 0 0 0 0 1 13150.8 13150.8 13150.8 13150.8
-15 0 1 -15 0 1 0 0 0 0 0 2.5739e-09 -0 0 0 -0 0 0 0 0 0 0 0 0 0 0 0 0 0 1 13150.8 13150.8 13150.8 13150.8
-15 0 1 -15 0 1 0 0 0 0 0 4.13698e-10 -0 0 0 -0 0 0 0 0 0 0 0 0 0 0 0 0 0 1 13150.8 13150.8 13150.8 13150.8
-15 0 1 -15 0 1 0 0 0 0 0 -1.78756e-09 -0 0 0 -0 0 0 0 0 0 0 0 0 0 0 0 0 0 1 13150.8 13150.8 13150.8 13150.8
-15 0 1 -15 0 1 0 0 0 0 0 -4.01705e-09 -0 0 0 -0 0 0 0 0 0 0 0 0 0 0 0 0 0 1 13150.8 13150.8 13150.8 13150.8
-15 0 1 -15 0 1 0 0 0 0 0 -6.25939e-09 -0 0 0 -0 0 0 0 0 0 0 0 0 0 0 0 0 0 1 13150.8 13150.8 13150.8 13150.8
-15 0 1 -15 0 1 0 0 0 0 0 3.72799e-09 -0 0 0 -0 0 0 0 0 0 0 0 0 0 0 0 0 0 1 13150.8 13150.8 13150.8 13150.8
-15 0 1 -15 0 1 0 0 0 0 0 1.54582e-09 -0 0 0 -0 0 0 0 0 0 0 0 0 0 0 0 0 0 1 13150.8 13150.8 13150.8 13150.8
-15 0 1 -15 0 1 0 0 0 0 0 1.54582e-09 -0 0 0 -0 0 0 0 0 0 0 0 0 0 0 0 0 0 1 13150.8 13150.8 13150.8 13150.8
-15 0 1 -15 0 1 0 0 0 0 0 -2.86818e-09 -0 0 0 -0 0 0 0 0 0 0 0 0 0 0 0 0 0 1 13150.8 13150.8 13150.8 13150.8
-15 0 1 -15 0 1 0 0 0 0 0 -2.86818e-09 -0 0 0 -0 0 0 0 0 0 0 0 0 0 0 0 0 0 1 13150.8 13150.8 13150.8 13150.8
-15 0 1 -15 0 1 0 0 0 0 0 2.11501e-09 -0 0 0 -0 0 0 0 0 0 0 0 0 0 0 0 0 0 1 13150.8 13150.8 13150.8 13150.8
-15 0 1 -15 0 1 0 0 0 0 0 5.07539e-09 -0 0 0 -0 0 0 0 0 0 0 0 0 0 0 0 0 0 1 13150.8 13150.8 13150.8 13150.8
-15 0 1 -15 0 1 0 0 0 0 0 2.87999e-09 -0 0 0 -0 0 0 0 0 0 0 0 0 0 0 0 0 0 1 13150.8 13150.8 13150.8 13150.8
-15 0 1 -15 0 1 0 0 0 0 0 6.75821e-10 -0 0 0 -0 0 0 0 0 0 0 0 0 0 0 0 0 0 1 13150.8 13150.8 13150.8 13150.8
-15 0 1 -15 0 1 0 0 0 0 0 6.75821e-10 -0 0 0 -0 0 0 0 0 0 0 0 0 0 0 0 0 0 1 13150.8 13150.8 13150.8 13150.8
-15 0 1 -15 0 1 0 0 0 0 0 -1.59465e-09 -0 0 0 -0 0 0 0 0 0 0 0 0 0 0 0 0 0 1 13150.8 13150.8 13150.8 13150.8
-15 0 1 -15 0 1 0 0 0 0 0 -5.88264e-09 -0 0 0 -0 0 0 0 0 0 0 0 0 0 0 0 0 0 1 13150.8 13150.8 13150.8 13150.8
-15 0 1 -15 0 1 0 0 0 0 0 -5.88264e-09 -0 0 0 -0 0 0 0 0 0 0 0 0 0 0 0 0 0 1 13150.8 13150.8 13150.8 13150.8
-15 0 1 -15 0 1 0 0 0 0 0 -6.24592e-10 -0 0 0 -0 0 0 0 0 0 0 0 0 0 0 0 0 0 1 13150.8 13150.8 13150.8 13150.8
-15 0 1 -15 0 1 0 0 0 0 0 5.01918e-09 -0 0 0 -0 0 0 0 0 0 0 0 0 0 0 0 0 0 1 13150.8 13150.8 13150.8 13150.8
-15 0 1 -15 0 1 0 0 0 0 0 3.11342e-09 -0 0 0 -0 0 0 0 0 0 0 0 0 0 0 0 0 0 1 13150.8 13150.8 13150.8 13150.8
-15 0 1 -15 0 1 0 0 0 0 0 9.2094e-10 -0 0 0 -0 0 0 0 0 0 0 0 0 0 0 0 0 0 1 13150.8 13150.8 13150.8 13150.8
-15 0 1 -15 0 1 0 0 0 0 0 -1.28394e-09 -0 0 0 -0 0 0 0 0 0 0 0 0 0 0 0 0 0 1 13150.8 13150.8 13150.8 13150.8
-15 0 1 -15 0 1 0 0 0 0 0 -3.43986e-09 -0 0 0 -0 0 0 0 0 0 0 0 0 0 0 0 0 0 1 13150.8 13150.8 13150.8 13150.8
-15 0 1 -15 0 1 0 0 0 0 0 -5.65289e-09 -0 0 0 -0 0 0 0 0 0 0 0 0 0 0 0 0 0 1 13150.8 13150.8 13150.8 13150.8
-15 0 1 -15 0 1 0 0 0 0 0 -6.43855e-10 -0 0 0 -0 0 0 0 0 0 0 0 0 0 0 0 0 0 1 13150.8 13150.8 13150.8 13150.8
-15 0 1 -15 0 1 0 0 0 0 0 4.51064e-09 -0 0 0 -0 0 0 0 0 0 0 0 0 0 0 0 0 0 1 13150.8 13150.8 13150.8 13150.8
-15 0 1 -15 0 1 0 0 0 0 0 2.33188e-09 -0 0 0 -0 0 0 0 0 0 0 0 0 0 0 0 0 0 1 13150.8 13150.8 13150.8 13150.8
-15 0 1 -15 0 1 0 0 0 0 0 1.16814e-10 -0 0 0 -0 0 0 0 0 0 0 0 0 0 0 0 0 0 1 13150.8 13150.8 13150.8 13150.8
-15 0 1 -15 0 1 0 0 0 0 0 -2.03812e-09 -0 0 0 -0 0 0 0 0 0 0 0 0 0 0 0 0 0 1 13150.8 13150.8 13150.8 13150.8
-15 0 1 -15 0 1 0 0 0 0 0 -4.22548e-09 -0 0 0 -0 0 0 0 0 0 0 0 0 0 0 0 0 0 1 13150.8 13150.8 13150.8 13150.8
-15 0 1 -15 0 1 0 0 0 0 0 -6.41972e-09 -0 0 0 -0 0 0 0 0 0 0 0 0 0 0 0 0 0 1 13150.8 13150.8 13150.8 13150.8
-15 0 1 -15 0 1 0 0 0 0 0 -1.28709e-09 -0 0 0 -0 0 0 0 0 0 0 0 0 0 0 0 0 0 1 13150.8 13150.8 13150.8 13150.8
-15 0 1 -15 0 1 0 0 0 0 0 3.82506e-09 -0 0 0 -0 0 0 0 0 0 0 0 0 0 0 0 0 0 1 13150.8 13150.8 13150.8 13150.8
-15 0 1 -15 0 1 0 0 0 0 0 -6.24212e-10 -0 0 0 -0 0 0 0 0 0 0 0 0 0 0 0 0 0 1 13150.8 13150.8 13150.8 13150.8
-15 0 1 -15 0 1 0 0 0 0 0 -6.24212e-10 -0 0 0 -0 0 0 0 0 0 0 0 0 0 0 0 0 0 1 13150.8 13150.8 13150.8 13150.8
-15 0 1 -15 0 1 0 0 0 0 0 -2.72945e-09 -0 0 0 -0 0 0 0 0 0 0 0 0 0 0 0 0 0 1 13150.8 13150.8 13150.8 13150.8
-15 0 1 -15 0 1 0 0 0 0 0 -4.90368e-09 -0 0 0 -0 0 0 0 0 0 0 0 0 0 0 0 0 0 1 13150.8 13150.8 13150.8 13150.8
-15 0 1 -15 0 1 0 0 0 0 0 1.99574e-10 -0 0 0 -0 0 0 0 0 0 0 0 0 0 0 0 0 0 1 13150.8 13150.8 13150.8 13150.8
-15 0 1 -15 0 1 0 0 0 0 0 5.30127e-09 -0 0 0 -0 0 0 0 0 0 0 0 0 0 0 0 0 0 1 13150.8 13150.8 13150.8 13150.8
-15 0 1 -15 0 1 0 0 0 0 0 3.0779e-09 -0 0 0 -0 0 0 0 0 0 0 0 0 0 0 0 0 0 1 13150.8 13150.8 13150.8 13150.8
-15 0 1 -15 0 1 0 0 0 0 0 -1.27592e-09 -0 0 0 -0 0 0 0 0 0 0 0 0 0 0 0 0 0 1 13150.8 13150.8 13150.8 13150.8
-15 0 1 -15 0 1 0 0 0 0 0 -3.45038e-09 -0 0 0 -0 0 0 0 0 0 0 0 0 0 0 0 0 0 1 13150.8 13150.8 13150.8 13150.8
-15 0 1 -15 0 1 0 0 0 0 0 -3.45038e-09 -0 0 0 -0 0 0 0 0 0 0 0 0 0 0 0 0 0 1 13150.8 13150.8 13150.8 13150.8
-15 0 1 -15 0 1 0 0 0 0 0 1.73554e-09 -0 0 0 -0 0 0 0 0 0 0 0 0 0 0 0 0 0 1 13150.8 13150.8 13150.8 13150.8
-15 0 1 -15 0 1 0 0 0 0 0 6.74959e-09 -0 0 0 -0 0 0 0 0 0 0 0 0 0 0 0 0 0 1 13150.8 13150.8 13150.8 13150.8
-15 0 1 -15 0 1 0 0 0 0 0 4.5424e-09 -0 0 0 -0 0 0 0 0 0 0 0 0 0 0 0 0 0 1 13150.8 13150.8 13150.8 13150.8
-15 0 1 -15 0 1 0 0 0 0 0 1.73486e-10 -0 0 0 -0 0 0 0 0 0 0 0 0 0 0 0 0 0 1 13150.8 13150.8 13150.8 13150.8
-15 0 1 -15 0 1 0 0 0 0 0 1.73486e-10 -0 0 0 -0 0 0 0 0 0 0 0 0 0 0 0 0 0 1 13150.8 13150.8 13150.8 13150.8
-15 0 1 -15 0 1 0 0 0 0 0 -4.20202e-09 -0 0 0 -0 0 0 0 0 0 0 0 0 0 0 0 0 0 1 13150.8 13150.8 13150.8 13150.8
-15 0 1 -15 0 1 0 0 0 0 0 -4.20202e-09 -0 0 0 -0 0 0 0 0 0 0 0 0 0 0 0 0 0 1 13150.8 13150.8 13150.8 13150.8
-15 0 1 -15 0 1 0 0 0 0 0 9.60614e-10 -0 0 0 -0 0 0 0 0 0 0 0 0 0 0 0 0 0 1 13150.8 13150.8 13150.8 13150.8
-15 0 1 -15 0 1 0 0 0 0 0 3.65918e-09 -0 0 0 -0 0 0 0 0 0 0 0 0 0 0 0 0 0 1 13150.8 13150.8 13150.8 13150.8
-15 0 1 -15 0 1 0 0 0 0 0 3.65918e-09 -0 0 0 -0 0 0 0 0 0 0 0 0 0 0 0 0 0 1 13150.8 13150.8 13150.8 13150.8
-15 0 1 -15 0 1 0 0 0 0 0 1.62619e-09 -0 0 0 -0 0 0 0 0 0 0 0 0 0 0 0 0 0 1 13150.8 13150.8 13150.8 13150.8
-15 0 1 -15 0 1 0 0 0 0 0 -5.63722e-10 -0 0 0 -0 0 0 0 0 0 0 0 0 0 0 0 0 0 1 13150.8 13150.8 13150.8 13150.8
-15 0 1 -15 0 1 0 0 0 0 0 -2.78193e-09 -0 0 0 -0 0 0 0 0 0 0 0 0 0 0 0 0 0 1 13150.8 13150.8 13150.8 13150.8
-15 0 1 -15 0 1 0 0 0 0 0 -4.95846e-09 -0 0 0 -0 0 0 0 0 0 0 0 0 0 0 0 0 0 1 13150.8 13150.8 13150.8 13150.8
-15 0 1 -15 0 1 0 0 0 0 0 2.34869e-10 -0 0 0 -0 0 0 0 0 0 0 0 0 0 0 0 0 0 1 13150.8 13150.8 13150.8 13150.8
-15 0 1 -15 0 1 0 0 0 0 0 5.22966e-09 -0 0 0 -0 0 0 0 0 0 0 0 0 0 0 0 0 0 1 13150.8 13150.8 13150.8 13150.8
-15 0 1 -15 0 1 0 0 0 0 0 3.0509e-09 -0 0 0 -0 0 0 0 0 0 0 0 0 0 0 0 0 0 1 13150.8 13150.8 13150.8 13150.8
-15 0 1 -15 0 1 0 0 0 0 0 7.26992e-10 -0 0 0 -0 0 0 0 0 0 0 0 0 0 0 0 0 0 1 13150.8 13150.8 13150.8 13150.8
-15 0 1 -15 0 1 0 0 0 0 0 -1.3289e-09 -0 0 0 -0 0 0 0 0 0 0 0 0 0 0 0 0 0 1 13150.8 13150.8 13150.8 13150.8
-15 0 1 -15 0 1 0 0 0 0 0 -3.54541e-09 -0 0 0 -0 0 0 0 0 0 0 0 0 0 0 0 0 0 1 13150.8 13150.8 13150.8 13150.8
-15 0 1 -15 0 1 0 0 0 0 0 -5.71221e-09 -0 0 0 -0 0 0 0 0 0 0 0 0 0 0 0 0 0 1 13150.8 13150.8 13150.8 13150.8
-15 0 1 -15 0 1 0 0 0 0 0 -4.71258e-10 -0 0 0 -0 0 0 0 0 0 0 0 0 0 0 0 0 0 1 13150.8 13150.8 13150.8 13150.8
-15 0 1 -15 0 1 0 0 0 0 0 4.47165e-09 -0 0 0 -0 0 0 0 0 0 0 0 0 0 0 0 0 0 1 13150.8 13150.8 13150.8 13150.8
-15 0 1 -15 0 1 0 0 0 0 0 2.29133e-09 -0 0 0 -0 0 0 0 0 0 0 0 0 0 0 0 0 0 1 13150.8 13150.8 13150.8 13150.8
-15 0 1 -15 0 1 0 0 0 0 0 7.76795e-11 -0 0 0 -0 0 0 0 0 0 0 0 0 0 0 0 0 0 1 13150.8 13150.8 13150.8 13150.8
-15 0 1 -15 0 1 0 0 0 0 0 -2.1066e-09 -0 0 0 -0 0 0 0 0 0 0 0 0 0 0 0 0 0 1 13150.8 13150.8 13150.8 13150.8
-15 0 1 -15 0 1 0 0 0 0 0 -4.28402e-09 -0 0 0 -0 0 0 0 0 0 0 0 0 0 0 0 0 0 1 13150.8 13150.8 13150.8 13150.8
-15 0 1 -15 0 1 0 0 0 0 0 -6.48339e-09 -0 0 0 -0 0 0 0 0 0 0 0 0 0 0 0 0 0 1 13150.8 13150.8 13150.8 13150.8
-15 0 1 -15 0 1 0 0 0 0 0 -1.38931e-09 -0 0 0 -0 0 0 0 0 0 0 0 0 0 0 0 0 0 1 13150.8 13150.8 13150.8 13150.8
-15 0 1 -15 0 1 0 0 0 0 0 1.53307e-09 -0 0 0 -0 0 0 0 0 0 0 0 0 0 0 0 0 0 1 13150.8 13150.8 13150.8 13150.8
-15 0 1 -15 0 1 0 0 0 0 0 1.53307e-09 -0 0 0 -0 0 0 0 0 0 0 0 0 0 0 0 0 0 1 13150.8 13150.8 13150.8 13150.8
-15 0 1 -15 0 1 0 0 0 0 0 -7.12156e-10 -0 0 0 -0 0 0 0 0 0 0 0 0 0 0 0 0 0 1 13150.8 13150.8 13150.8 13150.8
-15 0 1 -15 0 1 0 0 0 0 0 -3.00664e-09 -0 0 0 -0 0 0 0 0 0 0 0 0 0 0 0 0 0 1 13150.8 13150.8 13150.8 13150.8
-15 0 1 -15 0 1 0 0 0 0 0 -5.05819e-09 -0 0 0 -0 0 0 0 0 0 0 0 0 0 0 0 0 0 1 13150.8 13150.8 13150.8 13150.8
-15 0 1 -15 0 1 0 0 0 0 0 1.41721e-10 -0 0 0 -0 0 0 0 0 0 0 0 0 0 0 0 0 0 1 13150.8 13150.8 13150.8 13150.8
-15 0 1 -15 0 1 0 0 0 0 0 5.08646e-09 -0 0 0 -0 0 0 0 0 0 0 0 0 0 0 0 0 0 1 13150.8 13150.8 13150.8 13150.8
-15 0 1 -15 0 1 0 0 0 0 0 7.15313e-10 -0 0 0 -0 0 0 0 0 0 0 0 0 0 0 0 0 0 1 13150.8 13150.8 13150.8 13150.8
-15 0 1 -15 0 1 0 0 0 0 0 7.15313e-10 -0 0 0 -0 0 0 0 0 0 0 0 0 0 0 0 0 0 1 13150.8 13150.8 13150.8 13150.8
-15 0 1 -15 0 1 0 0 0 0 0 -3.6637e-09 -0 0 0 -0 0 0 0 0 0 0 0 0 0 0 0 0 0 1 13150.8 13150.8 13150.8 13150.8
-15 0 1 -15 0 1 0 0 0 0 0 1.44875e-09 -0 0 0 -0 0 0 0 0 0 0 0 0 0 0 0 0 0 1 13150.8 13150.8 13150.8 13150.8
-15 0 1 -15 0 1 0 0 0 0 0 1.44875e-09 -0 0 0 -0 0 0 0 0 0 0 0 0 0 0 0 0 0 1 13150.8 13150.8 13150.8 13150.8
-15 0 1 -15 0 1 0 0 0 0 0 -7.76315e-10 -0 0 0 -0 0 0 0 0 0 0 0 0 0 0 0 0 0 1 13150.8 13150.8 13150.8 13150.8
-15 0 1 -15 0 1 0 0 0 0 0 -5.12446e-09 -0 0 0 -0 0 0 0 0 0 0 0 0 0 0 0 0 0 1 13150.8 13150.8 13150.8 13150.8
-15 0 1 -15 0 1 0 0 0 0 0 -5.12446e-09 -0 0 0 -0 0 0 0 0 0 0 0 0 0 0 0 0 0 1 13150.8 13150.8 13150.8 13150.8
-15 0 1 -15 0 1 0 0 0 0 0 -4.68075e-11 -0 0 0 -0 0 0 0 0 0 0 0 0 0 0 0 0 0 1 13150.8 13150.8 13150.8 13150.8
-15 0 1 -15 0 1 0 0 0 0 0 5.04981e-09 -0 0 0 -0 0 0 0 0 0 0 0 0 0 0 0 0 0 1 13150.8 13150.8 13150.8 13150.8
-15 0 1 -15 0 1 0 0 0 0 0 2.83573e-09 -0 0 0 -0 0 0 0 0 0 0 0 0 0 0 0 0 0 1 13150.8 13150.8 13150.8 13150.8
-15 0 1 -15 0 1 0 0 0 0 0 6.66244e-10 -0 0 0 -0 0 0 0 0 0 0 0 0 0 0 0 0 0 1 13150.8 13150.8 13150.8 13150.8
-15 0 1 -15 0 1 0 0 0 0 0 -1.53156e-09 -0 0 0 -0 0 0 0 0 0 0 0 0 0 0 0 0 0 1 13150.8 13150.8 13150.8 13150.8
-15 0 1 -15 0 1 0 0 0 0 0 -3.74501e-09 -0 0 0 -0 0 0 0 0 0 0 0 0 0 0 0 0 0 1 13150.8 13150.8 13150.8 13150.8
-15 0 1 -15 0 1 0 0 0 0 0 -5.8983e-09 -0 0 0 -0 0 0 0 0 0 0 0 0 0 0 0 0 0 1 13150.8 13150.8 13150.8 13150.8
-15 0 1 -15 0 1 0 0 0 0 0 4.70553e-09 -0 0 0 -0 0 0 0 0 0 0 0 0 0 0 0 0 0 1 13150.8 13150.8 13150.8 13150.8
-15 0 1 -15 0 1 0 0 0 0 0 4.70553e-09 -0 0 0 -0 0 0 0 0 0 0 0 0 0 0 0 0 0 1 13150.8 13150.8 13150.8 13150.8
-15 0 1 -15 0 1 0 0 0 0 0 4.92228e-10 -0 0 0 -0 0 0 0 0 0 0 0 0 0 0 0 0 0 1 13150.8 13150.8 13150.8 13150.8
-15 0 1 -15 0 1 0 0 0 0 0 -1.68227e-09 -0 0 0 -0 0 0 0 0 0 0 0 0 0 0 0 0 0 1 13150.8 13150.8 13150.8 13150.8
-15 0 1 -15 0 1 0 0 0 0 0 -1.68227e-09 -0 0 0 -0 0 0 0 0 0 0 0 0 0 0 0 0 0 1 13150.8 13150.8 13150.8 13150.8
-15 0 1 -15 0 1 0 0 0 0 0 -3.9035e-09 -0 0 0 -0 0 0 0 0 0 0 0 0 0 0 0 0 0 1 13150.8 13150.8 13150.8 13150.8
-15 0 1 -15 0 1 0 0 0 0 0 -6.12658e-09 -0 0 0 -0 0 0 0 0 0 0 0 0 0 0 0 0 0 1 13150.8 13150.8 13150.8 13150.8
-15 0 1 -15 0 1 0 0 0 0 0 -1.06525e-09 -0 0 0 -0 0 0 0 0 0 0 0 0 0 0 0 0 0 1 13150.8 13150.8 13150.8 13150.8
-15 0 1 -15 0 1 0 0 0 0 0 3.98542e-09 -0 0 0 -0 0 0 0 0 0 0 0 0 0 0 0 0 0 1 13150.8 13150.8 13150.8 13150.8
-15 0 1 -15 0 1 0 0 0 0 0 1.79933e-09 -0 0 0 -0 0 0 0 0 0 0 0 0 0 0 0 0 0 1 13150.8 13150.8 13150.8 13150.8
-15 0 1 -15 0 1 0 0 0 0 0 -2.54287e-09 -0 0 0 -0 0 0 0 0 0 0 0 0 0 0 0 0 0 1 13150.8 13150.8 13150.8 13150.8
-15 0 1 -15 0 1 0 0 0 0 0 -2.54287e-09 -0 0 0 -0 0 0 0 0 0 0 0 0 0 0 0 0 0 1 13150.8 13150.8 13150.8 13150.8
-15 0 1 -15 0 1 0 0 0 0 0 2.57221e-09 -0 0 0 -0 0 0 0 0 0 0 0 0 0 0 0 0 0 1 13150.8 13150.8 13150.8 13150.8
-15 0 1 -15 0 1 0 0 0 0 0 5.46806e-09 -0 0 0 -0 0 0 0 0 0 0 0 0 0 0 0 0 0 1 13150.8 13150.8 13150.8 13150.8
-15 0 1 -15 0 1 0 0 0 0 0 5.46806e-09 -0 0 0 -0 0 0 0 0 0 0 0 0 0 0 0 0 0 1 13150.8 13150.8 13150.8 13150.8
-15 0 1 -15 0 1 0 0 0 0 0 1.11406e-09 -0 0 0 -0 0 0 0 0 0 0 0 0 0 0 0 0 0 1 13150.8 13150.8 13150.8 13150.8
-15 0 1 -15 0 1 0 0 0 0 0 1.11406e-09 -0 0 0 -0 0 0 0 0 0 0 0 0 0 0 0 0 0 1 13150.8 13150.8 13150.8 13150.8
-15 0 1 -15 0 1 0 0 0 0 0 -1.10204e-09 -0 0 0 -0 0 0 0 0 0 0 0 0 0 0 0 0 0 1 13150.8 13150.8 13150.8 13150.8
-15 0 1 -15 0 1 0 0 0 0 0 -3.31228e-09 -0 0 0 -0 0 0 0 0 0 0 0 0 0 0 0 0 0 1 13150.8 13150.8 13150.8 13150.8
-15 0 1 -15 0 1 0 0 0 0 0 -4.10377e-10 -0 0 0 -0 0 0 0 0 0 0 0 0 0 0 0 0 0 1 13150.8 13150.8 13150.8 13150.8
-15 0 1 -15 0 1 0 0 0 0 0 -4.10377e-10 -0 0 0 -0 0 0 0 0 0 0 0 0 0 0 0 0 0 1 13150.8 13150.8 13150.8 13150.8
-15 0 1 -15 0 1 0 0 0 0 0 -4.10377e-10 -0 0 0 -0 0 0 0 0 0 0 0 0 0 0 0 0 0 1 13150.8 13150.8 13150.8 13150.8
-15 0 1 -15 0 1 0 0 0 0 0 -6.95939e-09 -0 0 0 -0 0 0 0 0 0 0 0 0 0 0 0 0 0 1 13150.8 13150.8 13150.8 13150.8
-15 0 1 -15 0 1 0 0 0 0 0 -1.775e-09 -0 0 0 -0 0 0 0 0 0 0 0 0 0 0 0 0 0 1 13150.8 13150.8 13150.8 13150.8
-15 0 1 -15 0 1 0 0 0 0 0 -1.775e-09 -0 0 0 -0 0 0 0 0 0 0 0 0 0 0 0 0 0 1 13150.8 13150.8 13150.8 13150.8
-15 0 1 -15 0 1 0 0 0 0 0 -3.99285e-09 -0 0 0 -0 0 0 0 0 0 0 0 0 0 0 0 0 0 1 13150.8 13150.8 13150.8 13150.8
-15 0 1 -15 0 1 0 0 0 0 0 -6.12572e-09 -0 0 0 -0 0 0 0 0 0 0 0 0 0 0 0 0 0 1 13150.8 13150.8 13150.8 13150.8
-15 0 1 -15 0 1 0 0 0 0 0 -1.00324e-09 -0 0 0 -0 0 0 0 0 0 0 0 0 0 0 0 0 0 1 13150.8 13150.8 13150.8 13150.8
-15 0 1 -15 0 1 0 0 0 0 0 1.95482e-09 -0 0 0 -0 0 0 0 0 0 0 0 0 0 0 0 0 0 1 13150.8 13150.8 13150.8 13150.8
-15 0 1 -15 0 1 0 0 0 0 0 1.95482e-09 -0 0 0 -0 0 0 0 0 0 0 0 0 0 0 0 0 0 1 13150.8 13150.8 13150.8 13150.8
-15 0 1 -15 0 1 0 0 0 0 0 -2.26915e-10 -0 0 0 -0 0 0 0 0 0 0 0 0 0 0 0 0 0 1 13150.8 13150.8 13150.8 13150.8
-15 0 1 -15 0 1 0 0 0 0 0 -2.50614e-09 -0 0 0 -0 0 0 0 0 0 0 0 0 0 0 0 0 0 1 13150.8 13150.8 13150.8 13150.8
-15 0 1 -15 0 1 0 0 0 0 0 -4.65048e-09 -0 0 0 -0 0 0 0 0 0 0 0 0 0 0 0 0 0 1 13150.8 13150.8 13150.8 13150.8
-15 0 1 -15 0 1 0 0 0 0 0 4.13287e-10 -0 0 0 -0 0 0 0 0 0 0 0 0 0 0 0 0 0 1 13150.8 13150.8 13150.8 13150.8
-15 0 1 -15 0 1 0 0 0 0 0 5.50842e-09 -0 0 0 -0 0 0 0 0 0 0 0 0 0 0 0 0 0 1 13150.8 13150.8 13150.8 13150.8
-15 0 1 -15 0 1 0 0 0 0 0 3.3385e-09 -0 0 0 -0 0 0 0 0 0 0 0 0 0 0 0 0 0 1 13150.8 13150.8 13150.8 13150.8
-15 0 1 -15 0 1 0 0 0 0 0 1.08518e-09 -0 0 0 -0 0 0 0 0 0 0 0 0 0 0 0 0 0 1 13150.8 13150.8 13150.8 13150.8
-15 0 1 -15 0 1 0 0 0 0 0 -1.06643e-09 -0 0 0 -0 0 0 0 0 0 0 0 0 0 0 0 0 0 1 13150.8 13150.8 13150.8 13150.8
-15 0 1 -15 0 1 0 0 0 0 0 -5.40769e-09 -0 0 0 -0 0 0 0 0 0 0 0 0 0 0 0 0 0 1 13150.8 13150.8 13150.8 13150.8
-15 0 1 -15 0 1 0 0 0 0 0 -2.63115e-10 -0 0 0 -0 0 0 0 0 0 0 0 0 0 0 0 0 0 1 13150.8 13150.8 13150.8 13150.8
-15 0 1 -15 0 1 0 0 0 0 0 -2.44127e-09 -0 0 0 -0 0 0 0 0 0 0 0 0 0 0 0 0 0 1 13150.8 13150.8 13150.8 13150.8
-15 0 1 -15 0 1 0 0 0 0 0 2.70634e-09 -0 0 0 -0 0 0 0 0 0 0 0 0 0 0 0 0 0 1 13150.8 13150.8 13150.8 13150.8
-15 0 1 -15 0 1 0 0 0 0 0 2.70634e-09 -0 0 0 -0 0 0 0 0 0 0 0 0 0 0 0 0 0 1 13150.8 13150.8 13150.8 13150.8
-15 0 1 -15 0 1 0 0 0 0 0 5.29072e-10 -0 0 0 -0 0 0 0 0 0 0 0 0 0 0 0 0 0 1 13150.8 13150.8 13150.8 13150.8
-15 0 1 -15 0 1 0 0 0 0 0 -3.83995e-09 -0 0 0 -0 0 0 0 0 0 0 0 0 0 0 0 0 0 1 13150.8 13150.8 13150.8 13150.8
-15 0 1 -15 0 1 0 0 0 0 0 1.21627e-09 -0 0 0 -0 0 0 0 0 0 0 0 0 0 0 0 0 0 1 13150.8 13150.8 13150.8 13150.8
-15 0 1 -15 0 1 0 0 0 0 0 1.21627e-09 -0 0 0 -0 0 0 0 0 0 0 0 0 0 0 0 0 0 1 13150.8 13150.8 13150.8 13150.8
-15 0 1 -15 0 1 0 0 0 0 0 -3.17432e-09 -0 0 0 -0 0 0 0 0 0 0 0 0 0 0 0 0 0 1 13150.8 13150.8 13150.8 13150.8
-15 0 1 -15 0 1 0 0 0 0 0 -3.17432e-09 -0 0 0 -0 0 0 0 0 0 0 0 0 0 0 0 0 0 1 13150.8 13150.8 13150.8 13150.8
-15 0 1 -15 0 1 0 0 0 0 0 2.05038e-09 -0 0 0 -0 0 0 0 0 0 0 0 0 0 0 0 0 0 1 13150.8 13150.8 13150.8 13150.8
-15 0 1 -15 0 1 0 0 0 0 0 7.04175e-09 -0 0 0 -0 0 0 0 0 0 0 0 0 0 0 0 0 0 1 13150.8 13150.8 13150.8 13150.8
-15 0 1 -15 0 1 0 0 0 0 0 4.84907e-09 -0 0 0 -0 0 0 0 0 0 0 0 0 0 0 0 0 0 1 13150.8 13150.8 13150.8 13150.8
-15 0 1 -15 0 1 0 0 0 0 0 2.64507e-09 -0 0 0 -0 0 0 0 0 0 0 0 0 0 0 0 0 0 1 13150.8 13150.8 13150.8 13150.8
-15 0 1 -15 0 1 0 0 0 0 0 -1.70556e-09 -0 0 0 -0 0 0 0 0 0 0 0 0 0 0 0 0 0 1 13150.8 13150.8 13150.8 13150.8
-15 0 1 -15 0 1 0 0 0 0 0 -1.70556e-09 -0 0 0 -0 0 0 0 0 0 0 0 0 0 0 0 0 0 1 13150.8 13150.8 13150.8 13150.8
-15 0 1 -15 0 1 0 0 0 0 0 -3.8994e-09 -0 0 0 -0 0 0 0 0 0 0 0 0 0 0 0 0 0 1 13150.8 13150.8 13150.8 13150.8
-15 0 1 -15 0 1 0 0 0 0 0 -6.10141e-09 -0 0 0 -0 0 0 0 0 0 0 0 0 0 0 0 0 0 1 13150.8 13150.8 13150.8 13150.8
-15 0 1 -15 0 1 0 0 0 0 0 -9.73248e-10 -0 0 0 -0 0 0 0 0 0 0 0 0 0 0 0 0 0 1 13150.8 13150.8 13150.8 13150.8
-15 0 1 -15 0 1 0 0 0 0 0 4.10147e-09 -0 0 0 -0 0 0 0 0 0 0 0 0 0 0 0 0 0 1 13150.8 13150.8 13150.8 13150.8
-15 0 1 -15 0 1 0 0 0 0 0 1.84757e-09 -0 0 0 -0 0 0 0 0 0 0 0 0 0 0 0 0 0 1 13150.8 13150.8 13150.8 13150.8
-15 0 1 -15 0 1 0 0 0 0 0 -2.70242e-10 -0 0 0 -0 0 0 0 0 0 0 0 0 0 0 0 0 0 1 13150.8 13150.8 13150.8 13150.8
-15 0 1 -15 0 1 0 0 0 0 0 -4.64194e-09 -0 0 0 -0 0 0 0 0 0 0 0 0 0 0 0 0 0 1 13150.8 13150.8 13150.8 13150.8
-15 0 1 -15 0 1 0 0 0 0 0 -4.64194e-09 -0 0 0 -0 0 0 0 0 0 0 0 0 0 0 0 0 0 1 13150.8 13150.8 13150.8 13150.8
-15 0 1 -15 0 1 0 0 0 0 0 4.38699e-10 -0 0 0 -0 0 0 0 0 0 0 0 0 0 0 0 0 0 1 13150.8 13150.8 13150.8 13150.8
-15 0 1 -15 0 1 0 0 0 0 0 5.61643e-09 -0 0 0 -0 0 0 0 0 0 0 0 0 0 0 0 0 0 1 13150.8 13150.8 13150.8 13150.8
-15 0 1 -15 0 1 0 0 0 0 0 3.44964e-09 -0 0 0 -0 0 0 0 0 0 0 0 0 0 0 0 0 0 1 13150.8 13150.8 13150.8 13150.8
-15 0 1 -15 0 1 0 0 0 0 0 -9.50395e-10 -0 0 0 -0 0 0 0 0 0 0 0 0 0 0 0 0 0 1 13150.8 13150.8 13150.8 13150.8
-15 0 1 -15 0 1 0 0 0 0 0 -9.50395e-10 -0 0 0 -0 0 0 0 0 0 0 0 0 0 0 0 0 0 1 13150.8 13150.8 13150.8 13150.8
-15 0 1 -15 0 1 0 0 0 0 0 -3.14995e-09 -0 0 0 -0 0 0 0 0 0 0 0 0 0 0 0 0 0 1 13150.8 13150.8 13150.8 13150.8
-15 0 1 -15 0 1 0 0 0 0 0 -3.82264e-10 -0 0 0 -0 0 0 0 0 0 0 0 0 0 0 0 0 0 1 13150.8 13150.8 13150.8 13150.8
-15 0 1 -15 0 1 0 0 0 0 0 -2.57159e-09 -0 0 0 -0 0 0 0 0 0 0 0 0 0 0 0 0 0 1 13150.8 13150.8 13150.8 13150.8
-15 0 1 -15 0 1 0 0 0 0 0 -2.57159e-09 -0 0 0 -0 0 0 0 0 0 0 0 0 0 0 0 0 0 1 13150.8 13150.8 13150.8 13150.8
-15 0 1 -15 0 1 0 0 0 0 0 2.56454e-09 -0 0 0 -0 0 0 0 0 0 0 0 0 0 0 0 0 0 1 13150.8 13150.8 13150.8 13150.8
-15 0 1 -15 0 1 0 0 0 0 0 7.74372e-09 -0 0 0 -0 0 0 0 0 0 0 0 0 0 0 0 0 0 1 13150.8 13150.8 13150.8 13150.8
-15 0 1 -15 0 1 0 0 0 0 0 5.56614e-09 -0 0 0 -0 0 0 0 0 0 0 0 0 0 0 0 0 0 1 13150.8 13150.8 13150.8 13150.8
-15 0 1 -15 0 1 0 0 0 0 0 3.41497e-09 -0 0 0 -0 0 0 0 0 0 0 0 0 0 0 0 0 0 1 13150.8 13150.8 13150.8 13150.8
-15 0 1 -15 0 1 0 0 0 0 0 1.22274e-09 -0 0 0 -0 0 0 0 0 0 0 0 0 0 0 0 0 0 1 13150.8 13150.8 13150.8 13150.8
-15 0 1 -15 0 1 0 0 0 0 0 -9.89835e-10 -0 0 0 -0 0 0 0 0 0 0 0 0 0 0 0 0 0 1 13150.8 13150.8 13150.8 13150.8
-15 0 1 -15 0 1 0 0 0 0 0 -3.47574e-09 -0 0 0 -0 0 0 0 0 0 0 0 0 0 0 0 0 0 1 13150.8 13150.8 13150.8 13150.8
-15 0 1 -15 0 1 0 0 0 0 0 5.92402e-09 -0 0 0 -0 0 0 0 0 0 0 0 0 0 0 0 0 0 1 13150.8 13150.8 13150.8 13150.8
-15 0 1 -15 0 1 0 0 0 0 0 5.92402e-09 -0 0 0 -0 0 0 0 0 0 0 0 0 0 0 0 0 0 1 13150.8 13150.8 13150.8 13150.8
-15 0 1 -15 0 1 0 0 0 0 0 3.69535e-09 -0 0 0 -0 0 0 0 0 0 0 0 0 0 0 0 0 0 1 13150.8 13150.8 13150.8 13150.8
-15 0 1 -15 0 1 0 0 0 0 0 -6.72553e-10 -0 0 0 -0 0 0 0 0 0 0 0 0 0 0 0 0 0 1 13150.8 13150.8 13150.8 13150.8
-15 0 1 -15 0 1 0 0 0 0 0 -6.72553e-10 -0 0 0 -0 0 0 0 0 0 0 0 0 0 0 0 0 0 1 13150.8 13150.8 13150.8 13150.8
-15 0 1 -15 0 1 0 0 0 0 0 -2.86387e-09 -0 0 0 -0 0 0 0 0 0 0 0 0 0 0 0 0 0 1 13150.8 13150.8 13150.8 13150.8
-15 0 1 -15 0 1 0 0 0 0 0 5.85006e-11 -0 0 0 -0 0 0 0 0 0 0 0 0 0 0 0 0 0 1 13150.8 13150.8 13150.8 13150.8
-15 0 1 -15 0 1 0 0 0 0 0 5.85006e-11 -0 0 0 -0 0 0 0 0 0 0 0 0 0 0 0 0 0 1 13150.8 13150.8 13150.8 13150.8
-15 0 1 -15 0 1 0 0 0 0 0 -2.14101e-09 -0 0 0 -0 0 0 0 0 0 0 0 0 0 0 0 0 0 1 13150.8 13150.8 13150.8 13150.8
-15 0 1 -15 0 1 0 0 0 0 0 -4.30895e-09 -0 0 0 -0 0 0 0 0 0 0 0 0 0 0 0 0 0 1 13150.8 13150.8 13150.8 13150.8
-15 0 1 -15 0 1 0 0 0 0 0 -1.429e-09 -0 0 0 -0 0 0 0 0 0 0 0 0 0 0 0 0 0 1 13150.8 13150.8 13150.8 13150.8
-15 0 1 -15 0 1 0 0 0 0 0 -1.429e-09 -0 0 0 -0 0 0 0 0 0 0 0 0 0 0 0 0 0 1 13150.8 13150.8 13150.8 13150.8
-15 0 1 -15 0 1 0 0 0 0 0 -3.62692e-09 -0 0 0 -0 0 0 0 0 0 0 0 0 0 0 0 0 0 1 13150.8 13150.8 13150.8 13150.8
-15 0 1 -15 0 1 0 0 0 0 0 -5.80916e-09 -0 0 0 -0 0 0 0 0 0 0 0 0 0 0 0 0 0 1 13150.8 13150.8 13150.8 13150.8
-15 0 1 -15 0 1 0 0 0 0 0 4.35885e-09 -0 0 0 -0 0 0 0 0 0 0 0 0 0 0 0 0 0 1 13150.8 13150.8 13150.8 13150.8
-15 0 1 -15 0 1 0 0 0 0 0 2.15143e-09 -0 0 0 -0 0 0 0 0 0 0 0 0 0 0 0 0 0 1 13150.8 13150.8 13150.8 13150.8
-15 0 1 -15 0 1 0 0 0 0 0 2.15143e-09 -0 0 0 -0 0 0 0 0 0 0 0 0 0 0 0 0 0 1 13150.8 13150.8 13150.8 13150.8
-15 0 1 -15 0 1 0 0 0 0 0 -3.44236e-11 -0 0 0 -0 0 0 0 0 0 0 0 0 0 0 0 0 0 1 13150.8 13150.8 13150.8 13150.8
-15 0 1 -15 0 1 0 0 0 0 0 -2.23329e-09 -0 0 0 -0 0 0 0 0 0 0 0 0 0 0 0 0 0 1 13150.8 13150.8 13150.8 13150.8
-15 0 1 -15 0 1 0 0 0 0 0 -4.39227e-09 -0 0 0 -0 0 0 0 0 0 0 0 0 0 0 0 0 0 1 13150.8 13150.8 13150.8 13150.8
-15 0 1 -15 0 1 0 0 0 0 0 7.76603e-10 -0 0 0 -0 0 0 0 0 0 0 0 0 0 0 0 0 0 1 13150.8 13150.8 13150.8 13150.8
-15 0 1 -15 0 1 0 0 0 0 0 5.82241e-09 -0 0 0 -0 0 0 0 0 0 0 0 0 0 0 0 0 0 1 13150.8 13150.8 13150.8 13150.8
-15 0 1 -15 0 1 0 0 0 0 0 3.62225e-09 -0 0 0 -0 0 0 0 0 0 0 0 0 0 0 0 0 0 1 13150.8 13150.8 13150.8 13150.8
-15 0 1 -15 0 1 0 0 0 0 0 -7.37482e-10 -0 0 0 -0 0 0 0 0 0 0 0 0 0 0 0 0 0 1 13150.8 13150.8 13150.8 13150.8
-15 0 1 -15 0 1 0 0 0 0 0 -2.93332e-09 -0 0 0 -0 0 0 0 0 0 0 0 0 0 0 0 0 0 1 13150.8 13150.8 13150.8 13150.8
-15 0 1 -15 0 1 0 0 0 0 0 -2.93332e-09 -0 0 0 -0 0 0 0 0 0 0 0 0 0 0 0 0 0 1 13150.8 13150.8 13150.8 13150.8
-15 0 1 -15 0 1 0 0 0 0 0 2.15971e-09 -0 0 0 -0 0 0 0 0 0 0 0 0 0 0 0 0 0 1 13150.8 13150.8 13150.8 13150.8
-15 0 1 -15 0 1 0 0 0 0 0 7.26373e-09 -0 0 0 -0 0 0 0 0 0 0 0 0 0 0 0 0 0 1 13150.8 13150.8 13150.8 13150.8
-15 0 1 -15 0 1 0 0 0 0 0 5.08231e-09 -0 0 0 -0 0 0 0 0 0 0 0 0 0 0 0 0 0 1 13150.8 13150.8 13150.8 13150.8
-15 0 1 -15 0 1 0 0 0 0 0 7.05832e-10 -0 0 0 -0 0 0 0 0 0 0 0 0 0 0 0 0 0 1 13150.8 13150.8 13150.8 13150.8
-15 0 1 -15 0 1 0 0 0 0 0 7.05832e-10 -0 0 0 -0 0 0 0 0 0 0 0 0 0 0 0 0 0 1 13150.8 13150.8 13150.8 13150.8
-15 0 1 -15 0 1 0 0 0 0 0 -3.68241e-09 -0 0 0 -0 0 0 0 0 0 0 0 0 0 0 0 0 0 1 13150.8 13150.8 13150.8 13150.8
-15 0 1 -15 0 1 0 0 0 0 0 -3.68241e-09 -0 0 0 -0 0 0 0 0 0 0 0 0 0 0 0 0 0 1 13150.8 13150.8 13150.8 13150.8
-15 0 1 -15 0 1 0 0 0 0 0 1.54076e-09 -0 0 0 -0 0 0 0 0 0 0 0 0 0 0 0 0 0 1 13150.8 13150.8 13150.8 13150.8
-15 0 1 -15 0 1 0 0 0 0 0 4.35589e-09 -0 0 0 -0 0 0 0 0 0 0 0 0 0 0 0 0 0 1 13150.8 13150.8 13150.8 13150.8
-15 0 1 -15 0 1 0 0 0 0 0 4.35589e-09 -0 0 0 -0 0 0 0 0 0 0 0 0 0 0 0 0 0 1 13150.8 13150.8 13150.8 13150.8
-15 0 1 -15 0 1 0 0 0 0 0 2.15161e-09 -0 0 0 -0 0 0 0 0 0 0 0 0 0 0 0 0 0 1 13150.8 13150.8 13150.8 13150.8
-15 0 1 -15 0 1 0 0 0 0 0 -3.57959e-11 -0 0 0 -0 0 0 0 0 0 0 0 0 0 0 0 0 0 1 13150.8 13150.8 13150.8 13150.8
-15 0 1 -15 0 1 0 0 0 0 0 -2.21466e-09 -0 0 0 -0 0 0 0 0 0 0 0 0 0 0 0 0 0 1 13150.8 13150.8 13150.8 13150.8
-15 0 1 -15 0 1 0 0 0 0 0 -4.40724e-09 -0 0 0 -0 0 0 0 0 0 0 0 0 0 0 0 0 0 1 13150.8 13150.8 13150.8 13150.8
-15 0 1 -15 0 1 0 0 0 0 0 -6.60971e-09 -0 0 0 -0 0 0 0 0 0 0 0 0 0 0 0 0 0 1 13150.8 13150.8 13150.8 13150.8
-15 0 1 -15 0 1 0 0 0 0 0 -1.48216e-09 -0 0 0 -0 0 0 0 0 0 0 0 0 0 0 0 0 0 1 13150.8 13150.8 13150.8 13150.8
-15 0 1 -15 0 1 0 0 0 0 0 3.58671e-09 -0 0 0 -0 0 0 0 0 0 0 0 0 0 0 0 0 0 1 13150.8 13150.8 13150.8 13150.8
-15 0 1 -15 0 1 0 0 0 0 0 -7.80196e-10 -0 0 0 -0 0 0 0 0 0 0 0 0 0 0 0 0 0 1 13150.8 13150.8 13150.8 13150.8
-15 0 1 -15 0 1 0 0 0 0 0 -2.96217e-09 -0 0 0 -0 0 0 0 0 0 0 0 0 0 0 0 0 0 1 13150.8 13150.8 13150.8 13150.8
-15 0 1 -15 0 1 0 0 0 0 0 -2.96217e-09 -0 0 0 -0 0 0 0 0 0 0 0 0 0 0 0 0 0 1 13150.8 13150.8 13150.8 13150.8
-15 0 1 -15 0 1 0 0 0 0 0 2.11819e-09 -0 0 0 -0 0 0 0 0 0 0 0 0 0 0 0 0 0 1 13150.8 13150.8 13150.8 13150.8
-15 0 1 -15 0 1 0 0 0 0 0 7.21983e-09 -0 0 0 -0 0 0 0 0 0 0 0 0 0 0 0 0 0 1 13150.8 13150.8 13150.8 13150.8
-15 0 1 -15 0 1 0 0 0 0 0 4.99036e-09 -0 0 0 -0 0 0 0 0 0 0 0 0 0 0 0 0 0 1 13150.8 13150.8 13150.8 13150.8
-15 0 1 -15 0 1 0 0 0 0 0 2.82514e-09 -0 0 0 -0 0 0 0 0 0 0 0 0 0 0 0 0 0 1 13150.8 13150.8 13150.8 13150.8
-15 0 1 -15 0 1 0 0 0 0 0 6.25684e-10 -0 0 0 -0 0 0 0 0 0 0 0 0 0 0 0 0 0 1 13150.8 13150.8 13150.8 13150.8
-15 0 1 -15 0 1 0 0 0 0 0 -1.53648e-09 -0 0 0 -0 0 0 0 0 0 0 0 0 0 0 0 0 0 1 13150.8 13150.8 13150.8 13150.8
-15 0 1 -15 0 1 0 0 0 0 0 -3.73394e-09 -0 0 0 -0 0 0 0 0 0 0 0 0 0 0 0 0 0 1 13150.8 13150.8 13150.8 13150.8
-15 0 1 -15 0 1 0 0 0 0 0 -5.92336e-09 -0 0 0 -0 0 0 0 0 0 0 0 0 0 0 0 0 0 1 13150.8 13150.8 13150.8 13150.8
-15 0 1 -15 0 1 0 0 0 0 0 -8.42911e-10 -0 0 0 -0 0 0 0 0 0 0 0 0 0 0 0 0 0 1 13150.8 13150.8 13150.8 13150.8
-15 0 1 -15 0 1 0 0 0 0 0 4.24986e-09 -0 0 0 -0 0 0 0 0 0 0 0 0 0 0 0 0 0 1 13150.8 13150.8 13150.8 13150.8
-15 0 1 -15 0 1 0 0 0 0 0 2.04718e-09 -0 0 0 -0 0 0 0 0 0 0 0 0 0 0 0 0 0 1 13150.8 13150.8 13150.8 13150.8
-15 0 1 -15 0 1 0 0 0 0 0 -2.12499e-10 -0 0 0 -0 0 0 0 0 0 0 0 0 0 0 0 0 0 1 13150.8 13150.8 13150.8 13150.8
-15 0 1 -15 0 1 0 0 0 0 0 -2.34215e-09 -0 0 0 -0 0 0 0 0 0 0 0 0 0 0 0 0 0 1 13150.8 13150.8 13150.8 13150.8
-15 0 1 -15 0 1 0 0 0 0 0 -4.5626e-09 -0 0 0 -0 0 0 0 0 0 0 0 0 0 0 0 0 0 1 13150.8 13150.8 13150.8 13150.8
-15 0 1 -15 0 1 0 0 0 0 0 5.3208e-10 -0 0 0 -0 0 0 0 0 0 0 0 0 0 0 0 0 0 1 13150.8 13150.8 13150.8 13150.8
-15 0 1 -15 0 1 0 0 0 0 0 6.14775e-09 -0 0 0 -0 0 0 0 0 0 0 0 0 0 0 0 0 0 1 13150.8 13150.8 13150.8 13150.8
